-- phpMyAdmin SQL Dump
-- version 4.0.4.1
-- http://www.phpmyadmin.net
--
-- Máquina: localhost
-- Data de Criação: 16-Fev-2016 às 05:29
-- Versão do servidor: 5.5.31
-- versão do PHP: 5.4.19

SET SQL_MODE = "NO_AUTO_VALUE_ON_ZERO";
SET time_zone = "+00:00";


/*!40101 SET @OLD_CHARACTER_SET_CLIENT=@@CHARACTER_SET_CLIENT */;
/*!40101 SET @OLD_CHARACTER_SET_RESULTS=@@CHARACTER_SET_RESULTS */;
/*!40101 SET @OLD_COLLATION_CONNECTION=@@COLLATION_CONNECTION */;
/*!40101 SET NAMES utf8 */;

--
-- Base de Dados: `demandou-prod`
--
CREATE DATABASE IF NOT EXISTS `demandou-prod` DEFAULT CHARACTER SET latin1 COLLATE latin1_swedish_ci;
USE `demandou-prod`;

-- --------------------------------------------------------

--
-- Estrutura da tabela `ci_sessions`
--

CREATE TABLE IF NOT EXISTS `ci_sessions` (
  `id` varchar(40) NOT NULL,
  `ip_address` varchar(45) NOT NULL,
  `timestamp` int(10) unsigned NOT NULL DEFAULT '0',
  `data` blob NOT NULL,
  PRIMARY KEY (`id`),
  KEY `ci_sessions_timestamp` (`timestamp`)
) ENGINE=InnoDB DEFAULT CHARSET=latin1;

--
-- Extraindo dados da tabela `ci_sessions`
--

INSERT INTO `ci_sessions` (`id`, `ip_address`, `timestamp`, `data`) VALUES
('005e4cfab65ff6e188f8880da57dfc4120a8ff35', '::1', 1455596895, 0x5f5f63695f6c6173745f726567656e65726174657c693a313435353539363634373b636f6469676f5f7573756172696f7c733a313a2236223b6c6f67696e7c733a363a226e656e65746f223b6e6f6d657c733a373a22416e746f6e696f223b736f6272656e6f6d657c733a343a224e65746f223b636f6469676f5f70657266696c7c733a313a2232223b636f6469676f5f7374617475737c733a313a2231223b6172717569766f5f6176617461727c733a31303a226e656e65746f2e6a7067223b6c6f6761646f7c623a313b676572656e636961725f70726f6a65746f2d327c613a313a7b733a31343a22636f6469676f5f70726f6a65746f223b733a313a2232223b7d676572656e636961725f746172656661732d327c613a313a7b733a31343a22636f6469676f5f70726f6a65746f223b733a313a2232223b7d676572656e636961725f70726f6a65746f2d317c613a313a7b733a31343a22636f6469676f5f70726f6a65746f223b733a313a2231223b7d676572656e636961725f746172656661732d317c613a313a7b733a31343a22636f6469676f5f70726f6a65746f223b733a313a2231223b7d676572656e636961725f70726f6a65746f2d357c613a313a7b733a31343a22636f6469676f5f70726f6a65746f223b733a313a2235223b7d676572656e636961725f746172656661732d357c613a313a7b733a31343a22636f6469676f5f70726f6a65746f223b733a313a2235223b7d676572656e636961725f70726f6a65746f2d337c613a313a7b733a31343a22636f6469676f5f70726f6a65746f223b733a313a2233223b7d676572656e636961725f746172656661732d337c613a313a7b733a31343a22636f6469676f5f70726f6a65746f223b733a313a2233223b7d),
('01f3b5f2d3460dda63f91fa4b7102c271aea5ab4', '192.168.0.12', 1455415348, 0x5f5f63695f6c6173745f726567656e65726174657c693a313435353431353231383b636f6469676f5f7573756172696f7c733a313a2236223b6c6f67696e7c733a363a226e656e65746f223b6e6f6d657c733a373a22416e746f6e696f223b736f6272656e6f6d657c733a343a224e65746f223b636f6469676f5f70657266696c7c733a313a2232223b636f6469676f5f7374617475737c733a313a2231223b6172717569766f5f6176617461727c733a31303a226e656e65746f2e6a7067223b6c6f6761646f7c623a313b676572656e636961725f70726f6a65746f2d317c613a313a7b733a31343a22636f6469676f5f70726f6a65746f223b733a313a2231223b7d676572656e636961725f746172656661732d317c613a313a7b733a31343a22636f6469676f5f70726f6a65746f223b733a313a2231223b7d),
('021c3dd14dc1c8bced584f7cf29f9e0431a8386a', '::1', 1455417869, 0x5f5f63695f6c6173745f726567656e65726174657c693a313435353431373834313b),
('0aee59702df92ac11a4831b7ea378dcb9d76cb23', '192.168.0.12', 1455419311, 0x5f5f63695f6c6173745f726567656e65726174657c693a313435353431393030343b636f6469676f5f7573756172696f7c733a313a2236223b6c6f67696e7c733a363a226e656e65746f223b6e6f6d657c733a373a22416e746f6e696f223b736f6272656e6f6d657c733a343a224e65746f223b636f6469676f5f70657266696c7c733a313a2232223b636f6469676f5f7374617475737c733a313a2231223b6172717569766f5f6176617461727c733a31303a226e656e65746f2e6a7067223b6c6f6761646f7c623a313b676572656e636961725f70726f6a65746f2d317c613a313a7b733a31343a22636f6469676f5f70726f6a65746f223b733a313a2231223b7d676572656e636961725f746172656661732d317c613a313a7b733a31343a22636f6469676f5f70726f6a65746f223b733a313a2231223b7d),
('0e36e1a2a94e2d67666ef886453733571db7331d', '::1', 1455585763, 0x5f5f63695f6c6173745f726567656e65726174657c693a313435353538353530393b636f6469676f5f7573756172696f7c733a313a2236223b6c6f67696e7c733a363a226e656e65746f223b6e6f6d657c733a373a22416e746f6e696f223b736f6272656e6f6d657c733a343a224e65746f223b636f6469676f5f70657266696c7c733a313a2232223b636f6469676f5f7374617475737c733a313a2231223b6172717569766f5f6176617461727c733a31303a226e656e65746f2e6a7067223b6c6f6761646f7c623a313b676572656e636961725f70726f6a65746f2d327c613a313a7b733a31343a22636f6469676f5f70726f6a65746f223b733a313a2232223b7d676572656e636961725f746172656661732d327c613a313a7b733a31343a22636f6469676f5f70726f6a65746f223b733a313a2232223b7d676572656e636961725f70726f6a65746f2d317c613a313a7b733a31343a22636f6469676f5f70726f6a65746f223b733a313a2231223b7d676572656e636961725f746172656661732d317c613a313a7b733a31343a22636f6469676f5f70726f6a65746f223b733a313a2231223b7d676572656e636961725f70726f6a65746f2d357c613a313a7b733a31343a22636f6469676f5f70726f6a65746f223b733a313a2235223b7d676572656e636961725f746172656661732d357c613a313a7b733a31343a22636f6469676f5f70726f6a65746f223b733a313a2235223b7d676572656e636961725f70726f6a65746f2d337c613a313a7b733a31343a22636f6469676f5f70726f6a65746f223b733a313a2233223b7d676572656e636961725f746172656661732d337c613a313a7b733a31343a22636f6469676f5f70726f6a65746f223b733a313a2233223b7d),
('0eff2d24698edc20ea9176637fa5c63473065f50', '::1', 1455415222, 0x5f5f63695f6c6173745f726567656e65726174657c693a313435353431353232323b),
('14a057ea557f67768b1a94a2be8e6b4e22425073', '192.168.0.12', 1455418565, 0x5f5f63695f6c6173745f726567656e65726174657c693a313435353431383336323b636f6469676f5f7573756172696f7c733a313a2236223b6c6f67696e7c733a363a226e656e65746f223b6e6f6d657c733a373a22416e746f6e696f223b736f6272656e6f6d657c733a343a224e65746f223b636f6469676f5f70657266696c7c733a313a2232223b636f6469676f5f7374617475737c733a313a2231223b6172717569766f5f6176617461727c733a31303a226e656e65746f2e6a7067223b6c6f6761646f7c623a313b676572656e636961725f70726f6a65746f2d317c613a313a7b733a31343a22636f6469676f5f70726f6a65746f223b733a313a2231223b7d676572656e636961725f746172656661732d317c613a313a7b733a31343a22636f6469676f5f70726f6a65746f223b733a313a2231223b7d),
('15121b0c2badc38efdccc3b7b1d3c1d37369d859', '::1', 1455596193, 0x5f5f63695f6c6173745f726567656e65726174657c693a313435353539353830333b636f6469676f5f7573756172696f7c733a313a2236223b6c6f67696e7c733a363a226e656e65746f223b6e6f6d657c733a373a22416e746f6e696f223b736f6272656e6f6d657c733a343a224e65746f223b636f6469676f5f70657266696c7c733a313a2232223b636f6469676f5f7374617475737c733a313a2231223b6172717569766f5f6176617461727c733a31303a226e656e65746f2e6a7067223b6c6f6761646f7c623a313b676572656e636961725f70726f6a65746f2d327c613a313a7b733a31343a22636f6469676f5f70726f6a65746f223b733a313a2232223b7d676572656e636961725f746172656661732d327c613a313a7b733a31343a22636f6469676f5f70726f6a65746f223b733a313a2232223b7d676572656e636961725f70726f6a65746f2d317c613a313a7b733a31343a22636f6469676f5f70726f6a65746f223b733a313a2231223b7d676572656e636961725f746172656661732d317c613a313a7b733a31343a22636f6469676f5f70726f6a65746f223b733a313a2231223b7d676572656e636961725f70726f6a65746f2d357c613a313a7b733a31343a22636f6469676f5f70726f6a65746f223b733a313a2235223b7d676572656e636961725f746172656661732d357c613a313a7b733a31343a22636f6469676f5f70726f6a65746f223b733a313a2235223b7d676572656e636961725f70726f6a65746f2d337c613a313a7b733a31343a22636f6469676f5f70726f6a65746f223b733a313a2233223b7d676572656e636961725f746172656661732d337c613a313a7b733a31343a22636f6469676f5f70726f6a65746f223b733a313a2233223b7d),
('15125ad1cd5e467b5575ef3b013b9f71a08c93ba', '::1', 1455584503, 0x5f5f63695f6c6173745f726567656e65726174657c693a313435353538343030383b636f6469676f5f7573756172696f7c733a313a2236223b6c6f67696e7c733a363a226e656e65746f223b6e6f6d657c733a373a22416e746f6e696f223b736f6272656e6f6d657c733a343a224e65746f223b636f6469676f5f70657266696c7c733a313a2232223b636f6469676f5f7374617475737c733a313a2231223b6172717569766f5f6176617461727c733a31303a226e656e65746f2e6a7067223b6c6f6761646f7c623a313b676572656e636961725f70726f6a65746f2d327c613a313a7b733a31343a22636f6469676f5f70726f6a65746f223b733a313a2232223b7d676572656e636961725f746172656661732d327c613a313a7b733a31343a22636f6469676f5f70726f6a65746f223b733a313a2232223b7d676572656e636961725f70726f6a65746f2d317c613a313a7b733a31343a22636f6469676f5f70726f6a65746f223b733a313a2231223b7d676572656e636961725f746172656661732d317c613a313a7b733a31343a22636f6469676f5f70726f6a65746f223b733a313a2231223b7d676572656e636961725f70726f6a65746f2d357c613a313a7b733a31343a22636f6469676f5f70726f6a65746f223b733a313a2235223b7d676572656e636961725f746172656661732d357c613a313a7b733a31343a22636f6469676f5f70726f6a65746f223b733a313a2235223b7d676572656e636961725f70726f6a65746f2d337c613a313a7b733a31343a22636f6469676f5f70726f6a65746f223b733a313a2233223b7d676572656e636961725f746172656661732d337c613a313a7b733a31343a22636f6469676f5f70726f6a65746f223b733a313a2233223b7d),
('151dddfc6467e3fb6f8b2212621ad5e3b3f9b4d9', '192.168.0.16', 1455411549, 0x5f5f63695f6c6173745f726567656e65726174657c693a313435353431313235353b636f6469676f5f7573756172696f7c733a313a2236223b6c6f67696e7c733a363a226e656e65746f223b6e6f6d657c733a373a22416e746f6e696f223b736f6272656e6f6d657c733a343a224e65746f223b636f6469676f5f70657266696c7c733a313a2232223b636f6469676f5f7374617475737c733a313a2231223b6172717569766f5f6176617461727c733a31303a226e656e65746f2e6a7067223b6c6f6761646f7c623a313b676572656e636961725f70726f6a65746f2d317c613a313a7b733a31343a22636f6469676f5f70726f6a65746f223b733a313a2231223b7d676572656e636961725f746172656661732d317c613a313a7b733a31343a22636f6469676f5f70726f6a65746f223b733a313a2231223b7d),
('169fd40d633ff925e4687cccaf6cc48760bdd65b', '::1', 1455592672, 0x5f5f63695f6c6173745f726567656e65726174657c693a313435353539323133373b636f6469676f5f7573756172696f7c733a313a2236223b6c6f67696e7c733a363a226e656e65746f223b6e6f6d657c733a373a22416e746f6e696f223b736f6272656e6f6d657c733a343a224e65746f223b636f6469676f5f70657266696c7c733a313a2232223b636f6469676f5f7374617475737c733a313a2231223b6172717569766f5f6176617461727c733a31303a226e656e65746f2e6a7067223b6c6f6761646f7c623a313b676572656e636961725f70726f6a65746f2d327c613a313a7b733a31343a22636f6469676f5f70726f6a65746f223b733a313a2232223b7d676572656e636961725f746172656661732d327c613a313a7b733a31343a22636f6469676f5f70726f6a65746f223b733a313a2232223b7d676572656e636961725f70726f6a65746f2d317c613a313a7b733a31343a22636f6469676f5f70726f6a65746f223b733a313a2231223b7d676572656e636961725f746172656661732d317c613a313a7b733a31343a22636f6469676f5f70726f6a65746f223b733a313a2231223b7d676572656e636961725f70726f6a65746f2d357c613a313a7b733a31343a22636f6469676f5f70726f6a65746f223b733a313a2235223b7d676572656e636961725f746172656661732d357c613a313a7b733a31343a22636f6469676f5f70726f6a65746f223b733a313a2235223b7d676572656e636961725f70726f6a65746f2d337c613a313a7b733a31343a22636f6469676f5f70726f6a65746f223b733a313a2233223b7d676572656e636961725f746172656661732d337c613a313a7b733a31343a22636f6469676f5f70726f6a65746f223b733a313a2233223b7d),
('197b1a9187a63d1ed880e8922ccb39f2c008bb33', '::1', 1455584005, 0x5f5f63695f6c6173745f726567656e65726174657c693a313435353538333531373b636f6469676f5f7573756172696f7c733a313a2236223b6c6f67696e7c733a363a226e656e65746f223b6e6f6d657c733a373a22416e746f6e696f223b736f6272656e6f6d657c733a343a224e65746f223b636f6469676f5f70657266696c7c733a313a2232223b636f6469676f5f7374617475737c733a313a2231223b6172717569766f5f6176617461727c733a31303a226e656e65746f2e6a7067223b6c6f6761646f7c623a313b676572656e636961725f70726f6a65746f2d327c613a313a7b733a31343a22636f6469676f5f70726f6a65746f223b733a313a2232223b7d676572656e636961725f746172656661732d327c613a313a7b733a31343a22636f6469676f5f70726f6a65746f223b733a313a2232223b7d676572656e636961725f70726f6a65746f2d317c613a313a7b733a31343a22636f6469676f5f70726f6a65746f223b733a313a2231223b7d676572656e636961725f746172656661732d317c613a313a7b733a31343a22636f6469676f5f70726f6a65746f223b733a313a2231223b7d676572656e636961725f70726f6a65746f2d357c613a313a7b733a31343a22636f6469676f5f70726f6a65746f223b733a313a2235223b7d676572656e636961725f746172656661732d357c613a313a7b733a31343a22636f6469676f5f70726f6a65746f223b733a313a2235223b7d676572656e636961725f70726f6a65746f2d337c613a313a7b733a31343a22636f6469676f5f70726f6a65746f223b733a313a2233223b7d676572656e636961725f746172656661732d337c613a313a7b733a31343a22636f6469676f5f70726f6a65746f223b733a313a2233223b7d),
('199f702bad938584854b82191234b36fe7366933', '::1', 1455573469, 0x5f5f63695f6c6173745f726567656e65726174657c693a313435353537333136393b636f6469676f5f7573756172696f7c733a313a2236223b6c6f67696e7c733a363a226e656e65746f223b6e6f6d657c733a373a22416e746f6e696f223b736f6272656e6f6d657c733a343a224e65746f223b636f6469676f5f70657266696c7c733a313a2232223b636f6469676f5f7374617475737c733a313a2231223b6172717569766f5f6176617461727c733a31303a226e656e65746f2e6a7067223b6c6f6761646f7c623a313b676572656e636961725f70726f6a65746f2d327c613a313a7b733a31343a22636f6469676f5f70726f6a65746f223b733a313a2232223b7d676572656e636961725f746172656661732d327c613a313a7b733a31343a22636f6469676f5f70726f6a65746f223b733a313a2232223b7d676572656e636961725f70726f6a65746f2d317c613a313a7b733a31343a22636f6469676f5f70726f6a65746f223b733a313a2231223b7d676572656e636961725f746172656661732d317c613a313a7b733a31343a22636f6469676f5f70726f6a65746f223b733a313a2231223b7d676572656e636961725f70726f6a65746f2d337c613a313a7b733a31343a22636f6469676f5f70726f6a65746f223b733a313a2233223b7d676572656e636961725f746172656661732d337c613a313a7b733a31343a22636f6469676f5f70726f6a65746f223b733a313a2233223b7d),
('1dd29f8ad1e0f61180f8a18d2413cb0d09d2b38b', '192.168.0.12', 1455410303, 0x5f5f63695f6c6173745f726567656e65726174657c693a313435353431303239333b636f6469676f5f7573756172696f7c733a313a2236223b6c6f67696e7c733a363a226e656e65746f223b6e6f6d657c733a373a22416e746f6e696f223b736f6272656e6f6d657c733a343a224e65746f223b636f6469676f5f70657266696c7c733a313a2232223b636f6469676f5f7374617475737c733a313a2231223b6172717569766f5f6176617461727c733a31303a226e656e65746f2e6a7067223b6c6f6761646f7c623a313b),
('1e78834c479955b47b425e9320bf8debb5dc5619', '::1', 1455423551, 0x5f5f63695f6c6173745f726567656e65726174657c693a313435353432333235363b636f6469676f5f7573756172696f7c733a313a2236223b6c6f67696e7c733a363a226e656e65746f223b6e6f6d657c733a373a22416e746f6e696f223b736f6272656e6f6d657c733a343a224e65746f223b636f6469676f5f70657266696c7c733a313a2232223b636f6469676f5f7374617475737c733a313a2231223b6172717569766f5f6176617461727c733a31303a226e656e65746f2e6a7067223b6c6f6761646f7c623a313b676572656e636961725f70726f6a65746f2d317c613a313a7b733a31343a22636f6469676f5f70726f6a65746f223b733a313a2231223b7d676572656e636961725f746172656661732d317c613a313a7b733a31343a22636f6469676f5f70726f6a65746f223b733a313a2231223b7d),
('1eb0024de88ac9ab09cf869467f87fa273332b5c', '::1', 1455424150, 0x5f5f63695f6c6173745f726567656e65726174657c693a313435353432333839373b636f6469676f5f7573756172696f7c733a313a2236223b6c6f67696e7c733a363a226e656e65746f223b6e6f6d657c733a373a22416e746f6e696f223b736f6272656e6f6d657c733a343a224e65746f223b636f6469676f5f70657266696c7c733a313a2232223b636f6469676f5f7374617475737c733a313a2231223b6172717569766f5f6176617461727c733a31303a226e656e65746f2e6a7067223b6c6f6761646f7c623a313b676572656e636961725f70726f6a65746f2d317c613a313a7b733a31343a22636f6469676f5f70726f6a65746f223b733a313a2231223b7d676572656e636961725f746172656661732d317c613a313a7b733a31343a22636f6469676f5f70726f6a65746f223b733a313a2231223b7d676572656e636961725f70726f6a65746f2d327c613a313a7b733a31343a22636f6469676f5f70726f6a65746f223b733a313a2232223b7d676572656e636961725f746172656661732d327c613a313a7b733a31343a22636f6469676f5f70726f6a65746f223b733a313a2232223b7d),
('1f348ac5d81e73c3c8b49914aa3ebfe8fae0ddf1', '::1', 1455593942, 0x5f5f63695f6c6173745f726567656e65726174657c693a313435353539333639323b636f6469676f5f7573756172696f7c733a313a2236223b6c6f67696e7c733a363a226e656e65746f223b6e6f6d657c733a373a22416e746f6e696f223b736f6272656e6f6d657c733a343a224e65746f223b636f6469676f5f70657266696c7c733a313a2232223b636f6469676f5f7374617475737c733a313a2231223b6172717569766f5f6176617461727c733a31303a226e656e65746f2e6a7067223b6c6f6761646f7c623a313b676572656e636961725f70726f6a65746f2d327c613a313a7b733a31343a22636f6469676f5f70726f6a65746f223b733a313a2232223b7d676572656e636961725f746172656661732d327c613a313a7b733a31343a22636f6469676f5f70726f6a65746f223b733a313a2232223b7d676572656e636961725f70726f6a65746f2d317c613a313a7b733a31343a22636f6469676f5f70726f6a65746f223b733a313a2231223b7d676572656e636961725f746172656661732d317c613a313a7b733a31343a22636f6469676f5f70726f6a65746f223b733a313a2231223b7d676572656e636961725f70726f6a65746f2d357c613a313a7b733a31343a22636f6469676f5f70726f6a65746f223b733a313a2235223b7d676572656e636961725f746172656661732d357c613a313a7b733a31343a22636f6469676f5f70726f6a65746f223b733a313a2235223b7d676572656e636961725f70726f6a65746f2d337c613a313a7b733a31343a22636f6469676f5f70726f6a65746f223b733a313a2233223b7d676572656e636961725f746172656661732d337c613a313a7b733a31343a22636f6469676f5f70726f6a65746f223b733a313a2233223b7d),
('1f39b6b98f4f20dfd0ee6edecd08da0432cd1514', '::1', 1455589560, 0x5f5f63695f6c6173745f726567656e65726174657c693a313435353538393533363b6c6f6761646f7c623a313b636f6469676f5f7573756172696f7c733a313a2238223b6c6f67696e7c733a343a2276696e69223b6e6f6d657c733a383a2256696e6963697573223b736f6272656e6f6d657c733a383a224d6f6e746569726f223b636f6469676f5f70657266696c7c733a313a2231223b636f6469676f5f7374617475737c733a313a2231223b6172717569766f5f6176617461727c733a31323a2276696e69636975732e6a7067223b),
('1f723f69bdcd5ec71a64b30ef09b0b8dde3c6e03', '::1', 1455579328, 0x5f5f63695f6c6173745f726567656e65726174657c693a313435353537393037303b636f6469676f5f7573756172696f7c733a313a2236223b6c6f67696e7c733a363a226e656e65746f223b6e6f6d657c733a373a22416e746f6e696f223b736f6272656e6f6d657c733a343a224e65746f223b636f6469676f5f70657266696c7c733a313a2232223b636f6469676f5f7374617475737c733a313a2231223b6172717569766f5f6176617461727c733a31303a226e656e65746f2e6a7067223b6c6f6761646f7c623a313b676572656e636961725f70726f6a65746f2d327c613a313a7b733a31343a22636f6469676f5f70726f6a65746f223b733a313a2232223b7d676572656e636961725f746172656661732d327c613a313a7b733a31343a22636f6469676f5f70726f6a65746f223b733a313a2232223b7d676572656e636961725f70726f6a65746f2d317c613a313a7b733a31343a22636f6469676f5f70726f6a65746f223b733a313a2231223b7d676572656e636961725f746172656661732d317c613a313a7b733a31343a22636f6469676f5f70726f6a65746f223b733a313a2231223b7d676572656e636961725f70726f6a65746f2d337c613a313a7b733a31343a22636f6469676f5f70726f6a65746f223b733a313a2233223b7d676572656e636961725f746172656661732d337c613a313a7b733a31343a22636f6469676f5f70726f6a65746f223b733a313a2233223b7d676572656e636961725f70726f6a65746f2d347c613a313a7b733a31343a22636f6469676f5f70726f6a65746f223b733a313a2234223b7d676572656e636961725f746172656661732d347c613a313a7b733a31343a22636f6469676f5f70726f6a65746f223b733a313a2234223b7d61646963696f6e61725f616f5f70726f6a65746f7c613a313a7b733a31343a22636f6469676f5f70726f6a65746f223b693a353b7d5f5f63695f766172737c613a313a7b733a32303a2261646963696f6e61725f616f5f70726f6a65746f223b733a333a226f6c64223b7d676572656e636961725f70726f6a65746f2d357c613a313a7b733a31343a22636f6469676f5f70726f6a65746f223b733a313a2235223b7d676572656e636961725f746172656661732d357c613a313a7b733a31343a22636f6469676f5f70726f6a65746f223b733a313a2235223b7d),
('1f8cd97118542c6ece0d504dc753209bf38b635f', '::1', 1455587051, 0x5f5f63695f6c6173745f726567656e65726174657c693a313435353538363831363b636f6469676f5f7573756172696f7c733a313a2236223b6c6f67696e7c733a363a226e656e65746f223b6e6f6d657c733a373a22416e746f6e696f223b736f6272656e6f6d657c733a343a224e65746f223b636f6469676f5f70657266696c7c733a313a2232223b636f6469676f5f7374617475737c733a313a2231223b6172717569766f5f6176617461727c733a31303a226e656e65746f2e6a7067223b6c6f6761646f7c623a313b676572656e636961725f70726f6a65746f2d327c613a313a7b733a31343a22636f6469676f5f70726f6a65746f223b733a313a2232223b7d676572656e636961725f746172656661732d327c613a313a7b733a31343a22636f6469676f5f70726f6a65746f223b733a313a2232223b7d676572656e636961725f70726f6a65746f2d317c613a313a7b733a31343a22636f6469676f5f70726f6a65746f223b733a313a2231223b7d676572656e636961725f746172656661732d317c613a313a7b733a31343a22636f6469676f5f70726f6a65746f223b733a313a2231223b7d676572656e636961725f70726f6a65746f2d357c613a313a7b733a31343a22636f6469676f5f70726f6a65746f223b733a313a2235223b7d676572656e636961725f746172656661732d357c613a313a7b733a31343a22636f6469676f5f70726f6a65746f223b733a313a2235223b7d676572656e636961725f70726f6a65746f2d337c613a313a7b733a31343a22636f6469676f5f70726f6a65746f223b733a313a2233223b7d676572656e636961725f746172656661732d337c613a313a7b733a31343a22636f6469676f5f70726f6a65746f223b733a313a2233223b7d),
('1fb97322ef2af7f73e21c4a7637fa9e8ecdec063', '::1', 1455586754, 0x5f5f63695f6c6173745f726567656e65726174657c693a313435353538363437383b636f6469676f5f7573756172696f7c733a313a2236223b6c6f67696e7c733a363a226e656e65746f223b6e6f6d657c733a373a22416e746f6e696f223b736f6272656e6f6d657c733a343a224e65746f223b636f6469676f5f70657266696c7c733a313a2232223b636f6469676f5f7374617475737c733a313a2231223b6172717569766f5f6176617461727c733a31303a226e656e65746f2e6a7067223b6c6f6761646f7c623a313b676572656e636961725f70726f6a65746f2d327c613a313a7b733a31343a22636f6469676f5f70726f6a65746f223b733a313a2232223b7d676572656e636961725f746172656661732d327c613a313a7b733a31343a22636f6469676f5f70726f6a65746f223b733a313a2232223b7d676572656e636961725f70726f6a65746f2d317c613a313a7b733a31343a22636f6469676f5f70726f6a65746f223b733a313a2231223b7d676572656e636961725f746172656661732d317c613a313a7b733a31343a22636f6469676f5f70726f6a65746f223b733a313a2231223b7d676572656e636961725f70726f6a65746f2d357c613a313a7b733a31343a22636f6469676f5f70726f6a65746f223b733a313a2235223b7d676572656e636961725f746172656661732d357c613a313a7b733a31343a22636f6469676f5f70726f6a65746f223b733a313a2235223b7d676572656e636961725f70726f6a65746f2d337c613a313a7b733a31343a22636f6469676f5f70726f6a65746f223b733a313a2233223b7d676572656e636961725f746172656661732d337c613a313a7b733a31343a22636f6469676f5f70726f6a65746f223b733a313a2233223b7d),
('221c68371888a126341564c8c046aef96ac796e7', '::1', 1455595776, 0x5f5f63695f6c6173745f726567656e65726174657c693a313435353539353338393b636f6469676f5f7573756172696f7c733a313a2236223b6c6f67696e7c733a363a226e656e65746f223b6e6f6d657c733a373a22416e746f6e696f223b736f6272656e6f6d657c733a343a224e65746f223b636f6469676f5f70657266696c7c733a313a2232223b636f6469676f5f7374617475737c733a313a2231223b6172717569766f5f6176617461727c733a31303a226e656e65746f2e6a7067223b6c6f6761646f7c623a313b676572656e636961725f70726f6a65746f2d327c613a313a7b733a31343a22636f6469676f5f70726f6a65746f223b733a313a2232223b7d676572656e636961725f746172656661732d327c613a313a7b733a31343a22636f6469676f5f70726f6a65746f223b733a313a2232223b7d676572656e636961725f70726f6a65746f2d317c613a313a7b733a31343a22636f6469676f5f70726f6a65746f223b733a313a2231223b7d676572656e636961725f746172656661732d317c613a313a7b733a31343a22636f6469676f5f70726f6a65746f223b733a313a2231223b7d676572656e636961725f70726f6a65746f2d357c613a313a7b733a31343a22636f6469676f5f70726f6a65746f223b733a313a2235223b7d676572656e636961725f746172656661732d357c613a313a7b733a31343a22636f6469676f5f70726f6a65746f223b733a313a2235223b7d676572656e636961725f70726f6a65746f2d337c613a313a7b733a31343a22636f6469676f5f70726f6a65746f223b733a313a2233223b7d676572656e636961725f746172656661732d337c613a313a7b733a31343a22636f6469676f5f70726f6a65746f223b733a313a2233223b7d),
('240ae00b8354dad5eacb400ebd840a38801bf53b', '::1', 1455423228, 0x5f5f63695f6c6173745f726567656e65726174657c693a313435353432323933363b636f6469676f5f7573756172696f7c733a313a2236223b6c6f67696e7c733a363a226e656e65746f223b6e6f6d657c733a373a22416e746f6e696f223b736f6272656e6f6d657c733a343a224e65746f223b636f6469676f5f70657266696c7c733a313a2232223b636f6469676f5f7374617475737c733a313a2231223b6172717569766f5f6176617461727c733a31303a226e656e65746f2e6a7067223b6c6f6761646f7c623a313b676572656e636961725f70726f6a65746f2d317c613a313a7b733a31343a22636f6469676f5f70726f6a65746f223b733a313a2231223b7d676572656e636961725f746172656661732d317c613a313a7b733a31343a22636f6469676f5f70726f6a65746f223b733a313a2231223b7d),
('2894637019a518cd1525110b00c82bd28caf68a9', '::1', 1455572129, 0x5f5f63695f6c6173745f726567656e65726174657c693a313435353537313833363b636f6469676f5f7573756172696f7c733a313a2236223b6c6f67696e7c733a363a226e656e65746f223b6e6f6d657c733a373a22416e746f6e696f223b736f6272656e6f6d657c733a343a224e65746f223b636f6469676f5f70657266696c7c733a313a2232223b636f6469676f5f7374617475737c733a313a2231223b6172717569766f5f6176617461727c733a31303a226e656e65746f2e6a7067223b6c6f6761646f7c623a313b676572656e636961725f70726f6a65746f2d327c613a313a7b733a31343a22636f6469676f5f70726f6a65746f223b733a313a2232223b7d676572656e636961725f746172656661732d327c613a313a7b733a31343a22636f6469676f5f70726f6a65746f223b733a313a2232223b7d676572656e636961725f70726f6a65746f2d317c613a313a7b733a31343a22636f6469676f5f70726f6a65746f223b733a313a2231223b7d676572656e636961725f746172656661732d317c613a313a7b733a31343a22636f6469676f5f70726f6a65746f223b733a313a2231223b7d),
('2a7d456b6fdc81fd1ec4a42b07be07702dbfac28', '::1', 1455338678, 0x5f5f63695f6c6173745f726567656e65726174657c693a313435353333383239313b636f6469676f5f7573756172696f7c733a313a2236223b6c6f67696e7c733a363a226e656e65746f223b6e6f6d657c733a373a22416e746f6e696f223b736f6272656e6f6d657c733a343a224e65746f223b636f6469676f5f70657266696c7c733a313a2232223b636f6469676f5f7374617475737c733a313a2231223b6172717569766f5f6176617461727c733a31303a226e656e65746f2e6a7067223b6c6f6761646f7c623a313b676572656e636961725f70726f6a65746f2d327c613a313a7b733a31343a22636f6469676f5f70726f6a65746f223b733a313a2232223b7d676572656e636961725f746172656661732d327c613a313a7b733a31343a22636f6469676f5f70726f6a65746f223b733a313a2232223b7d676572656e636961725f70726f6a65746f2d337c613a313a7b733a31343a22636f6469676f5f70726f6a65746f223b733a313a2233223b7d676572656e636961725f746172656661732d337c613a313a7b733a31343a22636f6469676f5f70726f6a65746f223b733a313a2233223b7d676572656e636961725f70726f6a65746f2d317c613a313a7b733a31343a22636f6469676f5f70726f6a65746f223b733a313a2231223b7d676572656e636961725f746172656661732d317c613a313a7b733a31343a22636f6469676f5f70726f6a65746f223b733a313a2231223b7d),
('2b3612dc19c10e7208312c06cb9354d5df63fc07', '::1', 1455333688, 0x5f5f63695f6c6173745f726567656e65726174657c693a313435353333333536363b636f6469676f5f7573756172696f7c733a313a2236223b6c6f67696e7c733a363a226e656e65746f223b6e6f6d657c733a373a22416e746f6e696f223b736f6272656e6f6d657c733a343a224e65746f223b636f6469676f5f70657266696c7c733a313a2232223b636f6469676f5f7374617475737c733a313a2231223b6172717569766f5f6176617461727c733a31303a226e656e65746f2e6a7067223b6c6f6761646f7c623a313b676572656e636961725f70726f6a65746f2d327c613a313a7b733a31343a22636f6469676f5f70726f6a65746f223b733a313a2232223b7d676572656e636961725f746172656661732d327c613a313a7b733a31343a22636f6469676f5f70726f6a65746f223b733a313a2232223b7d676572656e636961725f70726f6a65746f2d337c613a313a7b733a31343a22636f6469676f5f70726f6a65746f223b733a313a2233223b7d676572656e636961725f746172656661732d337c613a313a7b733a31343a22636f6469676f5f70726f6a65746f223b733a313a2233223b7d676572656e636961725f70726f6a65746f2d317c613a313a7b733a31343a22636f6469676f5f70726f6a65746f223b733a313a2231223b7d676572656e636961725f746172656661732d317c613a313a7b733a31343a22636f6469676f5f70726f6a65746f223b733a313a2231223b7d),
('2ec12ba730624b1fb2bc896b31f3211faa024864', '::1', 1455577410, 0x5f5f63695f6c6173745f726567656e65726174657c693a313435353537373237353b636f6469676f5f7573756172696f7c733a313a2236223b6c6f67696e7c733a363a226e656e65746f223b6e6f6d657c733a373a22416e746f6e696f223b736f6272656e6f6d657c733a343a224e65746f223b636f6469676f5f70657266696c7c733a313a2232223b636f6469676f5f7374617475737c733a313a2231223b6172717569766f5f6176617461727c733a31303a226e656e65746f2e6a7067223b6c6f6761646f7c623a313b676572656e636961725f70726f6a65746f2d327c613a313a7b733a31343a22636f6469676f5f70726f6a65746f223b733a313a2232223b7d676572656e636961725f746172656661732d327c613a313a7b733a31343a22636f6469676f5f70726f6a65746f223b733a313a2232223b7d676572656e636961725f70726f6a65746f2d317c613a313a7b733a31343a22636f6469676f5f70726f6a65746f223b733a313a2231223b7d676572656e636961725f746172656661732d317c613a313a7b733a31343a22636f6469676f5f70726f6a65746f223b733a313a2231223b7d676572656e636961725f70726f6a65746f2d337c613a313a7b733a31343a22636f6469676f5f70726f6a65746f223b733a313a2233223b7d676572656e636961725f746172656661732d337c613a313a7b733a31343a22636f6469676f5f70726f6a65746f223b733a313a2233223b7d),
('3081055288e19ebd231f9f79cb953171958f91c4', '192.168.0.12', 1455416673, 0x5f5f63695f6c6173745f726567656e65726174657c693a313435353431363432323b636f6469676f5f7573756172696f7c733a313a2236223b6c6f67696e7c733a363a226e656e65746f223b6e6f6d657c733a373a22416e746f6e696f223b736f6272656e6f6d657c733a343a224e65746f223b636f6469676f5f70657266696c7c733a313a2232223b636f6469676f5f7374617475737c733a313a2231223b6172717569766f5f6176617461727c733a31303a226e656e65746f2e6a7067223b6c6f6761646f7c623a313b676572656e636961725f70726f6a65746f2d317c613a313a7b733a31343a22636f6469676f5f70726f6a65746f223b733a313a2231223b7d676572656e636961725f746172656661732d317c613a313a7b733a31343a22636f6469676f5f70726f6a65746f223b733a313a2231223b7d),
('3408886da9b94f01935f2a04cb939ebdd2961582', '::1', 1455588257, 0x5f5f63695f6c6173745f726567656e65726174657c693a313435353538383035383b636f6469676f5f7573756172696f7c733a313a2236223b6c6f67696e7c733a363a226e656e65746f223b6e6f6d657c733a373a22416e746f6e696f223b736f6272656e6f6d657c733a343a224e65746f223b636f6469676f5f70657266696c7c733a313a2232223b636f6469676f5f7374617475737c733a313a2231223b6172717569766f5f6176617461727c733a31303a226e656e65746f2e6a7067223b6c6f6761646f7c623a313b676572656e636961725f70726f6a65746f2d327c613a313a7b733a31343a22636f6469676f5f70726f6a65746f223b733a313a2232223b7d676572656e636961725f746172656661732d327c613a313a7b733a31343a22636f6469676f5f70726f6a65746f223b733a313a2232223b7d676572656e636961725f70726f6a65746f2d317c613a313a7b733a31343a22636f6469676f5f70726f6a65746f223b733a313a2231223b7d676572656e636961725f746172656661732d317c613a313a7b733a31343a22636f6469676f5f70726f6a65746f223b733a313a2231223b7d676572656e636961725f70726f6a65746f2d357c613a313a7b733a31343a22636f6469676f5f70726f6a65746f223b733a313a2235223b7d676572656e636961725f746172656661732d357c613a313a7b733a31343a22636f6469676f5f70726f6a65746f223b733a313a2235223b7d676572656e636961725f70726f6a65746f2d337c613a313a7b733a31343a22636f6469676f5f70726f6a65746f223b733a313a2233223b7d676572656e636961725f746172656661732d337c613a313a7b733a31343a22636f6469676f5f70726f6a65746f223b733a313a2233223b7d),
('378f190df20be5ec89d2158007cdd5d76c461e74', '::1', 1455419840, 0x5f5f63695f6c6173745f726567656e65726174657c693a313435353431393531343b636f6469676f5f7573756172696f7c733a313a2236223b6c6f67696e7c733a363a226e656e65746f223b6e6f6d657c733a373a22416e746f6e696f223b736f6272656e6f6d657c733a343a224e65746f223b636f6469676f5f70657266696c7c733a313a2232223b636f6469676f5f7374617475737c733a313a2231223b6172717569766f5f6176617461727c733a31303a226e656e65746f2e6a7067223b6c6f6761646f7c623a313b676572656e636961725f70726f6a65746f2d317c613a313a7b733a31343a22636f6469676f5f70726f6a65746f223b733a313a2231223b7d676572656e636961725f746172656661732d317c613a313a7b733a31343a22636f6469676f5f70726f6a65746f223b733a313a2231223b7d),
('38e2f654bd17c6d58d44db091f61d3a67aebddf6', '::1', 1455423893, 0x5f5f63695f6c6173745f726567656e65726174657c693a313435353432333539313b636f6469676f5f7573756172696f7c733a313a2236223b6c6f67696e7c733a363a226e656e65746f223b6e6f6d657c733a373a22416e746f6e696f223b736f6272656e6f6d657c733a343a224e65746f223b636f6469676f5f70657266696c7c733a313a2232223b636f6469676f5f7374617475737c733a313a2231223b6172717569766f5f6176617461727c733a31303a226e656e65746f2e6a7067223b6c6f6761646f7c623a313b676572656e636961725f70726f6a65746f2d317c613a313a7b733a31343a22636f6469676f5f70726f6a65746f223b733a313a2231223b7d676572656e636961725f746172656661732d317c613a313a7b733a31343a22636f6469676f5f70726f6a65746f223b733a313a2231223b7d676572656e636961725f70726f6a65746f2d327c613a313a7b733a31343a22636f6469676f5f70726f6a65746f223b733a313a2232223b7d676572656e636961725f746172656661732d327c613a313a7b733a31343a22636f6469676f5f70726f6a65746f223b733a313a2232223b7d),
('393d92e93d876082fda1f8847637ce2e6605be09', '::1', 1455339873, 0x5f5f63695f6c6173745f726567656e65726174657c693a313435353333393536333b636f6469676f5f7573756172696f7c733a323a223131223b6c6f67696e7c733a383a226361726f6c696e61223b6e6f6d657c733a383a224361726f6c696e61223b736f6272656e6f6d657c733a31363a2256656e747572696e6920506173736f73223b636f6469676f5f70657266696c7c733a313a2232223b636f6469676f5f7374617475737c733a313a2231223b6172717569766f5f6176617461727c733a35323a2231323131333530385f31303230343638323137363936353633305f383735373536333131373236383130323139305f6f2e6a7067223b6c6f6761646f7c623a313b),
('47c7d22115e55ee9efbce39d8f78d3fa7697d371', '192.168.0.16', 1455582869, 0x5f5f63695f6c6173745f726567656e65726174657c693a313435353538323539363b636f6469676f5f7573756172696f7c733a313a2236223b6c6f67696e7c733a363a226e656e65746f223b6e6f6d657c733a373a22416e746f6e696f223b736f6272656e6f6d657c733a343a224e65746f223b636f6469676f5f70657266696c7c733a313a2232223b636f6469676f5f7374617475737c733a313a2231223b6172717569766f5f6176617461727c733a31303a226e656e65746f2e6a7067223b6c6f6761646f7c623a313b676572656e636961725f70726f6a65746f2d327c613a313a7b733a31343a22636f6469676f5f70726f6a65746f223b733a313a2232223b7d676572656e636961725f746172656661732d327c613a313a7b733a31343a22636f6469676f5f70726f6a65746f223b733a313a2232223b7d676572656e636961725f70726f6a65746f2d317c613a313a7b733a31343a22636f6469676f5f70726f6a65746f223b733a313a2231223b7d676572656e636961725f746172656661732d317c613a313a7b733a31343a22636f6469676f5f70726f6a65746f223b733a313a2231223b7d676572656e636961725f70726f6a65746f2d357c613a313a7b733a31343a22636f6469676f5f70726f6a65746f223b733a313a2235223b7d676572656e636961725f746172656661732d357c613a313a7b733a31343a22636f6469676f5f70726f6a65746f223b733a313a2235223b7d676572656e636961725f70726f6a65746f2d337c613a313a7b733a31343a22636f6469676f5f70726f6a65746f223b733a313a2233223b7d676572656e636961725f746172656661732d337c613a313a7b733a31343a22636f6469676f5f70726f6a65746f223b733a313a2233223b7d),
('4bacb03818ca126fce0cfacab9ce3e8a08bc9eb3', '::1', 1455590889, 0x5f5f63695f6c6173745f726567656e65726174657c693a313435353539303838323b636f6469676f5f7573756172696f7c733a313a2235223b6c6f67696e7c733a333a226d6c70223b6e6f6d657c733a373a224dc3a17263696f223b736f6272656e6f6d657c733a363a22506173736f73223b636f6469676f5f70657266696c7c733a313a2232223b636f6469676f5f7374617475737c733a313a2231223b6172717569766f5f6176617461727c733a31313a22617661746172332e6a7067223b6c6f6761646f7c623a313b),
('526018a9bc58d42de3102594a9c2a524dad5eb40', '::1', 1455415339, 0x5f5f63695f6c6173745f726567656e65726174657c693a313435353431353333393b),
('52a9092102e0c9a370264d1f76a709a99bb61295', '::1', 1455422242, 0x5f5f63695f6c6173745f726567656e65726174657c693a313435353432323037323b636f6469676f5f7573756172696f7c733a313a2236223b6c6f67696e7c733a363a226e656e65746f223b6e6f6d657c733a373a22416e746f6e696f223b736f6272656e6f6d657c733a343a224e65746f223b636f6469676f5f70657266696c7c733a313a2232223b636f6469676f5f7374617475737c733a313a2231223b6172717569766f5f6176617461727c733a31303a226e656e65746f2e6a7067223b6c6f6761646f7c623a313b676572656e636961725f70726f6a65746f2d317c613a313a7b733a31343a22636f6469676f5f70726f6a65746f223b733a313a2231223b7d676572656e636961725f746172656661732d317c613a313a7b733a31343a22636f6469676f5f70726f6a65746f223b733a313a2231223b7d),
('54993b0f07fde7e75fd9033d0816baa7637c7e3f', '::1', 1455587404, 0x5f5f63695f6c6173745f726567656e65726174657c693a313435353538373131393b636f6469676f5f7573756172696f7c733a313a2236223b6c6f67696e7c733a363a226e656e65746f223b6e6f6d657c733a373a22416e746f6e696f223b736f6272656e6f6d657c733a343a224e65746f223b636f6469676f5f70657266696c7c733a313a2232223b636f6469676f5f7374617475737c733a313a2231223b6172717569766f5f6176617461727c733a31303a226e656e65746f2e6a7067223b6c6f6761646f7c623a313b676572656e636961725f70726f6a65746f2d327c613a313a7b733a31343a22636f6469676f5f70726f6a65746f223b733a313a2232223b7d676572656e636961725f746172656661732d327c613a313a7b733a31343a22636f6469676f5f70726f6a65746f223b733a313a2232223b7d676572656e636961725f70726f6a65746f2d317c613a313a7b733a31343a22636f6469676f5f70726f6a65746f223b733a313a2231223b7d676572656e636961725f746172656661732d317c613a313a7b733a31343a22636f6469676f5f70726f6a65746f223b733a313a2231223b7d676572656e636961725f70726f6a65746f2d357c613a313a7b733a31343a22636f6469676f5f70726f6a65746f223b733a313a2235223b7d676572656e636961725f746172656661732d357c613a313a7b733a31343a22636f6469676f5f70726f6a65746f223b733a313a2235223b7d676572656e636961725f70726f6a65746f2d337c613a313a7b733a31343a22636f6469676f5f70726f6a65746f223b733a313a2233223b7d676572656e636961725f746172656661732d337c613a313a7b733a31343a22636f6469676f5f70726f6a65746f223b733a313a2233223b7d),
('558ed324846c3822528662a495d266daa18ff3b8', '::1', 1455420127, 0x5f5f63695f6c6173745f726567656e65726174657c693a313435353431393834333b636f6469676f5f7573756172696f7c733a313a2236223b6c6f67696e7c733a363a226e656e65746f223b6e6f6d657c733a373a22416e746f6e696f223b736f6272656e6f6d657c733a343a224e65746f223b636f6469676f5f70657266696c7c733a313a2232223b636f6469676f5f7374617475737c733a313a2231223b6172717569766f5f6176617461727c733a31303a226e656e65746f2e6a7067223b6c6f6761646f7c623a313b676572656e636961725f70726f6a65746f2d317c613a313a7b733a31343a22636f6469676f5f70726f6a65746f223b733a313a2231223b7d676572656e636961725f746172656661732d317c613a313a7b733a31343a22636f6469676f5f70726f6a65746f223b733a313a2231223b7d),
('55cb5d1d5b2b48cf62ee56b47ad44734606ddc8c', '::1', 1455508121, 0x5f5f63695f6c6173745f726567656e65726174657c693a313435353530383132313b),
('59c3e9a82b1a80e183e139a6e737ed9f3651127b', '::1', 1455341005, 0x5f5f63695f6c6173745f726567656e65726174657c693a313435353334303537373b636f6469676f5f7573756172696f7c733a313a2236223b6c6f67696e7c733a363a226e656e65746f223b6e6f6d657c733a373a22416e746f6e696f223b736f6272656e6f6d657c733a343a224e65746f223b636f6469676f5f70657266696c7c733a313a2232223b636f6469676f5f7374617475737c733a313a2231223b6172717569766f5f6176617461727c733a31303a226e656e65746f2e6a7067223b6c6f6761646f7c623a313b676572656e636961725f70726f6a65746f2d327c613a313a7b733a31343a22636f6469676f5f70726f6a65746f223b733a313a2232223b7d676572656e636961725f746172656661732d327c613a313a7b733a31343a22636f6469676f5f70726f6a65746f223b733a313a2232223b7d676572656e636961725f70726f6a65746f2d337c613a313a7b733a31343a22636f6469676f5f70726f6a65746f223b733a313a2233223b7d676572656e636961725f746172656661732d337c613a313a7b733a31343a22636f6469676f5f70726f6a65746f223b733a313a2233223b7d676572656e636961725f70726f6a65746f2d317c613a313a7b733a31343a22636f6469676f5f70726f6a65746f223b733a313a2231223b7d676572656e636961725f746172656661732d317c613a313a7b733a31343a22636f6469676f5f70726f6a65746f223b733a313a2231223b7d),
('65153e77374bafed3ab0c3b0a3742d9b9e11a7f5', '::1', 1455585344, 0x5f5f63695f6c6173745f726567656e65726174657c693a313435353538353037393b636f6469676f5f7573756172696f7c733a313a2236223b6c6f67696e7c733a363a226e656e65746f223b6e6f6d657c733a373a22416e746f6e696f223b736f6272656e6f6d657c733a343a224e65746f223b636f6469676f5f70657266696c7c733a313a2232223b636f6469676f5f7374617475737c733a313a2231223b6172717569766f5f6176617461727c733a31303a226e656e65746f2e6a7067223b6c6f6761646f7c623a313b676572656e636961725f70726f6a65746f2d327c613a313a7b733a31343a22636f6469676f5f70726f6a65746f223b733a313a2232223b7d676572656e636961725f746172656661732d327c613a313a7b733a31343a22636f6469676f5f70726f6a65746f223b733a313a2232223b7d676572656e636961725f70726f6a65746f2d317c613a313a7b733a31343a22636f6469676f5f70726f6a65746f223b733a313a2231223b7d676572656e636961725f746172656661732d317c613a313a7b733a31343a22636f6469676f5f70726f6a65746f223b733a313a2231223b7d676572656e636961725f70726f6a65746f2d357c613a313a7b733a31343a22636f6469676f5f70726f6a65746f223b733a313a2235223b7d676572656e636961725f746172656661732d357c613a313a7b733a31343a22636f6469676f5f70726f6a65746f223b733a313a2235223b7d676572656e636961725f70726f6a65746f2d337c613a313a7b733a31343a22636f6469676f5f70726f6a65746f223b733a313a2233223b7d676572656e636961725f746172656661732d337c613a313a7b733a31343a22636f6469676f5f70726f6a65746f223b733a313a2233223b7d),
('66133e0233216b3a99e9786e48553cccc6130a3e', '192.168.0.12', 1455419480, 0x5f5f63695f6c6173745f726567656e65726174657c693a313435353431393331353b636f6469676f5f7573756172696f7c733a313a2236223b6c6f67696e7c733a363a226e656e65746f223b6e6f6d657c733a373a22416e746f6e696f223b736f6272656e6f6d657c733a343a224e65746f223b636f6469676f5f70657266696c7c733a313a2232223b636f6469676f5f7374617475737c733a313a2231223b6172717569766f5f6176617461727c733a31303a226e656e65746f2e6a7067223b6c6f6761646f7c623a313b676572656e636961725f70726f6a65746f2d317c613a313a7b733a31343a22636f6469676f5f70726f6a65746f223b733a313a2231223b7d676572656e636961725f746172656661732d317c613a313a7b733a31343a22636f6469676f5f70726f6a65746f223b733a313a2231223b7d),
('6cc7d01ae61594dbb6942185c22c7d26d0170fbb', '192.168.0.12', 1455417476, 0x5f5f63695f6c6173745f726567656e65726174657c693a313435353431373230393b636f6469676f5f7573756172696f7c733a313a2236223b6c6f67696e7c733a363a226e656e65746f223b6e6f6d657c733a373a22416e746f6e696f223b736f6272656e6f6d657c733a343a224e65746f223b636f6469676f5f70657266696c7c733a313a2232223b636f6469676f5f7374617475737c733a313a2231223b6172717569766f5f6176617461727c733a31303a226e656e65746f2e6a7067223b6c6f6761646f7c623a313b),
('700c60fc78c22306295764d6faedb592ae89c044', '::1', 1455334227, 0x5f5f63695f6c6173745f726567656e65726174657c693a313435353333333937353b636f6469676f5f7573756172696f7c733a313a2236223b6c6f67696e7c733a363a226e656e65746f223b6e6f6d657c733a373a22416e746f6e696f223b736f6272656e6f6d657c733a343a224e65746f223b636f6469676f5f70657266696c7c733a313a2232223b636f6469676f5f7374617475737c733a313a2231223b6172717569766f5f6176617461727c733a31303a226e656e65746f2e6a7067223b6c6f6761646f7c623a313b676572656e636961725f70726f6a65746f2d327c613a313a7b733a31343a22636f6469676f5f70726f6a65746f223b733a313a2232223b7d676572656e636961725f746172656661732d327c613a313a7b733a31343a22636f6469676f5f70726f6a65746f223b733a313a2232223b7d676572656e636961725f70726f6a65746f2d337c613a313a7b733a31343a22636f6469676f5f70726f6a65746f223b733a313a2233223b7d676572656e636961725f746172656661732d337c613a313a7b733a31343a22636f6469676f5f70726f6a65746f223b733a313a2233223b7d676572656e636961725f70726f6a65746f2d317c613a313a7b733a31343a22636f6469676f5f70726f6a65746f223b733a313a2231223b7d676572656e636961725f746172656661732d317c613a313a7b733a31343a22636f6469676f5f70726f6a65746f223b733a313a2231223b7d),
('72f5eb75f370d597c0d3759ba4b4ed1fdde7d7b5', '192.168.0.12', 1455410120, 0x5f5f63695f6c6173745f726567656e65726174657c693a313435353430393934333b636f6469676f5f7573756172696f7c733a313a2236223b6c6f67696e7c733a363a226e656e65746f223b6e6f6d657c733a373a22416e746f6e696f223b736f6272656e6f6d657c733a343a224e65746f223b636f6469676f5f70657266696c7c733a313a2232223b636f6469676f5f7374617475737c733a313a2231223b6172717569766f5f6176617461727c733a31303a226e656e65746f2e6a7067223b6c6f6761646f7c623a313b),
('749a732fcc802d7a251911ef37fbfa5f42aebbc3', '::1', 1455337565, 0x5f5f63695f6c6173745f726567656e65726174657c693a313435353333373238373b636f6469676f5f7573756172696f7c733a313a2236223b6c6f67696e7c733a363a226e656e65746f223b6e6f6d657c733a373a22416e746f6e696f223b736f6272656e6f6d657c733a343a224e65746f223b636f6469676f5f70657266696c7c733a313a2232223b636f6469676f5f7374617475737c733a313a2231223b6172717569766f5f6176617461727c733a31303a226e656e65746f2e6a7067223b6c6f6761646f7c623a313b676572656e636961725f70726f6a65746f2d327c613a313a7b733a31343a22636f6469676f5f70726f6a65746f223b733a313a2232223b7d676572656e636961725f746172656661732d327c613a313a7b733a31343a22636f6469676f5f70726f6a65746f223b733a313a2232223b7d676572656e636961725f70726f6a65746f2d337c613a313a7b733a31343a22636f6469676f5f70726f6a65746f223b733a313a2233223b7d676572656e636961725f746172656661732d337c613a313a7b733a31343a22636f6469676f5f70726f6a65746f223b733a313a2233223b7d676572656e636961725f70726f6a65746f2d317c613a313a7b733a31343a22636f6469676f5f70726f6a65746f223b733a313a2231223b7d676572656e636961725f746172656661732d317c613a313a7b733a31343a22636f6469676f5f70726f6a65746f223b733a313a2231223b7d),
('77a690473dd6beb5b56d97c4c32a10415c810adb', '192.168.0.16', 1455411574, 0x5f5f63695f6c6173745f726567656e65726174657c693a313435353431313536393b636f6469676f5f7573756172696f7c733a313a2236223b6c6f67696e7c733a363a226e656e65746f223b6e6f6d657c733a373a22416e746f6e696f223b736f6272656e6f6d657c733a343a224e65746f223b636f6469676f5f70657266696c7c733a313a2232223b636f6469676f5f7374617475737c733a313a2231223b6172717569766f5f6176617461727c733a31303a226e656e65746f2e6a7067223b6c6f6761646f7c623a313b676572656e636961725f70726f6a65746f2d317c613a313a7b733a31343a22636f6469676f5f70726f6a65746f223b733a313a2231223b7d676572656e636961725f746172656661732d317c613a313a7b733a31343a22636f6469676f5f70726f6a65746f223b733a313a2231223b7d),
('78b38d98d9d71bed52ee5953ce7e1d19f7f764ec', '::1', 1455590179, 0x5f5f63695f6c6173745f726567656e65726174657c693a313435353538393935353b636f6469676f5f7573756172696f7c733a313a2236223b6c6f67696e7c733a363a226e656e65746f223b6e6f6d657c733a373a22416e746f6e696f223b736f6272656e6f6d657c733a343a224e65746f223b636f6469676f5f70657266696c7c733a313a2232223b636f6469676f5f7374617475737c733a313a2231223b6172717569766f5f6176617461727c733a31303a226e656e65746f2e6a7067223b6c6f6761646f7c623a313b676572656e636961725f70726f6a65746f2d327c613a313a7b733a31343a22636f6469676f5f70726f6a65746f223b733a313a2232223b7d676572656e636961725f746172656661732d327c613a313a7b733a31343a22636f6469676f5f70726f6a65746f223b733a313a2232223b7d676572656e636961725f70726f6a65746f2d317c613a313a7b733a31343a22636f6469676f5f70726f6a65746f223b733a313a2231223b7d676572656e636961725f746172656661732d317c613a313a7b733a31343a22636f6469676f5f70726f6a65746f223b733a313a2231223b7d676572656e636961725f70726f6a65746f2d357c613a313a7b733a31343a22636f6469676f5f70726f6a65746f223b733a313a2235223b7d676572656e636961725f746172656661732d357c613a313a7b733a31343a22636f6469676f5f70726f6a65746f223b733a313a2235223b7d676572656e636961725f70726f6a65746f2d337c613a313a7b733a31343a22636f6469676f5f70726f6a65746f223b733a313a2233223b7d676572656e636961725f746172656661732d337c613a313a7b733a31343a22636f6469676f5f70726f6a65746f223b733a313a2233223b7d),
('7aabbabba2e2078161cc538fabcd170f766ac895', '::1', 1455488227, 0x5f5f63695f6c6173745f726567656e65726174657c693a313435353438383139323b636f6469676f5f7573756172696f7c733a313a2237223b6c6f67696e7c733a343a226a6f616f223b6e6f6d657c733a353a224a6fc3a36f223b736f6272656e6f6d657c733a353a224c656d6f73223b636f6469676f5f70657266696c7c733a313a2231223b636f6469676f5f7374617475737c733a313a2231223b6172717569766f5f6176617461727c733a383a226a6f616f2e6a7067223b6c6f6761646f7c623a313b),
('7b007deec9892918000f155b376297a4dc40b291', '::1', 1455336887, 0x5f5f63695f6c6173745f726567656e65726174657c693a313435353333363638313b636f6469676f5f7573756172696f7c733a313a2236223b6c6f67696e7c733a363a226e656e65746f223b6e6f6d657c733a373a22416e746f6e696f223b736f6272656e6f6d657c733a343a224e65746f223b636f6469676f5f70657266696c7c733a313a2232223b636f6469676f5f7374617475737c733a313a2231223b6172717569766f5f6176617461727c733a31303a226e656e65746f2e6a7067223b6c6f6761646f7c623a313b676572656e636961725f70726f6a65746f2d327c613a313a7b733a31343a22636f6469676f5f70726f6a65746f223b733a313a2232223b7d676572656e636961725f746172656661732d327c613a313a7b733a31343a22636f6469676f5f70726f6a65746f223b733a313a2232223b7d676572656e636961725f70726f6a65746f2d337c613a313a7b733a31343a22636f6469676f5f70726f6a65746f223b733a313a2233223b7d676572656e636961725f746172656661732d337c613a313a7b733a31343a22636f6469676f5f70726f6a65746f223b733a313a2233223b7d676572656e636961725f70726f6a65746f2d317c613a313a7b733a31343a22636f6469676f5f70726f6a65746f223b733a313a2231223b7d676572656e636961725f746172656661732d317c613a313a7b733a31343a22636f6469676f5f70726f6a65746f223b733a313a2231223b7d),
('7c69d1d71c3a7afe661660c4615f1101c97c9e67', '::1', 1455337974, 0x5f5f63695f6c6173745f726567656e65726174657c693a313435353333373637353b636f6469676f5f7573756172696f7c733a313a2236223b6c6f67696e7c733a363a226e656e65746f223b6e6f6d657c733a373a22416e746f6e696f223b736f6272656e6f6d657c733a343a224e65746f223b636f6469676f5f70657266696c7c733a313a2232223b636f6469676f5f7374617475737c733a313a2231223b6172717569766f5f6176617461727c733a31303a226e656e65746f2e6a7067223b6c6f6761646f7c623a313b676572656e636961725f70726f6a65746f2d327c613a313a7b733a31343a22636f6469676f5f70726f6a65746f223b733a313a2232223b7d676572656e636961725f746172656661732d327c613a313a7b733a31343a22636f6469676f5f70726f6a65746f223b733a313a2232223b7d676572656e636961725f70726f6a65746f2d337c613a313a7b733a31343a22636f6469676f5f70726f6a65746f223b733a313a2233223b7d676572656e636961725f746172656661732d337c613a313a7b733a31343a22636f6469676f5f70726f6a65746f223b733a313a2233223b7d676572656e636961725f70726f6a65746f2d317c613a313a7b733a31343a22636f6469676f5f70726f6a65746f223b733a313a2231223b7d676572656e636961725f746172656661732d317c613a313a7b733a31343a22636f6469676f5f70726f6a65746f223b733a313a2231223b7d),
('82a12de9601ddc8d4dbc8e60959ca38f72494d79', '::1', 1455339103, 0x5f5f63695f6c6173745f726567656e65726174657c693a313435353333383834333b636f6469676f5f7573756172696f7c733a323a223131223b6c6f67696e7c733a383a226361726f6c696e61223b6e6f6d657c733a383a224361726f6c696e61223b736f6272656e6f6d657c733a31363a2256656e747572696e6920506173736f73223b636f6469676f5f70657266696c7c733a313a2232223b636f6469676f5f7374617475737c733a313a2231223b6172717569766f5f6176617461727c733a35323a2231323131333530385f31303230343638323137363936353633305f383735373536333131373236383130323139305f6f2e6a7067223b6c6f6761646f7c623a313b),
('82c98bcbbb39997e23e7257be1cbaadc358a3ebb', '::1', 1455488484, 0x5f5f63695f6c6173745f726567656e65726174657c693a313435353438383434303b636f6469676f5f7573756172696f7c733a313a2236223b6c6f67696e7c733a363a226e656e65746f223b6e6f6d657c733a373a22416e746f6e696f223b736f6272656e6f6d657c733a343a224e65746f223b636f6469676f5f70657266696c7c733a313a2232223b636f6469676f5f7374617475737c733a313a2231223b6172717569766f5f6176617461727c733a31303a226e656e65746f2e6a7067223b6c6f6761646f7c623a313b676572656e636961725f70726f6a65746f2d327c613a313a7b733a31343a22636f6469676f5f70726f6a65746f223b733a313a2232223b7d676572656e636961725f746172656661732d327c613a313a7b733a31343a22636f6469676f5f70726f6a65746f223b733a313a2232223b7d676572656e636961725f70726f6a65746f2d317c613a313a7b733a31343a22636f6469676f5f70726f6a65746f223b733a313a2231223b7d676572656e636961725f746172656661732d317c613a313a7b733a31343a22636f6469676f5f70726f6a65746f223b733a313a2231223b7d);
INSERT INTO `ci_sessions` (`id`, `ip_address`, `timestamp`, `data`) VALUES
('88e94f3e8bbabd990e607f8f68da05f39a9ffb4b', '::1', 1455424474, 0x5f5f63695f6c6173745f726567656e65726174657c693a313435353432343236333b636f6469676f5f7573756172696f7c733a313a2236223b6c6f67696e7c733a363a226e656e65746f223b6e6f6d657c733a373a22416e746f6e696f223b736f6272656e6f6d657c733a343a224e65746f223b636f6469676f5f70657266696c7c733a313a2232223b636f6469676f5f7374617475737c733a313a2231223b6172717569766f5f6176617461727c733a31303a226e656e65746f2e6a7067223b6c6f6761646f7c623a313b676572656e636961725f70726f6a65746f2d317c613a313a7b733a31343a22636f6469676f5f70726f6a65746f223b733a313a2231223b7d676572656e636961725f746172656661732d317c613a313a7b733a31343a22636f6469676f5f70726f6a65746f223b733a313a2231223b7d676572656e636961725f70726f6a65746f2d327c613a313a7b733a31343a22636f6469676f5f70726f6a65746f223b733a313a2232223b7d676572656e636961725f746172656661732d327c613a313a7b733a31343a22636f6469676f5f70726f6a65746f223b733a313a2232223b7d),
('8a10eceea48855d8db74d76a378a04f36d3c70fd', '::1', 1455594679, 0x5f5f63695f6c6173745f726567656e65726174657c693a313435353539343532353b636f6469676f5f7573756172696f7c733a313a2236223b6c6f67696e7c733a363a226e656e65746f223b6e6f6d657c733a373a22416e746f6e696f223b736f6272656e6f6d657c733a343a224e65746f223b636f6469676f5f70657266696c7c733a313a2232223b636f6469676f5f7374617475737c733a313a2231223b6172717569766f5f6176617461727c733a31303a226e656e65746f2e6a7067223b6c6f6761646f7c623a313b676572656e636961725f70726f6a65746f2d327c613a313a7b733a31343a22636f6469676f5f70726f6a65746f223b733a313a2232223b7d676572656e636961725f746172656661732d327c613a313a7b733a31343a22636f6469676f5f70726f6a65746f223b733a313a2232223b7d676572656e636961725f70726f6a65746f2d317c613a313a7b733a31343a22636f6469676f5f70726f6a65746f223b733a313a2231223b7d676572656e636961725f746172656661732d317c613a313a7b733a31343a22636f6469676f5f70726f6a65746f223b733a313a2231223b7d676572656e636961725f70726f6a65746f2d357c613a313a7b733a31343a22636f6469676f5f70726f6a65746f223b733a313a2235223b7d676572656e636961725f746172656661732d357c613a313a7b733a31343a22636f6469676f5f70726f6a65746f223b733a313a2235223b7d676572656e636961725f70726f6a65746f2d337c613a313a7b733a31343a22636f6469676f5f70726f6a65746f223b733a313a2233223b7d676572656e636961725f746172656661732d337c613a313a7b733a31343a22636f6469676f5f70726f6a65746f223b733a313a2233223b7d),
('8beab31717dfbf961caa1aa796ae0f7fd7c3c905', '::1', 1455409784, 0x5f5f63695f6c6173745f726567656e65726174657c693a313435353430393635303b636f6469676f5f7573756172696f7c733a313a2236223b6c6f67696e7c733a363a226e656e65746f223b6e6f6d657c733a373a22416e746f6e696f223b736f6272656e6f6d657c733a343a224e65746f223b636f6469676f5f70657266696c7c733a313a2232223b636f6469676f5f7374617475737c733a313a2231223b6172717569766f5f6176617461727c733a31303a226e656e65746f2e6a7067223b6c6f6761646f7c623a313b676572656e636961725f70726f6a65746f2d327c613a313a7b733a31343a22636f6469676f5f70726f6a65746f223b733a313a2232223b7d676572656e636961725f746172656661732d327c613a313a7b733a31343a22636f6469676f5f70726f6a65746f223b733a313a2232223b7d676572656e636961725f70726f6a65746f2d337c613a313a7b733a31343a22636f6469676f5f70726f6a65746f223b733a313a2233223b7d676572656e636961725f746172656661732d337c613a313a7b733a31343a22636f6469676f5f70726f6a65746f223b733a313a2233223b7d676572656e636961725f70726f6a65746f2d317c613a313a7b733a31343a22636f6469676f5f70726f6a65746f223b733a313a2231223b7d676572656e636961725f746172656661732d317c613a313a7b733a31343a22636f6469676f5f70726f6a65746f223b733a313a2231223b7d),
('8e5b25cd7e359192986d4b051ba0a349300cb756', '::1', 1455575152, 0x5f5f63695f6c6173745f726567656e65726174657c693a313435353537353033303b636f6469676f5f7573756172696f7c733a313a2236223b6c6f67696e7c733a363a226e656e65746f223b6e6f6d657c733a373a22416e746f6e696f223b736f6272656e6f6d657c733a343a224e65746f223b636f6469676f5f70657266696c7c733a313a2232223b636f6469676f5f7374617475737c733a313a2231223b6172717569766f5f6176617461727c733a31303a226e656e65746f2e6a7067223b6c6f6761646f7c623a313b676572656e636961725f70726f6a65746f2d327c613a313a7b733a31343a22636f6469676f5f70726f6a65746f223b733a313a2232223b7d676572656e636961725f746172656661732d327c613a313a7b733a31343a22636f6469676f5f70726f6a65746f223b733a313a2232223b7d676572656e636961725f70726f6a65746f2d317c613a313a7b733a31343a22636f6469676f5f70726f6a65746f223b733a313a2231223b7d676572656e636961725f746172656661732d317c613a313a7b733a31343a22636f6469676f5f70726f6a65746f223b733a313a2231223b7d676572656e636961725f70726f6a65746f2d337c613a313a7b733a31343a22636f6469676f5f70726f6a65746f223b733a313a2233223b7d676572656e636961725f746172656661732d337c613a313a7b733a31343a22636f6469676f5f70726f6a65746f223b733a313a2233223b7d),
('914768d6f85eaaa8cba0b644fc668eb873e21f44', '::1', 1455503793, 0x5f5f63695f6c6173745f726567656e65726174657c693a313435353530333739333b),
('91b4e6f32a0d1f66626f8b699e9669147e876da9', '::1', 1455341365, 0x5f5f63695f6c6173745f726567656e65726174657c693a313435353334313336353b),
('96c131216f43a0a15c46e2406b44d461c7338244', '::1', 1455585905, 0x5f5f63695f6c6173745f726567656e65726174657c693a313435353538353834383b636f6469676f5f7573756172696f7c733a313a2236223b6c6f67696e7c733a363a226e656e65746f223b6e6f6d657c733a373a22416e746f6e696f223b736f6272656e6f6d657c733a343a224e65746f223b636f6469676f5f70657266696c7c733a313a2232223b636f6469676f5f7374617475737c733a313a2231223b6172717569766f5f6176617461727c733a31303a226e656e65746f2e6a7067223b6c6f6761646f7c623a313b676572656e636961725f70726f6a65746f2d327c613a313a7b733a31343a22636f6469676f5f70726f6a65746f223b733a313a2232223b7d676572656e636961725f746172656661732d327c613a313a7b733a31343a22636f6469676f5f70726f6a65746f223b733a313a2232223b7d676572656e636961725f70726f6a65746f2d317c613a313a7b733a31343a22636f6469676f5f70726f6a65746f223b733a313a2231223b7d676572656e636961725f746172656661732d317c613a313a7b733a31343a22636f6469676f5f70726f6a65746f223b733a313a2231223b7d676572656e636961725f70726f6a65746f2d357c613a313a7b733a31343a22636f6469676f5f70726f6a65746f223b733a313a2235223b7d676572656e636961725f746172656661732d357c613a313a7b733a31343a22636f6469676f5f70726f6a65746f223b733a313a2235223b7d676572656e636961725f70726f6a65746f2d337c613a313a7b733a31343a22636f6469676f5f70726f6a65746f223b733a313a2233223b7d676572656e636961725f746172656661732d337c613a313a7b733a31343a22636f6469676f5f70726f6a65746f223b733a313a2233223b7d),
('9815a5d777fa4c56f1248d7b0e5ff5d669f368a4', '::1', 1455422720, 0x5f5f63695f6c6173745f726567656e65726174657c693a313435353432323439303b636f6469676f5f7573756172696f7c733a313a2236223b6c6f67696e7c733a363a226e656e65746f223b6e6f6d657c733a373a22416e746f6e696f223b736f6272656e6f6d657c733a343a224e65746f223b636f6469676f5f70657266696c7c733a313a2232223b636f6469676f5f7374617475737c733a313a2231223b6172717569766f5f6176617461727c733a31303a226e656e65746f2e6a7067223b6c6f6761646f7c623a313b676572656e636961725f70726f6a65746f2d317c613a313a7b733a31343a22636f6469676f5f70726f6a65746f223b733a313a2231223b7d676572656e636961725f746172656661732d317c613a313a7b733a31343a22636f6469676f5f70726f6a65746f223b733a313a2231223b7d),
('a40164d5854fe9641fd3840200af9fe2329f3d3c', '192.168.0.16', 1455582932, 0x5f5f63695f6c6173745f726567656e65726174657c693a313435353538323932333b636f6469676f5f7573756172696f7c733a313a2236223b6c6f67696e7c733a363a226e656e65746f223b6e6f6d657c733a373a22416e746f6e696f223b736f6272656e6f6d657c733a343a224e65746f223b636f6469676f5f70657266696c7c733a313a2232223b636f6469676f5f7374617475737c733a313a2231223b6172717569766f5f6176617461727c733a31303a226e656e65746f2e6a7067223b6c6f6761646f7c623a313b676572656e636961725f70726f6a65746f2d327c613a313a7b733a31343a22636f6469676f5f70726f6a65746f223b733a313a2232223b7d676572656e636961725f746172656661732d327c613a313a7b733a31343a22636f6469676f5f70726f6a65746f223b733a313a2232223b7d676572656e636961725f70726f6a65746f2d317c613a313a7b733a31343a22636f6469676f5f70726f6a65746f223b733a313a2231223b7d676572656e636961725f746172656661732d317c613a313a7b733a31343a22636f6469676f5f70726f6a65746f223b733a313a2231223b7d676572656e636961725f70726f6a65746f2d357c613a313a7b733a31343a22636f6469676f5f70726f6a65746f223b733a313a2235223b7d676572656e636961725f746172656661732d357c613a313a7b733a31343a22636f6469676f5f70726f6a65746f223b733a313a2235223b7d676572656e636961725f70726f6a65746f2d337c613a313a7b733a31343a22636f6469676f5f70726f6a65746f223b733a313a2233223b7d676572656e636961725f746172656661732d337c613a313a7b733a31343a22636f6469676f5f70726f6a65746f223b733a313a2233223b7d61646963696f6e61725f616f5f70726f6a65746f7c613a313a7b733a31343a22636f6469676f5f70726f6a65746f223b733a313a2235223b7d5f5f63695f766172737c613a313a7b733a32303a2261646963696f6e61725f616f5f70726f6a65746f223b733a333a226f6c64223b7d),
('a622618ec0361ee07fccff17dd591a7f2b79f8d5', '::1', 1455333442, 0x5f5f63695f6c6173745f726567656e65726174657c693a313435353333333134393b636f6469676f5f7573756172696f7c733a313a2237223b6c6f67696e7c733a343a226a6f616f223b6e6f6d657c733a353a224a6fc3a36f223b736f6272656e6f6d657c733a353a224c656d6f73223b636f6469676f5f70657266696c7c733a313a2231223b636f6469676f5f7374617475737c733a313a2231223b6172717569766f5f6176617461727c733a383a226a6f616f2e6a7067223b6c6f6761646f7c623a313b),
('a8782ac0a52477063707ad68d7babe7cec53d009', '::1', 1455415122, 0x5f5f63695f6c6173745f726567656e65726174657c693a313435353431353131373b636f6469676f5f7573756172696f7c733a313a2236223b6c6f67696e7c733a363a226e656e65746f223b6e6f6d657c733a373a22416e746f6e696f223b736f6272656e6f6d657c733a343a224e65746f223b636f6469676f5f70657266696c7c733a313a2232223b636f6469676f5f7374617475737c733a313a2231223b6172717569766f5f6176617461727c733a31303a226e656e65746f2e6a7067223b6c6f6761646f7c623a313b676572656e636961725f70726f6a65746f2d327c613a313a7b733a31343a22636f6469676f5f70726f6a65746f223b733a313a2232223b7d676572656e636961725f746172656661732d327c613a313a7b733a31343a22636f6469676f5f70726f6a65746f223b733a313a2232223b7d676572656e636961725f70726f6a65746f2d337c613a313a7b733a31343a22636f6469676f5f70726f6a65746f223b733a313a2233223b7d676572656e636961725f746172656661732d337c613a313a7b733a31343a22636f6469676f5f70726f6a65746f223b733a313a2233223b7d676572656e636961725f70726f6a65746f2d317c613a313a7b733a31343a22636f6469676f5f70726f6a65746f223b733a313a2231223b7d676572656e636961725f746172656661732d317c613a313a7b733a31343a22636f6469676f5f70726f6a65746f223b733a313a2231223b7d),
('ae82d2153fd771b351adf51f99392fe3d174f632', '::1', 1455584923, 0x5f5f63695f6c6173745f726567656e65726174657c693a313435353538343632373b636f6469676f5f7573756172696f7c733a313a2236223b6c6f67696e7c733a363a226e656e65746f223b6e6f6d657c733a373a22416e746f6e696f223b736f6272656e6f6d657c733a343a224e65746f223b636f6469676f5f70657266696c7c733a313a2232223b636f6469676f5f7374617475737c733a313a2231223b6172717569766f5f6176617461727c733a31303a226e656e65746f2e6a7067223b6c6f6761646f7c623a313b676572656e636961725f70726f6a65746f2d327c613a313a7b733a31343a22636f6469676f5f70726f6a65746f223b733a313a2232223b7d676572656e636961725f746172656661732d327c613a313a7b733a31343a22636f6469676f5f70726f6a65746f223b733a313a2232223b7d676572656e636961725f70726f6a65746f2d317c613a313a7b733a31343a22636f6469676f5f70726f6a65746f223b733a313a2231223b7d676572656e636961725f746172656661732d317c613a313a7b733a31343a22636f6469676f5f70726f6a65746f223b733a313a2231223b7d676572656e636961725f70726f6a65746f2d357c613a313a7b733a31343a22636f6469676f5f70726f6a65746f223b733a313a2235223b7d676572656e636961725f746172656661732d357c613a313a7b733a31343a22636f6469676f5f70726f6a65746f223b733a313a2235223b7d676572656e636961725f70726f6a65746f2d337c613a313a7b733a31343a22636f6469676f5f70726f6a65746f223b733a313a2233223b7d676572656e636961725f746172656661732d337c613a313a7b733a31343a22636f6469676f5f70726f6a65746f223b733a313a2233223b7d),
('afd31285d8f2ea42c67e7a2bccedcb52e992f9f5', '::1', 1455334974, 0x5f5f63695f6c6173745f726567656e65726174657c693a313435353333343730353b636f6469676f5f7573756172696f7c733a313a2236223b6c6f67696e7c733a363a226e656e65746f223b6e6f6d657c733a373a22416e746f6e696f223b736f6272656e6f6d657c733a343a224e65746f223b636f6469676f5f70657266696c7c733a313a2232223b636f6469676f5f7374617475737c733a313a2231223b6172717569766f5f6176617461727c733a31303a226e656e65746f2e6a7067223b6c6f6761646f7c623a313b676572656e636961725f70726f6a65746f2d327c613a313a7b733a31343a22636f6469676f5f70726f6a65746f223b733a313a2232223b7d676572656e636961725f746172656661732d327c613a313a7b733a31343a22636f6469676f5f70726f6a65746f223b733a313a2232223b7d676572656e636961725f70726f6a65746f2d337c613a313a7b733a31343a22636f6469676f5f70726f6a65746f223b733a313a2233223b7d676572656e636961725f746172656661732d337c613a313a7b733a31343a22636f6469676f5f70726f6a65746f223b733a313a2233223b7d676572656e636961725f70726f6a65746f2d317c613a313a7b733a31343a22636f6469676f5f70726f6a65746f223b733a313a2231223b7d676572656e636961725f746172656661732d317c613a313a7b733a31343a22636f6469676f5f70726f6a65746f223b733a313a2231223b7d),
('b087a22afe4f54ed8283fe58c812702473a05dd7', '192.168.0.12', 1455410782, 0x5f5f63695f6c6173745f726567656e65726174657c693a313435353431303738323b636f6469676f5f7573756172696f7c733a313a2236223b6c6f67696e7c733a363a226e656e65746f223b6e6f6d657c733a373a22416e746f6e696f223b736f6272656e6f6d657c733a343a224e65746f223b636f6469676f5f70657266696c7c733a313a2232223b636f6469676f5f7374617475737c733a313a2231223b6172717569766f5f6176617461727c733a31303a226e656e65746f2e6a7067223b6c6f6761646f7c623a313b),
('b98124c7258aeb9a8d77435e97de8ea9dfab36ce', '::1', 1455592957, 0x5f5f63695f6c6173745f726567656e65726174657c693a313435353539323637343b636f6469676f5f7573756172696f7c733a313a2236223b6c6f67696e7c733a363a226e656e65746f223b6e6f6d657c733a373a22416e746f6e696f223b736f6272656e6f6d657c733a343a224e65746f223b636f6469676f5f70657266696c7c733a313a2232223b636f6469676f5f7374617475737c733a313a2231223b6172717569766f5f6176617461727c733a31303a226e656e65746f2e6a7067223b6c6f6761646f7c623a313b676572656e636961725f70726f6a65746f2d327c613a313a7b733a31343a22636f6469676f5f70726f6a65746f223b733a313a2232223b7d676572656e636961725f746172656661732d327c613a313a7b733a31343a22636f6469676f5f70726f6a65746f223b733a313a2232223b7d676572656e636961725f70726f6a65746f2d317c613a313a7b733a31343a22636f6469676f5f70726f6a65746f223b733a313a2231223b7d676572656e636961725f746172656661732d317c613a313a7b733a31343a22636f6469676f5f70726f6a65746f223b733a313a2231223b7d676572656e636961725f70726f6a65746f2d357c613a313a7b733a31343a22636f6469676f5f70726f6a65746f223b733a313a2235223b7d676572656e636961725f746172656661732d357c613a313a7b733a31343a22636f6469676f5f70726f6a65746f223b733a313a2235223b7d676572656e636961725f70726f6a65746f2d337c613a313a7b733a31343a22636f6469676f5f70726f6a65746f223b733a313a2233223b7d676572656e636961725f746172656661732d337c613a313a7b733a31343a22636f6469676f5f70726f6a65746f223b733a313a2233223b7d61646963696f6e61725f616f5f70726f6a65746f7c613a313a7b733a31343a22636f6469676f5f70726f6a65746f223b733a313a2233223b7d5f5f63695f766172737c613a313a7b733a32303a2261646963696f6e61725f616f5f70726f6a65746f223b733a333a226e6577223b7d),
('bb572199c3ae1936e9f93c8c20f2dfad3a4ea989', '::1', 1455588778, 0x5f5f63695f6c6173745f726567656e65726174657c693a313435353538383736303b636f6469676f5f7573756172696f7c733a313a2235223b6c6f67696e7c733a333a226d6c70223b6e6f6d657c733a373a224dc3a17263696f223b736f6272656e6f6d657c733a363a22506173736f73223b636f6469676f5f70657266696c7c733a313a2232223b636f6469676f5f7374617475737c733a313a2231223b6172717569766f5f6176617461727c733a31313a22617661746172332e6a7067223b6c6f6761646f7c623a313b),
('be7b08a3edecb861b38527ef5d7cafe7b1df5e37', '::1', 1455587706, 0x5f5f63695f6c6173745f726567656e65726174657c693a313435353538373432393b636f6469676f5f7573756172696f7c733a313a2236223b6c6f67696e7c733a363a226e656e65746f223b6e6f6d657c733a373a22416e746f6e696f223b736f6272656e6f6d657c733a343a224e65746f223b636f6469676f5f70657266696c7c733a313a2232223b636f6469676f5f7374617475737c733a313a2231223b6172717569766f5f6176617461727c733a31303a226e656e65746f2e6a7067223b6c6f6761646f7c623a313b676572656e636961725f70726f6a65746f2d327c613a313a7b733a31343a22636f6469676f5f70726f6a65746f223b733a313a2232223b7d676572656e636961725f746172656661732d327c613a313a7b733a31343a22636f6469676f5f70726f6a65746f223b733a313a2232223b7d676572656e636961725f70726f6a65746f2d317c613a313a7b733a31343a22636f6469676f5f70726f6a65746f223b733a313a2231223b7d676572656e636961725f746172656661732d317c613a313a7b733a31343a22636f6469676f5f70726f6a65746f223b733a313a2231223b7d676572656e636961725f70726f6a65746f2d357c613a313a7b733a31343a22636f6469676f5f70726f6a65746f223b733a313a2235223b7d676572656e636961725f746172656661732d357c613a313a7b733a31343a22636f6469676f5f70726f6a65746f223b733a313a2235223b7d676572656e636961725f70726f6a65746f2d337c613a313a7b733a31343a22636f6469676f5f70726f6a65746f223b733a313a2233223b7d676572656e636961725f746172656661732d337c613a313a7b733a31343a22636f6469676f5f70726f6a65746f223b733a313a2233223b7d),
('bf300d047bf9f91bc2572c88bfa520fb9f28b4d4', '::1', 1455335726, 0x5f5f63695f6c6173745f726567656e65726174657c693a313435353333353635303b636f6469676f5f7573756172696f7c733a313a2236223b6c6f67696e7c733a363a226e656e65746f223b6e6f6d657c733a373a22416e746f6e696f223b736f6272656e6f6d657c733a343a224e65746f223b636f6469676f5f70657266696c7c733a313a2232223b636f6469676f5f7374617475737c733a313a2231223b6172717569766f5f6176617461727c733a31303a226e656e65746f2e6a7067223b6c6f6761646f7c623a313b676572656e636961725f70726f6a65746f2d327c613a313a7b733a31343a22636f6469676f5f70726f6a65746f223b733a313a2232223b7d676572656e636961725f746172656661732d327c613a313a7b733a31343a22636f6469676f5f70726f6a65746f223b733a313a2232223b7d676572656e636961725f70726f6a65746f2d337c613a313a7b733a31343a22636f6469676f5f70726f6a65746f223b733a313a2233223b7d676572656e636961725f746172656661732d337c613a313a7b733a31343a22636f6469676f5f70726f6a65746f223b733a313a2233223b7d676572656e636961725f70726f6a65746f2d317c613a313a7b733a31343a22636f6469676f5f70726f6a65746f223b733a313a2231223b7d676572656e636961725f746172656661732d317c613a313a7b733a31343a22636f6469676f5f70726f6a65746f223b733a313a2231223b7d),
('c2dc73e6625583ada5ae2360a841de0db114c6b8', '::1', 1455573811, 0x5f5f63695f6c6173745f726567656e65726174657c693a313435353537333437313b636f6469676f5f7573756172696f7c733a313a2236223b6c6f67696e7c733a363a226e656e65746f223b6e6f6d657c733a373a22416e746f6e696f223b736f6272656e6f6d657c733a343a224e65746f223b636f6469676f5f70657266696c7c733a313a2232223b636f6469676f5f7374617475737c733a313a2231223b6172717569766f5f6176617461727c733a31303a226e656e65746f2e6a7067223b6c6f6761646f7c623a313b676572656e636961725f70726f6a65746f2d327c613a313a7b733a31343a22636f6469676f5f70726f6a65746f223b733a313a2232223b7d676572656e636961725f746172656661732d327c613a313a7b733a31343a22636f6469676f5f70726f6a65746f223b733a313a2232223b7d676572656e636961725f70726f6a65746f2d317c613a313a7b733a31343a22636f6469676f5f70726f6a65746f223b733a313a2231223b7d676572656e636961725f746172656661732d317c613a313a7b733a31343a22636f6469676f5f70726f6a65746f223b733a313a2231223b7d676572656e636961725f70726f6a65746f2d337c613a313a7b733a31343a22636f6469676f5f70726f6a65746f223b733a313a2233223b7d676572656e636961725f746172656661732d337c613a313a7b733a31343a22636f6469676f5f70726f6a65746f223b733a313a2233223b7d),
('c4609a212efd14a4506486d58a1070201d2e83e3', '::1', 1455594391, 0x5f5f63695f6c6173745f726567656e65726174657c693a313435353539343034333b636f6469676f5f7573756172696f7c733a313a2236223b6c6f67696e7c733a363a226e656e65746f223b6e6f6d657c733a373a22416e746f6e696f223b736f6272656e6f6d657c733a343a224e65746f223b636f6469676f5f70657266696c7c733a313a2232223b636f6469676f5f7374617475737c733a313a2231223b6172717569766f5f6176617461727c733a31303a226e656e65746f2e6a7067223b6c6f6761646f7c623a313b676572656e636961725f70726f6a65746f2d327c613a313a7b733a31343a22636f6469676f5f70726f6a65746f223b733a313a2232223b7d676572656e636961725f746172656661732d327c613a313a7b733a31343a22636f6469676f5f70726f6a65746f223b733a313a2232223b7d676572656e636961725f70726f6a65746f2d317c613a313a7b733a31343a22636f6469676f5f70726f6a65746f223b733a313a2231223b7d676572656e636961725f746172656661732d317c613a313a7b733a31343a22636f6469676f5f70726f6a65746f223b733a313a2231223b7d676572656e636961725f70726f6a65746f2d357c613a313a7b733a31343a22636f6469676f5f70726f6a65746f223b733a313a2235223b7d676572656e636961725f746172656661732d357c613a313a7b733a31343a22636f6469676f5f70726f6a65746f223b733a313a2235223b7d676572656e636961725f70726f6a65746f2d337c613a313a7b733a31343a22636f6469676f5f70726f6a65746f223b733a313a2233223b7d676572656e636961725f746172656661732d337c613a313a7b733a31343a22636f6469676f5f70726f6a65746f223b733a313a2233223b7d),
('c65562470d220392b9631c432ef01c64e2e18724', '::1', 1455575928, 0x5f5f63695f6c6173745f726567656e65726174657c693a313435353537353636303b636f6469676f5f7573756172696f7c733a313a2236223b6c6f67696e7c733a363a226e656e65746f223b6e6f6d657c733a373a22416e746f6e696f223b736f6272656e6f6d657c733a343a224e65746f223b636f6469676f5f70657266696c7c733a313a2232223b636f6469676f5f7374617475737c733a313a2231223b6172717569766f5f6176617461727c733a31303a226e656e65746f2e6a7067223b6c6f6761646f7c623a313b676572656e636961725f70726f6a65746f2d327c613a313a7b733a31343a22636f6469676f5f70726f6a65746f223b733a313a2232223b7d676572656e636961725f746172656661732d327c613a313a7b733a31343a22636f6469676f5f70726f6a65746f223b733a313a2232223b7d676572656e636961725f70726f6a65746f2d317c613a313a7b733a31343a22636f6469676f5f70726f6a65746f223b733a313a2231223b7d676572656e636961725f746172656661732d317c613a313a7b733a31343a22636f6469676f5f70726f6a65746f223b733a313a2231223b7d676572656e636961725f70726f6a65746f2d337c613a313a7b733a31343a22636f6469676f5f70726f6a65746f223b733a313a2233223b7d676572656e636961725f746172656661732d337c613a313a7b733a31343a22636f6469676f5f70726f6a65746f223b733a313a2233223b7d),
('cad81963f0dab3b41c80d9465b26b014184f4de6', '::1', 1455586472, 0x5f5f63695f6c6173745f726567656e65726174657c693a313435353538363137363b636f6469676f5f7573756172696f7c733a313a2236223b6c6f67696e7c733a363a226e656e65746f223b6e6f6d657c733a373a22416e746f6e696f223b736f6272656e6f6d657c733a343a224e65746f223b636f6469676f5f70657266696c7c733a313a2232223b636f6469676f5f7374617475737c733a313a2231223b6172717569766f5f6176617461727c733a31303a226e656e65746f2e6a7067223b6c6f6761646f7c623a313b676572656e636961725f70726f6a65746f2d327c613a313a7b733a31343a22636f6469676f5f70726f6a65746f223b733a313a2232223b7d676572656e636961725f746172656661732d327c613a313a7b733a31343a22636f6469676f5f70726f6a65746f223b733a313a2232223b7d676572656e636961725f70726f6a65746f2d317c613a313a7b733a31343a22636f6469676f5f70726f6a65746f223b733a313a2231223b7d676572656e636961725f746172656661732d317c613a313a7b733a31343a22636f6469676f5f70726f6a65746f223b733a313a2231223b7d676572656e636961725f70726f6a65746f2d357c613a313a7b733a31343a22636f6469676f5f70726f6a65746f223b733a313a2235223b7d676572656e636961725f746172656661732d357c613a313a7b733a31343a22636f6469676f5f70726f6a65746f223b733a313a2235223b7d676572656e636961725f70726f6a65746f2d337c613a313a7b733a31343a22636f6469676f5f70726f6a65746f223b733a313a2233223b7d676572656e636961725f746172656661732d337c613a313a7b733a31343a22636f6469676f5f70726f6a65746f223b733a313a2233223b7d),
('ccabb1b1427d86f3b7f89959bf97b8a62faf51f9', '::1', 1455576188, 0x5f5f63695f6c6173745f726567656e65726174657c693a313435353537353939353b636f6469676f5f7573756172696f7c733a313a2236223b6c6f67696e7c733a363a226e656e65746f223b6e6f6d657c733a373a22416e746f6e696f223b736f6272656e6f6d657c733a343a224e65746f223b636f6469676f5f70657266696c7c733a313a2232223b636f6469676f5f7374617475737c733a313a2231223b6172717569766f5f6176617461727c733a31303a226e656e65746f2e6a7067223b6c6f6761646f7c623a313b676572656e636961725f70726f6a65746f2d327c613a313a7b733a31343a22636f6469676f5f70726f6a65746f223b733a313a2232223b7d676572656e636961725f746172656661732d327c613a313a7b733a31343a22636f6469676f5f70726f6a65746f223b733a313a2232223b7d676572656e636961725f70726f6a65746f2d317c613a313a7b733a31343a22636f6469676f5f70726f6a65746f223b733a313a2231223b7d676572656e636961725f746172656661732d317c613a313a7b733a31343a22636f6469676f5f70726f6a65746f223b733a313a2231223b7d676572656e636961725f70726f6a65746f2d337c613a313a7b733a31343a22636f6469676f5f70726f6a65746f223b733a313a2233223b7d676572656e636961725f746172656661732d337c613a313a7b733a31343a22636f6469676f5f70726f6a65746f223b733a313a2233223b7d),
('cf3aa58ecda196dd1a67dc951b89cbda08226638', '::1', 1455593097, 0x5f5f63695f6c6173745f726567656e65726174657c693a313435353539323937393b636f6469676f5f7573756172696f7c733a313a2236223b6c6f67696e7c733a363a226e656e65746f223b6e6f6d657c733a373a22416e746f6e696f223b736f6272656e6f6d657c733a343a224e65746f223b636f6469676f5f70657266696c7c733a313a2232223b636f6469676f5f7374617475737c733a313a2231223b6172717569766f5f6176617461727c733a31303a226e656e65746f2e6a7067223b6c6f6761646f7c623a313b676572656e636961725f70726f6a65746f2d327c613a313a7b733a31343a22636f6469676f5f70726f6a65746f223b733a313a2232223b7d676572656e636961725f746172656661732d327c613a313a7b733a31343a22636f6469676f5f70726f6a65746f223b733a313a2232223b7d676572656e636961725f70726f6a65746f2d317c613a313a7b733a31343a22636f6469676f5f70726f6a65746f223b733a313a2231223b7d676572656e636961725f746172656661732d317c613a313a7b733a31343a22636f6469676f5f70726f6a65746f223b733a313a2231223b7d676572656e636961725f70726f6a65746f2d357c613a313a7b733a31343a22636f6469676f5f70726f6a65746f223b733a313a2235223b7d676572656e636961725f746172656661732d357c613a313a7b733a31343a22636f6469676f5f70726f6a65746f223b733a313a2235223b7d676572656e636961725f70726f6a65746f2d337c613a313a7b733a31343a22636f6469676f5f70726f6a65746f223b733a313a2233223b7d676572656e636961725f746172656661732d337c613a313a7b733a31343a22636f6469676f5f70726f6a65746f223b733a313a2233223b7d),
('d5d6ec5e11ddef8337bb65efa0ea771bfd60e59e', '::1', 1455337254, 0x5f5f63695f6c6173745f726567656e65726174657c693a313435353333363938353b636f6469676f5f7573756172696f7c733a313a2236223b6c6f67696e7c733a363a226e656e65746f223b6e6f6d657c733a373a22416e746f6e696f223b736f6272656e6f6d657c733a343a224e65746f223b636f6469676f5f70657266696c7c733a313a2232223b636f6469676f5f7374617475737c733a313a2231223b6172717569766f5f6176617461727c733a31303a226e656e65746f2e6a7067223b6c6f6761646f7c623a313b676572656e636961725f70726f6a65746f2d327c613a313a7b733a31343a22636f6469676f5f70726f6a65746f223b733a313a2232223b7d676572656e636961725f746172656661732d327c613a313a7b733a31343a22636f6469676f5f70726f6a65746f223b733a313a2232223b7d676572656e636961725f70726f6a65746f2d337c613a313a7b733a31343a22636f6469676f5f70726f6a65746f223b733a313a2233223b7d676572656e636961725f746172656661732d337c613a313a7b733a31343a22636f6469676f5f70726f6a65746f223b733a313a2233223b7d676572656e636961725f70726f6a65746f2d317c613a313a7b733a31343a22636f6469676f5f70726f6a65746f223b733a313a2231223b7d676572656e636961725f746172656661732d317c613a313a7b733a31343a22636f6469676f5f70726f6a65746f223b733a313a2231223b7d),
('d70ea440523563a1a794c371c2b158efc6a16f20', '192.168.0.12', 1455416997, 0x5f5f63695f6c6173745f726567656e65726174657c693a313435353431363734373b636f6469676f5f7573756172696f7c733a313a2236223b6c6f67696e7c733a363a226e656e65746f223b6e6f6d657c733a373a22416e746f6e696f223b736f6272656e6f6d657c733a343a224e65746f223b636f6469676f5f70657266696c7c733a313a2232223b636f6469676f5f7374617475737c733a313a2231223b6172717569766f5f6176617461727c733a31303a226e656e65746f2e6a7067223b6c6f6761646f7c623a313b676572656e636961725f70726f6a65746f2d317c613a313a7b733a31343a22636f6469676f5f70726f6a65746f223b733a313a2231223b7d676572656e636961725f746172656661732d317c613a313a7b733a31343a22636f6469676f5f70726f6a65746f223b733a313a2231223b7d),
('d746b38c11f788b96d37f9a59ac83e69b005716d', '::1', 1455596622, 0x5f5f63695f6c6173745f726567656e65726174657c693a313435353539363332313b636f6469676f5f7573756172696f7c733a313a2236223b6c6f67696e7c733a363a226e656e65746f223b6e6f6d657c733a373a22416e746f6e696f223b736f6272656e6f6d657c733a343a224e65746f223b636f6469676f5f70657266696c7c733a313a2232223b636f6469676f5f7374617475737c733a313a2231223b6172717569766f5f6176617461727c733a31303a226e656e65746f2e6a7067223b6c6f6761646f7c623a313b676572656e636961725f70726f6a65746f2d327c613a313a7b733a31343a22636f6469676f5f70726f6a65746f223b733a313a2232223b7d676572656e636961725f746172656661732d327c613a313a7b733a31343a22636f6469676f5f70726f6a65746f223b733a313a2232223b7d676572656e636961725f70726f6a65746f2d317c613a313a7b733a31343a22636f6469676f5f70726f6a65746f223b733a313a2231223b7d676572656e636961725f746172656661732d317c613a313a7b733a31343a22636f6469676f5f70726f6a65746f223b733a313a2231223b7d676572656e636961725f70726f6a65746f2d357c613a313a7b733a31343a22636f6469676f5f70726f6a65746f223b733a313a2235223b7d676572656e636961725f746172656661732d357c613a313a7b733a31343a22636f6469676f5f70726f6a65746f223b733a313a2235223b7d676572656e636961725f70726f6a65746f2d337c613a313a7b733a31343a22636f6469676f5f70726f6a65746f223b733a313a2233223b7d676572656e636961725f746172656661732d337c613a313a7b733a31343a22636f6469676f5f70726f6a65746f223b733a313a2233223b7d),
('d773585932836e517af9c336d5ea7fb0761688ff', '::1', 1455420488, 0x5f5f63695f6c6173745f726567656e65726174657c693a313435353432303235323b636f6469676f5f7573756172696f7c733a313a2236223b6c6f67696e7c733a363a226e656e65746f223b6e6f6d657c733a373a22416e746f6e696f223b736f6272656e6f6d657c733a343a224e65746f223b636f6469676f5f70657266696c7c733a313a2232223b636f6469676f5f7374617475737c733a313a2231223b6172717569766f5f6176617461727c733a31303a226e656e65746f2e6a7067223b6c6f6761646f7c623a313b676572656e636961725f70726f6a65746f2d317c613a313a7b733a31343a22636f6469676f5f70726f6a65746f223b733a313a2231223b7d676572656e636961725f746172656661732d317c613a313a7b733a31343a22636f6469676f5f70726f6a65746f223b733a313a2231223b7d),
('d7c354f1f3066e3a1cc2f1539c0e924eecf6cc22', '::1', 1455340158, 0x5f5f63695f6c6173745f726567656e65726174657c693a313435353333393837393b636f6469676f5f7573756172696f7c733a313a2236223b6c6f67696e7c733a363a226e656e65746f223b6e6f6d657c733a373a22416e746f6e696f223b736f6272656e6f6d657c733a343a224e65746f223b636f6469676f5f70657266696c7c733a313a2232223b636f6469676f5f7374617475737c733a313a2231223b6172717569766f5f6176617461727c733a31303a226e656e65746f2e6a7067223b6c6f6761646f7c623a313b676572656e636961725f70726f6a65746f2d327c613a313a7b733a31343a22636f6469676f5f70726f6a65746f223b733a313a2232223b7d676572656e636961725f746172656661732d327c613a313a7b733a31343a22636f6469676f5f70726f6a65746f223b733a313a2232223b7d676572656e636961725f70726f6a65746f2d337c613a313a7b733a31343a22636f6469676f5f70726f6a65746f223b733a313a2233223b7d676572656e636961725f746172656661732d337c613a313a7b733a31343a22636f6469676f5f70726f6a65746f223b733a313a2233223b7d676572656e636961725f70726f6a65746f2d317c613a313a7b733a31343a22636f6469676f5f70726f6a65746f223b733a313a2231223b7d676572656e636961725f746172656661732d317c613a313a7b733a31343a22636f6469676f5f70726f6a65746f223b733a313a2231223b7d),
('dc5095b5668582d5e5fbce538b4822cc7ebd4943', '::1', 1455574703, 0x5f5f63695f6c6173745f726567656e65726174657c693a313435353537333837383b636f6469676f5f7573756172696f7c733a313a2236223b6c6f67696e7c733a363a226e656e65746f223b6e6f6d657c733a373a22416e746f6e696f223b736f6272656e6f6d657c733a343a224e65746f223b636f6469676f5f70657266696c7c733a313a2232223b636f6469676f5f7374617475737c733a313a2231223b6172717569766f5f6176617461727c733a31303a226e656e65746f2e6a7067223b6c6f6761646f7c623a313b676572656e636961725f70726f6a65746f2d327c613a313a7b733a31343a22636f6469676f5f70726f6a65746f223b733a313a2232223b7d676572656e636961725f746172656661732d327c613a313a7b733a31343a22636f6469676f5f70726f6a65746f223b733a313a2232223b7d676572656e636961725f70726f6a65746f2d317c613a313a7b733a31343a22636f6469676f5f70726f6a65746f223b733a313a2231223b7d676572656e636961725f746172656661732d317c613a313a7b733a31343a22636f6469676f5f70726f6a65746f223b733a313a2231223b7d676572656e636961725f70726f6a65746f2d337c613a313a7b733a31343a22636f6469676f5f70726f6a65746f223b733a313a2233223b7d676572656e636961725f746172656661732d337c613a313a7b733a31343a22636f6469676f5f70726f6a65746f223b733a313a2233223b7d),
('e6e9d568b25dd7f57b7b2ec145532217dda68afd', '::1', 1455334693, 0x5f5f63695f6c6173745f726567656e65726174657c693a313435353333343339383b636f6469676f5f7573756172696f7c733a313a2236223b6c6f67696e7c733a363a226e656e65746f223b6e6f6d657c733a373a22416e746f6e696f223b736f6272656e6f6d657c733a343a224e65746f223b636f6469676f5f70657266696c7c733a313a2232223b636f6469676f5f7374617475737c733a313a2231223b6172717569766f5f6176617461727c733a31303a226e656e65746f2e6a7067223b6c6f6761646f7c623a313b676572656e636961725f70726f6a65746f2d327c613a313a7b733a31343a22636f6469676f5f70726f6a65746f223b733a313a2232223b7d676572656e636961725f746172656661732d327c613a313a7b733a31343a22636f6469676f5f70726f6a65746f223b733a313a2232223b7d676572656e636961725f70726f6a65746f2d337c613a313a7b733a31343a22636f6469676f5f70726f6a65746f223b733a313a2233223b7d676572656e636961725f746172656661732d337c613a313a7b733a31343a22636f6469676f5f70726f6a65746f223b733a313a2233223b7d676572656e636961725f70726f6a65746f2d317c613a313a7b733a31343a22636f6469676f5f70726f6a65746f223b733a313a2231223b7d676572656e636961725f746172656661732d317c613a313a7b733a31343a22636f6469676f5f70726f6a65746f223b733a313a2231223b7d),
('e9a536f7ee6fa8f13cc883880373d2206922d66e', '192.168.0.12', 1455417962, 0x5f5f63695f6c6173745f726567656e65726174657c693a313435353431373539383b636f6469676f5f7573756172696f7c733a313a2236223b6c6f67696e7c733a363a226e656e65746f223b6e6f6d657c733a373a22416e746f6e696f223b736f6272656e6f6d657c733a343a224e65746f223b636f6469676f5f70657266696c7c733a313a2232223b636f6469676f5f7374617475737c733a313a2231223b6172717569766f5f6176617461727c733a31303a226e656e65746f2e6a7067223b6c6f6761646f7c623a313b),
('ec2f1055453c656816f73c900686ddffb55f0aee', '192.168.0.12', 1455416410, 0x5f5f63695f6c6173745f726567656e65726174657c693a313435353431353730353b636f6469676f5f7573756172696f7c733a313a2236223b6c6f67696e7c733a363a226e656e65746f223b6e6f6d657c733a373a22416e746f6e696f223b736f6272656e6f6d657c733a343a224e65746f223b636f6469676f5f70657266696c7c733a313a2232223b636f6469676f5f7374617475737c733a313a2231223b6172717569766f5f6176617461727c733a31303a226e656e65746f2e6a7067223b6c6f6761646f7c623a313b676572656e636961725f70726f6a65746f2d317c613a313a7b733a31343a22636f6469676f5f70726f6a65746f223b733a313a2231223b7d676572656e636961725f746172656661732d317c613a313a7b733a31343a22636f6469676f5f70726f6a65746f223b733a313a2231223b7d),
('ec516dbabf651f8b0c8010070d23b2f26b7ce789', '::1', 1455409650, 0x5f5f63695f6c6173745f726567656e65726174657c693a313435353430393135373b636f6469676f5f7573756172696f7c733a313a2236223b6c6f67696e7c733a363a226e656e65746f223b6e6f6d657c733a373a22416e746f6e696f223b736f6272656e6f6d657c733a343a224e65746f223b636f6469676f5f70657266696c7c733a313a2232223b636f6469676f5f7374617475737c733a313a2231223b6172717569766f5f6176617461727c733a31303a226e656e65746f2e6a7067223b6c6f6761646f7c623a313b),
('ed53dff5a50fa9439a59aeef7c0e77828e71f820', '::1', 1455572348, 0x5f5f63695f6c6173745f726567656e65726174657c693a313435353537323137313b636f6469676f5f7573756172696f7c733a313a2236223b6c6f67696e7c733a363a226e656e65746f223b6e6f6d657c733a373a22416e746f6e696f223b736f6272656e6f6d657c733a343a224e65746f223b636f6469676f5f70657266696c7c733a313a2232223b636f6469676f5f7374617475737c733a313a2231223b6172717569766f5f6176617461727c733a31303a226e656e65746f2e6a7067223b6c6f6761646f7c623a313b676572656e636961725f70726f6a65746f2d327c613a313a7b733a31343a22636f6469676f5f70726f6a65746f223b733a313a2232223b7d676572656e636961725f746172656661732d327c613a313a7b733a31343a22636f6469676f5f70726f6a65746f223b733a313a2232223b7d676572656e636961725f70726f6a65746f2d317c613a313a7b733a31343a22636f6469676f5f70726f6a65746f223b733a313a2231223b7d676572656e636961725f746172656661732d317c613a313a7b733a31343a22636f6469676f5f70726f6a65746f223b733a313a2231223b7d61646963696f6e61725f616f5f70726f6a65746f7c613a313a7b733a31343a22636f6469676f5f70726f6a65746f223b693a333b7d5f5f63695f766172737c613a313a7b733a32303a2261646963696f6e61725f616f5f70726f6a65746f223b733a333a226f6c64223b7d676572656e636961725f70726f6a65746f2d337c613a313a7b733a31343a22636f6469676f5f70726f6a65746f223b733a313a2233223b7d676572656e636961725f746172656661732d337c613a313a7b733a31343a22636f6469676f5f70726f6a65746f223b733a313a2233223b7d),
('edaefc384c99a27b51a0804332109ebb7a3b2734', '::1', 1455577076, 0x5f5f63695f6c6173745f726567656e65726174657c693a313435353537363530323b636f6469676f5f7573756172696f7c733a313a2236223b6c6f67696e7c733a363a226e656e65746f223b6e6f6d657c733a373a22416e746f6e696f223b736f6272656e6f6d657c733a343a224e65746f223b636f6469676f5f70657266696c7c733a313a2232223b636f6469676f5f7374617475737c733a313a2231223b6172717569766f5f6176617461727c733a31303a226e656e65746f2e6a7067223b6c6f6761646f7c623a313b676572656e636961725f70726f6a65746f2d327c613a313a7b733a31343a22636f6469676f5f70726f6a65746f223b733a313a2232223b7d676572656e636961725f746172656661732d327c613a313a7b733a31343a22636f6469676f5f70726f6a65746f223b733a313a2232223b7d676572656e636961725f70726f6a65746f2d317c613a313a7b733a31343a22636f6469676f5f70726f6a65746f223b733a313a2231223b7d676572656e636961725f746172656661732d317c613a313a7b733a31343a22636f6469676f5f70726f6a65746f223b733a313a2231223b7d676572656e636961725f70726f6a65746f2d337c613a313a7b733a31343a22636f6469676f5f70726f6a65746f223b733a313a2233223b7d676572656e636961725f746172656661732d337c613a313a7b733a31343a22636f6469676f5f70726f6a65746f223b733a313a2233223b7d),
('ef45fe1bcd21b9505d70976990c7cb0c04137277', '::1', 1455415229, 0x5f5f63695f6c6173745f726567656e65726174657c693a313435353431353232393b),
('f26d8591bb0c17790ebcc2f83cb81948b60dfd96', '::1', 1455588031, 0x5f5f63695f6c6173745f726567656e65726174657c693a313435353538373733313b636f6469676f5f7573756172696f7c733a313a2236223b6c6f67696e7c733a363a226e656e65746f223b6e6f6d657c733a373a22416e746f6e696f223b736f6272656e6f6d657c733a343a224e65746f223b636f6469676f5f70657266696c7c733a313a2232223b636f6469676f5f7374617475737c733a313a2231223b6172717569766f5f6176617461727c733a31303a226e656e65746f2e6a7067223b6c6f6761646f7c623a313b676572656e636961725f70726f6a65746f2d327c613a313a7b733a31343a22636f6469676f5f70726f6a65746f223b733a313a2232223b7d676572656e636961725f746172656661732d327c613a313a7b733a31343a22636f6469676f5f70726f6a65746f223b733a313a2232223b7d676572656e636961725f70726f6a65746f2d317c613a313a7b733a31343a22636f6469676f5f70726f6a65746f223b733a313a2231223b7d676572656e636961725f746172656661732d317c613a313a7b733a31343a22636f6469676f5f70726f6a65746f223b733a313a2231223b7d676572656e636961725f70726f6a65746f2d357c613a313a7b733a31343a22636f6469676f5f70726f6a65746f223b733a313a2235223b7d676572656e636961725f746172656661732d357c613a313a7b733a31343a22636f6469676f5f70726f6a65746f223b733a313a2235223b7d676572656e636961725f70726f6a65746f2d337c613a313a7b733a31343a22636f6469676f5f70726f6a65746f223b733a313a2233223b7d676572656e636961725f746172656661732d337c613a313a7b733a31343a22636f6469676f5f70726f6a65746f223b733a313a2233223b7d),
('f2fa275f69746421ff6e30ce5b1b323ea43f3cd7', '::1', 1455572786, 0x5f5f63695f6c6173745f726567656e65726174657c693a313435353537323534373b636f6469676f5f7573756172696f7c733a313a2236223b6c6f67696e7c733a363a226e656e65746f223b6e6f6d657c733a373a22416e746f6e696f223b736f6272656e6f6d657c733a343a224e65746f223b636f6469676f5f70657266696c7c733a313a2232223b636f6469676f5f7374617475737c733a313a2231223b6172717569766f5f6176617461727c733a31303a226e656e65746f2e6a7067223b6c6f6761646f7c623a313b676572656e636961725f70726f6a65746f2d327c613a313a7b733a31343a22636f6469676f5f70726f6a65746f223b733a313a2232223b7d676572656e636961725f746172656661732d327c613a313a7b733a31343a22636f6469676f5f70726f6a65746f223b733a313a2232223b7d676572656e636961725f70726f6a65746f2d317c613a313a7b733a31343a22636f6469676f5f70726f6a65746f223b733a313a2231223b7d676572656e636961725f746172656661732d317c613a313a7b733a31343a22636f6469676f5f70726f6a65746f223b733a313a2231223b7d676572656e636961725f70726f6a65746f2d337c613a313a7b733a31343a22636f6469676f5f70726f6a65746f223b733a313a2233223b7d676572656e636961725f746172656661732d337c613a313a7b733a31343a22636f6469676f5f70726f6a65746f223b733a313a2233223b7d),
('f3ccc6eef47d71655c1528babf25d4de8d389f08', '192.168.0.12', 1455418884, 0x5f5f63695f6c6173745f726567656e65726174657c693a313435353431383637363b636f6469676f5f7573756172696f7c733a313a2236223b6c6f67696e7c733a363a226e656e65746f223b6e6f6d657c733a373a22416e746f6e696f223b736f6272656e6f6d657c733a343a224e65746f223b636f6469676f5f70657266696c7c733a313a2232223b636f6469676f5f7374617475737c733a313a2231223b6172717569766f5f6176617461727c733a31303a226e656e65746f2e6a7067223b6c6f6761646f7c623a313b676572656e636961725f70726f6a65746f2d317c613a313a7b733a31343a22636f6469676f5f70726f6a65746f223b733a313a2231223b7d676572656e636961725f746172656661732d317c613a313a7b733a31343a22636f6469676f5f70726f6a65746f223b733a313a2231223b7d),
('f49c53ff1400208d8bf2c2a9c1fd132165136ab4', '::1', 1455583167, 0x5f5f63695f6c6173745f726567656e65726174657c693a313435353538323339323b636f6469676f5f7573756172696f7c733a313a2236223b6c6f67696e7c733a363a226e656e65746f223b6e6f6d657c733a373a22416e746f6e696f223b736f6272656e6f6d657c733a343a224e65746f223b636f6469676f5f70657266696c7c733a313a2232223b636f6469676f5f7374617475737c733a313a2231223b6172717569766f5f6176617461727c733a31303a226e656e65746f2e6a7067223b6c6f6761646f7c623a313b676572656e636961725f70726f6a65746f2d327c613a313a7b733a31343a22636f6469676f5f70726f6a65746f223b733a313a2232223b7d676572656e636961725f746172656661732d327c613a313a7b733a31343a22636f6469676f5f70726f6a65746f223b733a313a2232223b7d676572656e636961725f70726f6a65746f2d317c613a313a7b733a31343a22636f6469676f5f70726f6a65746f223b733a313a2231223b7d676572656e636961725f746172656661732d317c613a313a7b733a31343a22636f6469676f5f70726f6a65746f223b733a313a2231223b7d676572656e636961725f70726f6a65746f2d337c613a313a7b733a31343a22636f6469676f5f70726f6a65746f223b733a313a2233223b7d676572656e636961725f746172656661732d337c613a313a7b733a31343a22636f6469676f5f70726f6a65746f223b733a313a2233223b7d676572656e636961725f70726f6a65746f2d347c613a313a7b733a31343a22636f6469676f5f70726f6a65746f223b733a313a2234223b7d676572656e636961725f746172656661732d347c613a313a7b733a31343a22636f6469676f5f70726f6a65746f223b733a313a2234223b7d676572656e636961725f70726f6a65746f2d357c613a313a7b733a31343a22636f6469676f5f70726f6a65746f223b733a313a2235223b7d676572656e636961725f746172656661732d357c613a313a7b733a31343a22636f6469676f5f70726f6a65746f223b733a313a2235223b7d),
('f89eca84f88770c8bf3f80bcde0b67653a522650', '::1', 1455409955, 0x5f5f63695f6c6173745f726567656e65726174657c693a313435353430393935353b636f6469676f5f7573756172696f7c733a313a2236223b6c6f67696e7c733a363a226e656e65746f223b6e6f6d657c733a373a22416e746f6e696f223b736f6272656e6f6d657c733a343a224e65746f223b636f6469676f5f70657266696c7c733a313a2232223b636f6469676f5f7374617475737c733a313a2231223b6172717569766f5f6176617461727c733a31303a226e656e65746f2e6a7067223b6c6f6761646f7c623a313b),
('f9a40be1900b354cd1ce6a578862e5ca94309a51', '::1', 1455335129, 0x5f5f63695f6c6173745f726567656e65726174657c693a313435353333353034383b636f6469676f5f7573756172696f7c733a313a2236223b6c6f67696e7c733a363a226e656e65746f223b6e6f6d657c733a373a22416e746f6e696f223b736f6272656e6f6d657c733a343a224e65746f223b636f6469676f5f70657266696c7c733a313a2232223b636f6469676f5f7374617475737c733a313a2231223b6172717569766f5f6176617461727c733a31303a226e656e65746f2e6a7067223b6c6f6761646f7c623a313b676572656e636961725f70726f6a65746f2d327c613a313a7b733a31343a22636f6469676f5f70726f6a65746f223b733a313a2232223b7d676572656e636961725f746172656661732d327c613a313a7b733a31343a22636f6469676f5f70726f6a65746f223b733a313a2232223b7d676572656e636961725f70726f6a65746f2d337c613a313a7b733a31343a22636f6469676f5f70726f6a65746f223b733a313a2233223b7d676572656e636961725f746172656661732d337c613a313a7b733a31343a22636f6469676f5f70726f6a65746f223b733a313a2233223b7d676572656e636961725f70726f6a65746f2d317c613a313a7b733a31343a22636f6469676f5f70726f6a65746f223b733a313a2231223b7d676572656e636961725f746172656661732d317c613a313a7b733a31343a22636f6469676f5f70726f6a65746f223b733a313a2231223b7d);

-- --------------------------------------------------------

--
-- Estrutura da tabela `observacoes_resposta`
--

CREATE TABLE IF NOT EXISTS `observacoes_resposta` (
  `codigo` int(11) NOT NULL AUTO_INCREMENT,
  `codigo_observacao` int(11) NOT NULL,
  `resposta` varchar(500) NOT NULL,
  `data_resposta` date DEFAULT NULL,
  `inserido_por` int(11) DEFAULT NULL,
  PRIMARY KEY (`codigo`)
) ENGINE=InnoDB  DEFAULT CHARSET=latin1 AUTO_INCREMENT=15 ;

--
-- Extraindo dados da tabela `observacoes_resposta`
--

INSERT INTO `observacoes_resposta` (`codigo`, `codigo_observacao`, `resposta`, `data_resposta`, `inserido_por`) VALUES
(1, 1, 'Aceito!', '2016-02-14', 6),
(2, 2, 'Nada', '2016-02-14', 6),
(3, 3, 'Ai sim!', '2016-02-14', 6),
(4, 5, 'Valeu!', '2016-02-15', 6),
(5, 6, 'valeu', '2016-02-15', 6),
(6, 7, 'Aceito!', '2016-02-15', 6),
(7, 8, 'Aceito!', '2016-02-15', 6),
(8, 12, 'nops', '2016-02-15', 6),
(9, 13, 'SIM', '2016-02-15', 6),
(10, 14, 'SIM', '2016-02-16', 6),
(11, 15, 'aceita!', '2016-02-16', 6),
(12, 11, 'nada disso', '2016-02-16', 6),
(13, 16, 'agora sim', '2016-02-16', 6),
(14, 10, 'okkkk', '2016-02-16', 6);

-- --------------------------------------------------------

--
-- Estrutura da tabela `observacoes_status`
--

CREATE TABLE IF NOT EXISTS `observacoes_status` (
  `codigo` int(11) NOT NULL AUTO_INCREMENT,
  `nome` varchar(100) NOT NULL,
  PRIMARY KEY (`codigo`)
) ENGINE=InnoDB  DEFAULT CHARSET=latin1 AUTO_INCREMENT=5 ;

--
-- Extraindo dados da tabela `observacoes_status`
--

INSERT INTO `observacoes_status` (`codigo`, `nome`) VALUES
(1, 'Em andamento'),
(2, 'Aceita'),
(3, 'Negada'),
(4, 'Finalização forçada');

-- --------------------------------------------------------

--
-- Estrutura da tabela `observacoes_tipo`
--

CREATE TABLE IF NOT EXISTS `observacoes_tipo` (
  `codigo` int(11) NOT NULL AUTO_INCREMENT,
  `tipo` varchar(100) NOT NULL,
  PRIMARY KEY (`codigo`)
) ENGINE=InnoDB  DEFAULT CHARSET=latin1 AUTO_INCREMENT=4 ;

--
-- Extraindo dados da tabela `observacoes_tipo`
--

INSERT INTO `observacoes_tipo` (`codigo`, `tipo`) VALUES
(1, 'Finalização'),
(2, 'Extensão de Prazo'),
(3, 'Finalização Forçada');

-- --------------------------------------------------------

--
-- Estrutura da tabela `papel`
--

CREATE TABLE IF NOT EXISTS `papel` (
  `codigo` int(11) NOT NULL AUTO_INCREMENT,
  `nome` varchar(30) NOT NULL,
  PRIMARY KEY (`codigo`)
) ENGINE=InnoDB  DEFAULT CHARSET=latin1 AUTO_INCREMENT=4 ;

--
-- Extraindo dados da tabela `papel`
--

INSERT INTO `papel` (`codigo`, `nome`) VALUES
(1, 'Líder'),
(2, 'Participante'),
(3, 'Coordenador');

-- --------------------------------------------------------

--
-- Estrutura da tabela `perfil`
--

CREATE TABLE IF NOT EXISTS `perfil` (
  `codigo` int(11) NOT NULL AUTO_INCREMENT,
  `nome` varchar(30) NOT NULL,
  PRIMARY KEY (`codigo`)
) ENGINE=InnoDB  DEFAULT CHARSET=latin1 AUTO_INCREMENT=3 ;

--
-- Extraindo dados da tabela `perfil`
--

INSERT INTO `perfil` (`codigo`, `nome`) VALUES
(1, 'User'),
(2, 'Admin');

-- --------------------------------------------------------

--
-- Estrutura da tabela `projeto`
--

CREATE TABLE IF NOT EXISTS `projeto` (
  `codigo` int(11) NOT NULL AUTO_INCREMENT,
  `titulo` varchar(100) NOT NULL,
  `descricao` varchar(300) NOT NULL,
  `prioridade` int(11) NOT NULL,
  `data_inicio` date NOT NULL,
  `data_prazo` date NOT NULL,
  `data_fim` date DEFAULT NULL,
  `criado_por` int(11) NOT NULL,
  `codigo_status` int(11) NOT NULL,
  PRIMARY KEY (`codigo`)
) ENGINE=InnoDB  DEFAULT CHARSET=latin1 AUTO_INCREMENT=6 ;

--
-- Extraindo dados da tabela `projeto`
--

INSERT INTO `projeto` (`codigo`, `titulo`, `descricao`, `prioridade`, `data_inicio`, `data_prazo`, `data_fim`, `criado_por`, `codigo_status`) VALUES
(1, 'Aplicativo Mobile Demandas', 'Este eh o teste de um aplicativo mobile para demandas.', 3, '2016-02-13', '2016-02-29', NULL, 6, 1),
(2, 'Teste Aparelhagem', 'Lorem desc Lorem desc Lorem desc Lorem desc Lorem desc Lorem desc Lorem desc Lorem desc Lorem desc Lorem desc Lorem desc Lorem desc Lorem desc Lorem desc Lorem desc Lorem desc Lorem desc Lorem desc Lorem desc Lorem desc Lorem desc Lorem desc ', 2, '2016-02-10', '2016-02-26', NULL, 0, 1),
(3, 'Publicom', 'O Encontro de Comunicação Pública do Pará é um evento promovido pela Secretaria de Comunicação e seu intuito é oferecer treinamento e qualificação para os profissionais de comunicação do Estado.\r\nA primeira edição do Publicom ocorreu em 2013, em Belém, e contou com a participação de mais de 160 part', 1, '2016-02-16', '2016-03-15', NULL, 0, 1),
(4, 'Demandas de Fevereiro', 'Aqui devem ser colocadas todas as demandas esporádicas da DCI', 1, '2016-02-01', '2016-02-29', NULL, 0, 1),
(5, 'Demandas de Fevereiro', 'Aqui vao as demandas de cada mes, cada qual uma tarefa.', 1, '2016-02-01', '2016-02-29', NULL, 0, 1);

-- --------------------------------------------------------

--
-- Estrutura da tabela `projeto_tarefa`
--

CREATE TABLE IF NOT EXISTS `projeto_tarefa` (
  `codigo` int(11) NOT NULL AUTO_INCREMENT,
  `codigo_projeto` int(11) NOT NULL,
  `codigo_tarefa` int(11) NOT NULL,
  PRIMARY KEY (`codigo`)
) ENGINE=InnoDB DEFAULT CHARSET=latin1 AUTO_INCREMENT=1 ;

-- --------------------------------------------------------

--
-- Estrutura da tabela `status`
--

CREATE TABLE IF NOT EXISTS `status` (
  `codigo` int(11) NOT NULL,
  `nome` varchar(30) NOT NULL,
  PRIMARY KEY (`codigo`)
) ENGINE=InnoDB DEFAULT CHARSET=latin1;

--
-- Extraindo dados da tabela `status`
--

INSERT INTO `status` (`codigo`, `nome`) VALUES
(0, 'Desativado'),
(1, 'Ativado');

-- --------------------------------------------------------

--
-- Estrutura da tabela `tarefa`
--

CREATE TABLE IF NOT EXISTS `tarefa` (
  `codigo` int(11) NOT NULL AUTO_INCREMENT,
  `titulo` varchar(100) NOT NULL,
  `descricao` varchar(300) NOT NULL,
  `prioridade` int(1) NOT NULL,
  `data_inicio` date NOT NULL,
  `data_prazo` date NOT NULL,
  `data_fim` date DEFAULT NULL,
  `encerrada` tinyint(4) DEFAULT NULL,
  `encerrada_por` int(11) DEFAULT NULL,
  `criado_por` int(11) NOT NULL,
  `codigo_projeto` int(11) NOT NULL,
  `codigo_usuario` int(11) NOT NULL,
  `codigo_status` int(11) NOT NULL,
  PRIMARY KEY (`codigo`)
) ENGINE=InnoDB  DEFAULT CHARSET=latin1 AUTO_INCREMENT=17 ;

--
-- Extraindo dados da tabela `tarefa`
--

INSERT INTO `tarefa` (`codigo`, `titulo`, `descricao`, `prioridade`, `data_inicio`, `data_prazo`, `data_fim`, `encerrada`, `encerrada_por`, `criado_por`, `codigo_projeto`, `codigo_usuario`, `codigo_status`) VALUES
(1, 'Proposta 2', 'Criar e apeesentar projeto com a proposta de desenvovomento do aplicativo', 2, '2016-02-13', '2016-02-16', '2016-02-15', 1, 6, 0, 1, 5, 1),
(2, 'Teste 26', 'huhuhuhu', 2, '2016-02-11', '2016-02-18', '2016-02-14', 1, 6, 0, 2, 7, 1),
(3, 'do Joao', 'lkjlkjlkjkl', 2, '2016-02-14', '2016-02-26', '2016-02-14', 1, 6, 0, 2, 7, 1),
(4, 'Italo', 'gyygygy', 1, '2016-02-12', '2016-02-16', NULL, 1, 6, 6, 2, 9, 1),
(5, 'huhuhu', 'huhuhuh', 3, '2016-02-10', '2016-02-18', '2016-02-15', 1, 6, 0, 2, 9, 1),
(6, 'Teste', 'Teste', 2, '2016-02-15', '2016-02-22', '2016-02-15', 1, 6, 0, 3, 8, 1),
(7, 'Teste', 'Teste', 2, '2016-02-15', '2016-02-17', '2016-02-15', 1, 6, 6, 5, 5, 1),
(8, 'testet 2', 'teste', 1, '2016-02-14', '2016-02-17', NULL, NULL, NULL, 6, 5, 7, 1),
(9, 'teste', 'teste', 2, '2016-02-16', '2016-02-17', '2016-02-15', 1, 6, 6, 3, 4, 1),
(10, '[po[po[po', 'p[o[p[o[p', 1, '2016-02-16', '2016-02-25', NULL, 1, 6, 6, 3, 8, 1),
(11, 'jklklj', 'kjllkjklj', 2, '2016-02-16', '2016-02-19', '2016-02-16', 1, 6, 6, 3, 9, 1),
(12, 'jkljlkj', 'jkljlkj', 1, '2016-02-16', '2016-02-23', '2016-02-15', 1, 6, 6, 3, 9, 1),
(13, 'uoiuiui', 'iuuiuiui', 1, '2016-02-16', '2016-02-18', '2016-02-16', 1, 6, 6, 5, 5, 1),
(14, 'lkjlkjlkj', 'jkljkljlkj', 3, '2016-02-16', '2016-02-19', '2016-02-16', 1, 6, 6, 5, 5, 1),
(15, 'Ativado', 'ativado', 2, '2016-02-16', '2016-02-18', NULL, NULL, NULL, 6, 3, 4, 1),
(16, 'Ativado', 'Ativado', 2, '2016-02-16', '2016-02-18', NULL, NULL, NULL, 0, 3, 10, 1);

-- --------------------------------------------------------

--
-- Estrutura da tabela `tarefa_observacoes`
--

CREATE TABLE IF NOT EXISTS `tarefa_observacoes` (
  `codigo` int(11) NOT NULL AUTO_INCREMENT,
  `observacao` varchar(500) NOT NULL,
  `data_criada` date NOT NULL,
  `codigo_tipo` int(11) NOT NULL,
  `codigo_status_obs` int(11) DEFAULT NULL,
  `codigo_tarefa` int(11) NOT NULL,
  `inserido_por` int(11) NOT NULL,
  PRIMARY KEY (`codigo`)
) ENGINE=InnoDB  DEFAULT CHARSET=latin1 AUTO_INCREMENT=17 ;

--
-- Extraindo dados da tabela `tarefa_observacoes`
--

INSERT INTO `tarefa_observacoes` (`codigo`, `observacao`, `data_criada`, `codigo_tipo`, `codigo_status_obs`, `codigo_tarefa`, `inserido_por`) VALUES
(1, 'Terminei', '2016-02-14', 1, 2, 3, 7),
(2, 'Ta safo?', '2016-02-14', 1, 3, 2, 7),
(3, 'E agora?', '2016-02-14', 1, 2, 2, 7),
(4, 'teste fim', '2016-02-15', 3, NULL, 4, 6),
(5, 'encerrei italo', '2016-02-15', 1, 2, 5, 9),
(6, 'Testando mensagem', '2016-02-15', 1, 2, 1, 5),
(7, 'fim', '2016-02-15', 1, 2, 6, 8),
(8, 'Teste fim', '2016-02-15', 1, 2, 9, 4),
(9, 'forcei', '2016-02-15', 3, NULL, 10, 6),
(10, 'fim fim ', '2016-02-15', 1, 2, 12, 9),
(11, 'fim fim 2', '2016-02-15', 1, 3, 11, 9),
(12, 'jkhjeahekhrkejhrkqej', '2016-02-15', 1, 3, 7, 5),
(13, 'tete fim', '2016-02-15', 1, 2, 7, 5),
(14, 'erro?', '2016-02-16', 1, 2, 13, 5),
(15, 'hahaha? erro?', '2016-02-16', 1, 2, 14, 5),
(16, 'e agora?', '2016-02-16', 1, 2, 11, 9);

-- --------------------------------------------------------

--
-- Estrutura da tabela `usuario`
--

CREATE TABLE IF NOT EXISTS `usuario` (
  `codigo` int(11) NOT NULL AUTO_INCREMENT,
  `login` varchar(15) NOT NULL,
  `senha` varchar(100) NOT NULL,
  `email` varchar(100) NOT NULL,
  `nome` varchar(30) NOT NULL,
  `sobrenome` varchar(30) NOT NULL,
  `data_nascimento` date NOT NULL,
  `arquivo_avatar` varchar(200) NOT NULL,
  `data_criado` date NOT NULL,
  `codigo_funcao` int(11) NOT NULL,
  `codigo_perfil` int(11) NOT NULL,
  `codigo_status` int(11) NOT NULL,
  PRIMARY KEY (`codigo`)
) ENGINE=InnoDB  DEFAULT CHARSET=latin1 AUTO_INCREMENT=12 ;

--
-- Extraindo dados da tabela `usuario`
--

INSERT INTO `usuario` (`codigo`, `login`, `senha`, `email`, `nome`, `sobrenome`, `data_nascimento`, `arquivo_avatar`, `data_criado`, `codigo_funcao`, `codigo_perfil`, `codigo_status`) VALUES
(4, 'igor', '7c67e713a4b4139702de1a4fac672344', 'igorcha@secom.pa.gov.br', 'Igor', 'Cha', '2001-01-01', 'igor-avatar.jpg', '2015-12-17', 4, 1, 1),
(5, 'mlp', '7c67e713a4b4139702de1a4fac672344', 'marciopassosbel@gmail.com', 'Márcio', 'Passos', '1981-04-13', 'avatar3.jpg', '2015-12-17', 3, 2, 1),
(6, 'neneto', '7c67e713a4b4139702de1a4fac672344', 'antonioneto@secom.pa.gov.br', 'Antonio', 'Neto', '2001-01-01', 'neneto.jpg', '2015-12-17', 1, 2, 1),
(7, 'joao', '7c67e713a4b4139702de1a4fac672344', 'joaolemos@secom.pa.gov.br', 'João', 'Lemos', '2010-10-10', 'joao.jpg', '2015-12-17', 4, 1, 1),
(8, 'vini', '7c67e713a4b4139702de1a4fac672344', 'viniciusmonteiro@secom.pa.gov.br', 'Vinicius', 'Monteiro', '2002-02-20', 'vinicius.jpg', '2015-12-17', 2, 1, 1),
(9, 'italo', '7c67e713a4b4139702de1a4fac672344', 'italo.torres@secom.pa.gov.br', 'Ítalo', 'Torres', '1990-11-11', 'italo.jpg', '2015-12-17', 2, 1, 1),
(10, 'pet', '7c67e713a4b4139702de1a4fac672344', 'pettersonfariassecom@gmail.com', 'Petterson', 'Farias', '1993-12-12', 'pet.jpg', '2015-12-17', 2, 1, 1),
(11, 'carolina', '7c67e713a4b4139702de1a4fac672344', 'carolinaventurini@icloud.com', 'Carolina', 'Venturini Passos', '2005-09-05', '12113508_10204682176965630_8757563117268102190_o.jpg', '2015-12-23', 2, 2, 1);

-- --------------------------------------------------------

--
-- Estrutura da tabela `usuario_acesso`
--

CREATE TABLE IF NOT EXISTS `usuario_acesso` (
  `codigo` int(11) NOT NULL AUTO_INCREMENT,
  `codigo_usuario` int(11) NOT NULL,
  `data_acesso` timestamp NOT NULL DEFAULT CURRENT_TIMESTAMP,
  PRIMARY KEY (`codigo`)
) ENGINE=InnoDB DEFAULT CHARSET=latin1 AUTO_INCREMENT=1 ;

-- --------------------------------------------------------

--
-- Estrutura da tabela `usuario_funcao`
--

CREATE TABLE IF NOT EXISTS `usuario_funcao` (
  `codigo` int(11) NOT NULL AUTO_INCREMENT,
  `titulo` varchar(100) NOT NULL,
  PRIMARY KEY (`codigo`)
) ENGINE=InnoDB  DEFAULT CHARSET=latin1 AUTO_INCREMENT=6 ;

--
-- Extraindo dados da tabela `usuario_funcao`
--

INSERT INTO `usuario_funcao` (`codigo`, `titulo`) VALUES
(1, 'Diretor'),
(2, 'Assessor de Comunicação'),
(3, 'Analista de Sistemas'),
(4, 'Designer Gráfico'),
(5, 'Estagiário');

-- --------------------------------------------------------

--
-- Estrutura da tabela `usuario_projeto`
--

CREATE TABLE IF NOT EXISTS `usuario_projeto` (
  `codigo` int(11) NOT NULL AUTO_INCREMENT,
  `codigo_usuario` int(11) NOT NULL,
  `codigo_projeto` int(11) NOT NULL,
  `codigo_papel` int(11) NOT NULL,
  PRIMARY KEY (`codigo`)
) ENGINE=InnoDB  DEFAULT CHARSET=latin1 AUTO_INCREMENT=32 ;

--
-- Extraindo dados da tabela `usuario_projeto`
--

INSERT INTO `usuario_projeto` (`codigo`, `codigo_usuario`, `codigo_projeto`, `codigo_papel`) VALUES
(1, 6, 1, 1),
(2, 5, 1, 2),
(3, 8, 1, 2),
(4, 11, 1, 2),
(5, 6, 2, 1),
(7, 5, 2, 2),
(8, 7, 2, 2),
(9, 9, 2, 2),
(10, 6, 3, 1),
(11, 4, 3, 2),
(12, 8, 3, 2),
(13, 9, 3, 2),
(14, 10, 3, 2),
(16, 4, 4, 2),
(17, 5, 4, 2),
(19, 7, 4, 2),
(20, 8, 4, 2),
(21, 9, 4, 2),
(22, 10, 4, 2),
(23, 11, 4, 2),
(24, 6, 5, 1),
(25, 4, 5, 2),
(26, 5, 5, 2),
(27, 7, 5, 2),
(28, 8, 5, 2),
(29, 9, 5, 2),
(30, 10, 5, 2),
(31, 11, 5, 2);

-- --------------------------------------------------------

--
-- Estrutura da tabela `usuario_tarefa`
--

CREATE TABLE IF NOT EXISTS `usuario_tarefa` (
  `codigo` int(11) NOT NULL AUTO_INCREMENT,
  `codigo_usuario` int(11) NOT NULL,
  `codigo_tarefa` int(11) NOT NULL,
  `codigo_papel` int(11) NOT NULL,
  PRIMARY KEY (`codigo`)
) ENGINE=InnoDB DEFAULT CHARSET=latin1 AUTO_INCREMENT=1 ;

/*!40101 SET CHARACTER_SET_CLIENT=@OLD_CHARACTER_SET_CLIENT */;
/*!40101 SET CHARACTER_SET_RESULTS=@OLD_CHARACTER_SET_RESULTS */;
/*!40101 SET COLLATION_CONNECTION=@OLD_COLLATION_CONNECTION */;
