-- phpMyAdmin SQL Dump
-- version 4.0.4.1
-- http://www.phpmyadmin.net
--
-- Máquina: localhost
-- Data de Criação: 13-Fev-2016 às 06:29
-- Versão do servidor: 5.5.31
-- versão do PHP: 5.4.19

SET SQL_MODE = "NO_AUTO_VALUE_ON_ZERO";
SET time_zone = "+00:00";


/*!40101 SET @OLD_CHARACTER_SET_CLIENT=@@CHARACTER_SET_CLIENT */;
/*!40101 SET @OLD_CHARACTER_SET_RESULTS=@@CHARACTER_SET_RESULTS */;
/*!40101 SET @OLD_COLLATION_CONNECTION=@@COLLATION_CONNECTION */;
/*!40101 SET NAMES utf8 */;

--
-- Base de Dados: `demandou-prod`
--
CREATE DATABASE IF NOT EXISTS `demandou-prod` DEFAULT CHARACTER SET latin1 COLLATE latin1_swedish_ci;
USE `demandou-prod`;

-- --------------------------------------------------------

--
-- Estrutura da tabela `ci_sessions`
--

CREATE TABLE IF NOT EXISTS `ci_sessions` (
  `id` varchar(40) NOT NULL,
  `ip_address` varchar(45) NOT NULL,
  `timestamp` int(10) unsigned NOT NULL DEFAULT '0',
  `data` blob NOT NULL,
  PRIMARY KEY (`id`),
  KEY `ci_sessions_timestamp` (`timestamp`)
) ENGINE=InnoDB DEFAULT CHARSET=latin1;

--
-- Extraindo dados da tabela `ci_sessions`
--

INSERT INTO `ci_sessions` (`id`, `ip_address`, `timestamp`, `data`) VALUES
('2a7d456b6fdc81fd1ec4a42b07be07702dbfac28', '::1', 1455338678, 0x5f5f63695f6c6173745f726567656e65726174657c693a313435353333383239313b636f6469676f5f7573756172696f7c733a313a2236223b6c6f67696e7c733a363a226e656e65746f223b6e6f6d657c733a373a22416e746f6e696f223b736f6272656e6f6d657c733a343a224e65746f223b636f6469676f5f70657266696c7c733a313a2232223b636f6469676f5f7374617475737c733a313a2231223b6172717569766f5f6176617461727c733a31303a226e656e65746f2e6a7067223b6c6f6761646f7c623a313b676572656e636961725f70726f6a65746f2d327c613a313a7b733a31343a22636f6469676f5f70726f6a65746f223b733a313a2232223b7d676572656e636961725f746172656661732d327c613a313a7b733a31343a22636f6469676f5f70726f6a65746f223b733a313a2232223b7d676572656e636961725f70726f6a65746f2d337c613a313a7b733a31343a22636f6469676f5f70726f6a65746f223b733a313a2233223b7d676572656e636961725f746172656661732d337c613a313a7b733a31343a22636f6469676f5f70726f6a65746f223b733a313a2233223b7d676572656e636961725f70726f6a65746f2d317c613a313a7b733a31343a22636f6469676f5f70726f6a65746f223b733a313a2231223b7d676572656e636961725f746172656661732d317c613a313a7b733a31343a22636f6469676f5f70726f6a65746f223b733a313a2231223b7d),
('2b3612dc19c10e7208312c06cb9354d5df63fc07', '::1', 1455333688, 0x5f5f63695f6c6173745f726567656e65726174657c693a313435353333333536363b636f6469676f5f7573756172696f7c733a313a2236223b6c6f67696e7c733a363a226e656e65746f223b6e6f6d657c733a373a22416e746f6e696f223b736f6272656e6f6d657c733a343a224e65746f223b636f6469676f5f70657266696c7c733a313a2232223b636f6469676f5f7374617475737c733a313a2231223b6172717569766f5f6176617461727c733a31303a226e656e65746f2e6a7067223b6c6f6761646f7c623a313b676572656e636961725f70726f6a65746f2d327c613a313a7b733a31343a22636f6469676f5f70726f6a65746f223b733a313a2232223b7d676572656e636961725f746172656661732d327c613a313a7b733a31343a22636f6469676f5f70726f6a65746f223b733a313a2232223b7d676572656e636961725f70726f6a65746f2d337c613a313a7b733a31343a22636f6469676f5f70726f6a65746f223b733a313a2233223b7d676572656e636961725f746172656661732d337c613a313a7b733a31343a22636f6469676f5f70726f6a65746f223b733a313a2233223b7d676572656e636961725f70726f6a65746f2d317c613a313a7b733a31343a22636f6469676f5f70726f6a65746f223b733a313a2231223b7d676572656e636961725f746172656661732d317c613a313a7b733a31343a22636f6469676f5f70726f6a65746f223b733a313a2231223b7d),
('393d92e93d876082fda1f8847637ce2e6605be09', '::1', 1455339873, 0x5f5f63695f6c6173745f726567656e65726174657c693a313435353333393536333b636f6469676f5f7573756172696f7c733a323a223131223b6c6f67696e7c733a383a226361726f6c696e61223b6e6f6d657c733a383a224361726f6c696e61223b736f6272656e6f6d657c733a31363a2256656e747572696e6920506173736f73223b636f6469676f5f70657266696c7c733a313a2232223b636f6469676f5f7374617475737c733a313a2231223b6172717569766f5f6176617461727c733a35323a2231323131333530385f31303230343638323137363936353633305f383735373536333131373236383130323139305f6f2e6a7067223b6c6f6761646f7c623a313b),
('59c3e9a82b1a80e183e139a6e737ed9f3651127b', '::1', 1455341005, 0x5f5f63695f6c6173745f726567656e65726174657c693a313435353334303537373b636f6469676f5f7573756172696f7c733a313a2236223b6c6f67696e7c733a363a226e656e65746f223b6e6f6d657c733a373a22416e746f6e696f223b736f6272656e6f6d657c733a343a224e65746f223b636f6469676f5f70657266696c7c733a313a2232223b636f6469676f5f7374617475737c733a313a2231223b6172717569766f5f6176617461727c733a31303a226e656e65746f2e6a7067223b6c6f6761646f7c623a313b676572656e636961725f70726f6a65746f2d327c613a313a7b733a31343a22636f6469676f5f70726f6a65746f223b733a313a2232223b7d676572656e636961725f746172656661732d327c613a313a7b733a31343a22636f6469676f5f70726f6a65746f223b733a313a2232223b7d676572656e636961725f70726f6a65746f2d337c613a313a7b733a31343a22636f6469676f5f70726f6a65746f223b733a313a2233223b7d676572656e636961725f746172656661732d337c613a313a7b733a31343a22636f6469676f5f70726f6a65746f223b733a313a2233223b7d676572656e636961725f70726f6a65746f2d317c613a313a7b733a31343a22636f6469676f5f70726f6a65746f223b733a313a2231223b7d676572656e636961725f746172656661732d317c613a313a7b733a31343a22636f6469676f5f70726f6a65746f223b733a313a2231223b7d),
('700c60fc78c22306295764d6faedb592ae89c044', '::1', 1455334227, 0x5f5f63695f6c6173745f726567656e65726174657c693a313435353333333937353b636f6469676f5f7573756172696f7c733a313a2236223b6c6f67696e7c733a363a226e656e65746f223b6e6f6d657c733a373a22416e746f6e696f223b736f6272656e6f6d657c733a343a224e65746f223b636f6469676f5f70657266696c7c733a313a2232223b636f6469676f5f7374617475737c733a313a2231223b6172717569766f5f6176617461727c733a31303a226e656e65746f2e6a7067223b6c6f6761646f7c623a313b676572656e636961725f70726f6a65746f2d327c613a313a7b733a31343a22636f6469676f5f70726f6a65746f223b733a313a2232223b7d676572656e636961725f746172656661732d327c613a313a7b733a31343a22636f6469676f5f70726f6a65746f223b733a313a2232223b7d676572656e636961725f70726f6a65746f2d337c613a313a7b733a31343a22636f6469676f5f70726f6a65746f223b733a313a2233223b7d676572656e636961725f746172656661732d337c613a313a7b733a31343a22636f6469676f5f70726f6a65746f223b733a313a2233223b7d676572656e636961725f70726f6a65746f2d317c613a313a7b733a31343a22636f6469676f5f70726f6a65746f223b733a313a2231223b7d676572656e636961725f746172656661732d317c613a313a7b733a31343a22636f6469676f5f70726f6a65746f223b733a313a2231223b7d),
('749a732fcc802d7a251911ef37fbfa5f42aebbc3', '::1', 1455337565, 0x5f5f63695f6c6173745f726567656e65726174657c693a313435353333373238373b636f6469676f5f7573756172696f7c733a313a2236223b6c6f67696e7c733a363a226e656e65746f223b6e6f6d657c733a373a22416e746f6e696f223b736f6272656e6f6d657c733a343a224e65746f223b636f6469676f5f70657266696c7c733a313a2232223b636f6469676f5f7374617475737c733a313a2231223b6172717569766f5f6176617461727c733a31303a226e656e65746f2e6a7067223b6c6f6761646f7c623a313b676572656e636961725f70726f6a65746f2d327c613a313a7b733a31343a22636f6469676f5f70726f6a65746f223b733a313a2232223b7d676572656e636961725f746172656661732d327c613a313a7b733a31343a22636f6469676f5f70726f6a65746f223b733a313a2232223b7d676572656e636961725f70726f6a65746f2d337c613a313a7b733a31343a22636f6469676f5f70726f6a65746f223b733a313a2233223b7d676572656e636961725f746172656661732d337c613a313a7b733a31343a22636f6469676f5f70726f6a65746f223b733a313a2233223b7d676572656e636961725f70726f6a65746f2d317c613a313a7b733a31343a22636f6469676f5f70726f6a65746f223b733a313a2231223b7d676572656e636961725f746172656661732d317c613a313a7b733a31343a22636f6469676f5f70726f6a65746f223b733a313a2231223b7d),
('7b007deec9892918000f155b376297a4dc40b291', '::1', 1455336887, 0x5f5f63695f6c6173745f726567656e65726174657c693a313435353333363638313b636f6469676f5f7573756172696f7c733a313a2236223b6c6f67696e7c733a363a226e656e65746f223b6e6f6d657c733a373a22416e746f6e696f223b736f6272656e6f6d657c733a343a224e65746f223b636f6469676f5f70657266696c7c733a313a2232223b636f6469676f5f7374617475737c733a313a2231223b6172717569766f5f6176617461727c733a31303a226e656e65746f2e6a7067223b6c6f6761646f7c623a313b676572656e636961725f70726f6a65746f2d327c613a313a7b733a31343a22636f6469676f5f70726f6a65746f223b733a313a2232223b7d676572656e636961725f746172656661732d327c613a313a7b733a31343a22636f6469676f5f70726f6a65746f223b733a313a2232223b7d676572656e636961725f70726f6a65746f2d337c613a313a7b733a31343a22636f6469676f5f70726f6a65746f223b733a313a2233223b7d676572656e636961725f746172656661732d337c613a313a7b733a31343a22636f6469676f5f70726f6a65746f223b733a313a2233223b7d676572656e636961725f70726f6a65746f2d317c613a313a7b733a31343a22636f6469676f5f70726f6a65746f223b733a313a2231223b7d676572656e636961725f746172656661732d317c613a313a7b733a31343a22636f6469676f5f70726f6a65746f223b733a313a2231223b7d),
('7c69d1d71c3a7afe661660c4615f1101c97c9e67', '::1', 1455337974, 0x5f5f63695f6c6173745f726567656e65726174657c693a313435353333373637353b636f6469676f5f7573756172696f7c733a313a2236223b6c6f67696e7c733a363a226e656e65746f223b6e6f6d657c733a373a22416e746f6e696f223b736f6272656e6f6d657c733a343a224e65746f223b636f6469676f5f70657266696c7c733a313a2232223b636f6469676f5f7374617475737c733a313a2231223b6172717569766f5f6176617461727c733a31303a226e656e65746f2e6a7067223b6c6f6761646f7c623a313b676572656e636961725f70726f6a65746f2d327c613a313a7b733a31343a22636f6469676f5f70726f6a65746f223b733a313a2232223b7d676572656e636961725f746172656661732d327c613a313a7b733a31343a22636f6469676f5f70726f6a65746f223b733a313a2232223b7d676572656e636961725f70726f6a65746f2d337c613a313a7b733a31343a22636f6469676f5f70726f6a65746f223b733a313a2233223b7d676572656e636961725f746172656661732d337c613a313a7b733a31343a22636f6469676f5f70726f6a65746f223b733a313a2233223b7d676572656e636961725f70726f6a65746f2d317c613a313a7b733a31343a22636f6469676f5f70726f6a65746f223b733a313a2231223b7d676572656e636961725f746172656661732d317c613a313a7b733a31343a22636f6469676f5f70726f6a65746f223b733a313a2231223b7d),
('82a12de9601ddc8d4dbc8e60959ca38f72494d79', '::1', 1455339103, 0x5f5f63695f6c6173745f726567656e65726174657c693a313435353333383834333b636f6469676f5f7573756172696f7c733a323a223131223b6c6f67696e7c733a383a226361726f6c696e61223b6e6f6d657c733a383a224361726f6c696e61223b736f6272656e6f6d657c733a31363a2256656e747572696e6920506173736f73223b636f6469676f5f70657266696c7c733a313a2232223b636f6469676f5f7374617475737c733a313a2231223b6172717569766f5f6176617461727c733a35323a2231323131333530385f31303230343638323137363936353633305f383735373536333131373236383130323139305f6f2e6a7067223b6c6f6761646f7c623a313b),
('91b4e6f32a0d1f66626f8b699e9669147e876da9', '::1', 1455341365, 0x5f5f63695f6c6173745f726567656e65726174657c693a313435353334313336353b),
('a622618ec0361ee07fccff17dd591a7f2b79f8d5', '::1', 1455333442, 0x5f5f63695f6c6173745f726567656e65726174657c693a313435353333333134393b636f6469676f5f7573756172696f7c733a313a2237223b6c6f67696e7c733a343a226a6f616f223b6e6f6d657c733a353a224a6fc3a36f223b736f6272656e6f6d657c733a353a224c656d6f73223b636f6469676f5f70657266696c7c733a313a2231223b636f6469676f5f7374617475737c733a313a2231223b6172717569766f5f6176617461727c733a383a226a6f616f2e6a7067223b6c6f6761646f7c623a313b),
('afd31285d8f2ea42c67e7a2bccedcb52e992f9f5', '::1', 1455334974, 0x5f5f63695f6c6173745f726567656e65726174657c693a313435353333343730353b636f6469676f5f7573756172696f7c733a313a2236223b6c6f67696e7c733a363a226e656e65746f223b6e6f6d657c733a373a22416e746f6e696f223b736f6272656e6f6d657c733a343a224e65746f223b636f6469676f5f70657266696c7c733a313a2232223b636f6469676f5f7374617475737c733a313a2231223b6172717569766f5f6176617461727c733a31303a226e656e65746f2e6a7067223b6c6f6761646f7c623a313b676572656e636961725f70726f6a65746f2d327c613a313a7b733a31343a22636f6469676f5f70726f6a65746f223b733a313a2232223b7d676572656e636961725f746172656661732d327c613a313a7b733a31343a22636f6469676f5f70726f6a65746f223b733a313a2232223b7d676572656e636961725f70726f6a65746f2d337c613a313a7b733a31343a22636f6469676f5f70726f6a65746f223b733a313a2233223b7d676572656e636961725f746172656661732d337c613a313a7b733a31343a22636f6469676f5f70726f6a65746f223b733a313a2233223b7d676572656e636961725f70726f6a65746f2d317c613a313a7b733a31343a22636f6469676f5f70726f6a65746f223b733a313a2231223b7d676572656e636961725f746172656661732d317c613a313a7b733a31343a22636f6469676f5f70726f6a65746f223b733a313a2231223b7d),
('bf300d047bf9f91bc2572c88bfa520fb9f28b4d4', '::1', 1455335726, 0x5f5f63695f6c6173745f726567656e65726174657c693a313435353333353635303b636f6469676f5f7573756172696f7c733a313a2236223b6c6f67696e7c733a363a226e656e65746f223b6e6f6d657c733a373a22416e746f6e696f223b736f6272656e6f6d657c733a343a224e65746f223b636f6469676f5f70657266696c7c733a313a2232223b636f6469676f5f7374617475737c733a313a2231223b6172717569766f5f6176617461727c733a31303a226e656e65746f2e6a7067223b6c6f6761646f7c623a313b676572656e636961725f70726f6a65746f2d327c613a313a7b733a31343a22636f6469676f5f70726f6a65746f223b733a313a2232223b7d676572656e636961725f746172656661732d327c613a313a7b733a31343a22636f6469676f5f70726f6a65746f223b733a313a2232223b7d676572656e636961725f70726f6a65746f2d337c613a313a7b733a31343a22636f6469676f5f70726f6a65746f223b733a313a2233223b7d676572656e636961725f746172656661732d337c613a313a7b733a31343a22636f6469676f5f70726f6a65746f223b733a313a2233223b7d676572656e636961725f70726f6a65746f2d317c613a313a7b733a31343a22636f6469676f5f70726f6a65746f223b733a313a2231223b7d676572656e636961725f746172656661732d317c613a313a7b733a31343a22636f6469676f5f70726f6a65746f223b733a313a2231223b7d),
('d5d6ec5e11ddef8337bb65efa0ea771bfd60e59e', '::1', 1455337254, 0x5f5f63695f6c6173745f726567656e65726174657c693a313435353333363938353b636f6469676f5f7573756172696f7c733a313a2236223b6c6f67696e7c733a363a226e656e65746f223b6e6f6d657c733a373a22416e746f6e696f223b736f6272656e6f6d657c733a343a224e65746f223b636f6469676f5f70657266696c7c733a313a2232223b636f6469676f5f7374617475737c733a313a2231223b6172717569766f5f6176617461727c733a31303a226e656e65746f2e6a7067223b6c6f6761646f7c623a313b676572656e636961725f70726f6a65746f2d327c613a313a7b733a31343a22636f6469676f5f70726f6a65746f223b733a313a2232223b7d676572656e636961725f746172656661732d327c613a313a7b733a31343a22636f6469676f5f70726f6a65746f223b733a313a2232223b7d676572656e636961725f70726f6a65746f2d337c613a313a7b733a31343a22636f6469676f5f70726f6a65746f223b733a313a2233223b7d676572656e636961725f746172656661732d337c613a313a7b733a31343a22636f6469676f5f70726f6a65746f223b733a313a2233223b7d676572656e636961725f70726f6a65746f2d317c613a313a7b733a31343a22636f6469676f5f70726f6a65746f223b733a313a2231223b7d676572656e636961725f746172656661732d317c613a313a7b733a31343a22636f6469676f5f70726f6a65746f223b733a313a2231223b7d),
('d7c354f1f3066e3a1cc2f1539c0e924eecf6cc22', '::1', 1455340158, 0x5f5f63695f6c6173745f726567656e65726174657c693a313435353333393837393b636f6469676f5f7573756172696f7c733a313a2236223b6c6f67696e7c733a363a226e656e65746f223b6e6f6d657c733a373a22416e746f6e696f223b736f6272656e6f6d657c733a343a224e65746f223b636f6469676f5f70657266696c7c733a313a2232223b636f6469676f5f7374617475737c733a313a2231223b6172717569766f5f6176617461727c733a31303a226e656e65746f2e6a7067223b6c6f6761646f7c623a313b676572656e636961725f70726f6a65746f2d327c613a313a7b733a31343a22636f6469676f5f70726f6a65746f223b733a313a2232223b7d676572656e636961725f746172656661732d327c613a313a7b733a31343a22636f6469676f5f70726f6a65746f223b733a313a2232223b7d676572656e636961725f70726f6a65746f2d337c613a313a7b733a31343a22636f6469676f5f70726f6a65746f223b733a313a2233223b7d676572656e636961725f746172656661732d337c613a313a7b733a31343a22636f6469676f5f70726f6a65746f223b733a313a2233223b7d676572656e636961725f70726f6a65746f2d317c613a313a7b733a31343a22636f6469676f5f70726f6a65746f223b733a313a2231223b7d676572656e636961725f746172656661732d317c613a313a7b733a31343a22636f6469676f5f70726f6a65746f223b733a313a2231223b7d),
('e6e9d568b25dd7f57b7b2ec145532217dda68afd', '::1', 1455334693, 0x5f5f63695f6c6173745f726567656e65726174657c693a313435353333343339383b636f6469676f5f7573756172696f7c733a313a2236223b6c6f67696e7c733a363a226e656e65746f223b6e6f6d657c733a373a22416e746f6e696f223b736f6272656e6f6d657c733a343a224e65746f223b636f6469676f5f70657266696c7c733a313a2232223b636f6469676f5f7374617475737c733a313a2231223b6172717569766f5f6176617461727c733a31303a226e656e65746f2e6a7067223b6c6f6761646f7c623a313b676572656e636961725f70726f6a65746f2d327c613a313a7b733a31343a22636f6469676f5f70726f6a65746f223b733a313a2232223b7d676572656e636961725f746172656661732d327c613a313a7b733a31343a22636f6469676f5f70726f6a65746f223b733a313a2232223b7d676572656e636961725f70726f6a65746f2d337c613a313a7b733a31343a22636f6469676f5f70726f6a65746f223b733a313a2233223b7d676572656e636961725f746172656661732d337c613a313a7b733a31343a22636f6469676f5f70726f6a65746f223b733a313a2233223b7d676572656e636961725f70726f6a65746f2d317c613a313a7b733a31343a22636f6469676f5f70726f6a65746f223b733a313a2231223b7d676572656e636961725f746172656661732d317c613a313a7b733a31343a22636f6469676f5f70726f6a65746f223b733a313a2231223b7d),
('f9a40be1900b354cd1ce6a578862e5ca94309a51', '::1', 1455335129, 0x5f5f63695f6c6173745f726567656e65726174657c693a313435353333353034383b636f6469676f5f7573756172696f7c733a313a2236223b6c6f67696e7c733a363a226e656e65746f223b6e6f6d657c733a373a22416e746f6e696f223b736f6272656e6f6d657c733a343a224e65746f223b636f6469676f5f70657266696c7c733a313a2232223b636f6469676f5f7374617475737c733a313a2231223b6172717569766f5f6176617461727c733a31303a226e656e65746f2e6a7067223b6c6f6761646f7c623a313b676572656e636961725f70726f6a65746f2d327c613a313a7b733a31343a22636f6469676f5f70726f6a65746f223b733a313a2232223b7d676572656e636961725f746172656661732d327c613a313a7b733a31343a22636f6469676f5f70726f6a65746f223b733a313a2232223b7d676572656e636961725f70726f6a65746f2d337c613a313a7b733a31343a22636f6469676f5f70726f6a65746f223b733a313a2233223b7d676572656e636961725f746172656661732d337c613a313a7b733a31343a22636f6469676f5f70726f6a65746f223b733a313a2233223b7d676572656e636961725f70726f6a65746f2d317c613a313a7b733a31343a22636f6469676f5f70726f6a65746f223b733a313a2231223b7d676572656e636961725f746172656661732d317c613a313a7b733a31343a22636f6469676f5f70726f6a65746f223b733a313a2231223b7d);

-- --------------------------------------------------------

--
-- Estrutura da tabela `observacoes_resposta`
--

CREATE TABLE IF NOT EXISTS `observacoes_resposta` (
  `codigo` int(11) NOT NULL AUTO_INCREMENT,
  `codigo_observacao` int(11) NOT NULL,
  `resposta` varchar(500) NOT NULL,
  `data_resposta` date DEFAULT NULL,
  `inserido_por` int(11) DEFAULT NULL,
  PRIMARY KEY (`codigo`)
) ENGINE=InnoDB  DEFAULT CHARSET=latin1 AUTO_INCREMENT=12 ;

--
-- Extraindo dados da tabela `observacoes_resposta`
--

INSERT INTO `observacoes_resposta` (`codigo`, `codigo_observacao`, `resposta`, `data_resposta`, `inserido_por`) VALUES
(1, 1, 'valeu!!', '2016-02-10', 6),
(2, 2, 'beleza', '2016-02-11', 6),
(3, 3, 'beleza', '2016-02-13', 6),
(4, 4, 'ok', '2016-02-13', 6),
(5, 5, 'ok', '2016-02-13', 6),
(6, 6, 'ok', '2016-02-13', 6),
(7, 7, 'nop', '2016-02-13', 6),
(8, 8, 'nao', '2016-02-13', 6),
(9, 9, 'agora papai', '2016-02-13', 6),
(10, 10, 'ok', '2016-02-13', 6),
(11, 11, 'yes', '2016-02-13', 6);

-- --------------------------------------------------------

--
-- Estrutura da tabela `observacoes_status`
--

CREATE TABLE IF NOT EXISTS `observacoes_status` (
  `codigo` int(11) NOT NULL AUTO_INCREMENT,
  `nome` varchar(100) NOT NULL,
  PRIMARY KEY (`codigo`)
) ENGINE=InnoDB  DEFAULT CHARSET=latin1 AUTO_INCREMENT=5 ;

--
-- Extraindo dados da tabela `observacoes_status`
--

INSERT INTO `observacoes_status` (`codigo`, `nome`) VALUES
(1, 'Em andamento'),
(2, 'Aceita'),
(3, 'Negada'),
(4, 'Finalização forçada');

-- --------------------------------------------------------

--
-- Estrutura da tabela `observacoes_tipo`
--

CREATE TABLE IF NOT EXISTS `observacoes_tipo` (
  `codigo` int(11) NOT NULL AUTO_INCREMENT,
  `tipo` varchar(100) NOT NULL,
  PRIMARY KEY (`codigo`)
) ENGINE=InnoDB  DEFAULT CHARSET=latin1 AUTO_INCREMENT=4 ;

--
-- Extraindo dados da tabela `observacoes_tipo`
--

INSERT INTO `observacoes_tipo` (`codigo`, `tipo`) VALUES
(1, 'Finalização'),
(2, 'Extensão de Prazo'),
(3, 'Finalização Forçada');

-- --------------------------------------------------------

--
-- Estrutura da tabela `papel`
--

CREATE TABLE IF NOT EXISTS `papel` (
  `codigo` int(11) NOT NULL AUTO_INCREMENT,
  `nome` varchar(30) NOT NULL,
  PRIMARY KEY (`codigo`)
) ENGINE=InnoDB  DEFAULT CHARSET=latin1 AUTO_INCREMENT=4 ;

--
-- Extraindo dados da tabela `papel`
--

INSERT INTO `papel` (`codigo`, `nome`) VALUES
(1, 'Líder'),
(2, 'Participante'),
(3, 'Coordenador');

-- --------------------------------------------------------

--
-- Estrutura da tabela `perfil`
--

CREATE TABLE IF NOT EXISTS `perfil` (
  `codigo` int(11) NOT NULL AUTO_INCREMENT,
  `nome` varchar(30) NOT NULL,
  PRIMARY KEY (`codigo`)
) ENGINE=InnoDB  DEFAULT CHARSET=latin1 AUTO_INCREMENT=3 ;

--
-- Extraindo dados da tabela `perfil`
--

INSERT INTO `perfil` (`codigo`, `nome`) VALUES
(1, 'User'),
(2, 'Admin');

-- --------------------------------------------------------

--
-- Estrutura da tabela `projeto`
--

CREATE TABLE IF NOT EXISTS `projeto` (
  `codigo` int(11) NOT NULL AUTO_INCREMENT,
  `titulo` varchar(100) NOT NULL,
  `descricao` varchar(300) NOT NULL,
  `prioridade` int(11) NOT NULL,
  `data_inicio` date NOT NULL,
  `data_prazo` date NOT NULL,
  `data_fim` date DEFAULT NULL,
  `criado_por` int(11) NOT NULL,
  `codigo_status` int(11) NOT NULL,
  PRIMARY KEY (`codigo`)
) ENGINE=InnoDB  DEFAULT CHARSET=latin1 AUTO_INCREMENT=4 ;

--
-- Extraindo dados da tabela `projeto`
--

INSERT INTO `projeto` (`codigo`, `titulo`, `descricao`, `prioridade`, `data_inicio`, `data_prazo`, `data_fim`, `criado_por`, `codigo_status`) VALUES
(1, 'Projeto Teste', 'If you wish to increase security by hiding the location of your CodeIgniter files you can rename the system and application folders to something more private. If you do rename them, you must open your main index.php file and set the $system_path and $application_folder variables at the top of the fi', 3, '2016-02-10', '2016-02-29', NULL, 0, 1),
(2, 'Teste 2', 'Pull requests are the way to go here. I apologise in advance for the slow action on pull requests and issues. I only have two rules for submitting a pull request: match the naming convention (camelCase, categorised [fades, bounces, etc]) and let us see a demo of submitted animations in a pen. That l', 1, '2016-02-10', '2016-02-19', NULL, 0, 1),
(3, 'Medio', 'Please see the installation instructions if installing ProcessWire for the first time. Please see the upgrade instructions if already running a Previous version of ProcessWire. Both of these are included in the README file bundled with ProcessWire.', 2, '2016-02-04', '2016-02-26', NULL, 0, 1);

-- --------------------------------------------------------

--
-- Estrutura da tabela `projeto_tarefa`
--

CREATE TABLE IF NOT EXISTS `projeto_tarefa` (
  `codigo` int(11) NOT NULL AUTO_INCREMENT,
  `codigo_projeto` int(11) NOT NULL,
  `codigo_tarefa` int(11) NOT NULL,
  PRIMARY KEY (`codigo`)
) ENGINE=InnoDB DEFAULT CHARSET=latin1 AUTO_INCREMENT=1 ;

-- --------------------------------------------------------

--
-- Estrutura da tabela `status`
--

CREATE TABLE IF NOT EXISTS `status` (
  `codigo` int(11) NOT NULL,
  `nome` varchar(30) NOT NULL,
  PRIMARY KEY (`codigo`)
) ENGINE=InnoDB DEFAULT CHARSET=latin1;

--
-- Extraindo dados da tabela `status`
--

INSERT INTO `status` (`codigo`, `nome`) VALUES
(0, 'Desativado'),
(1, 'Ativado');

-- --------------------------------------------------------

--
-- Estrutura da tabela `tarefa`
--

CREATE TABLE IF NOT EXISTS `tarefa` (
  `codigo` int(11) NOT NULL AUTO_INCREMENT,
  `titulo` varchar(100) NOT NULL,
  `descricao` varchar(300) NOT NULL,
  `prioridade` int(1) NOT NULL,
  `data_inicio` date NOT NULL,
  `data_prazo` date NOT NULL,
  `data_fim` date DEFAULT NULL,
  `encerrada` tinyint(4) DEFAULT NULL,
  `encerrada_por` int(11) DEFAULT NULL,
  `criado_por` int(11) NOT NULL,
  `codigo_projeto` int(11) NOT NULL,
  `codigo_usuario` int(11) NOT NULL,
  `codigo_status` int(11) NOT NULL,
  PRIMARY KEY (`codigo`)
) ENGINE=InnoDB  DEFAULT CHARSET=latin1 AUTO_INCREMENT=18 ;

--
-- Extraindo dados da tabela `tarefa`
--

INSERT INTO `tarefa` (`codigo`, `titulo`, `descricao`, `prioridade`, `data_inicio`, `data_prazo`, `data_fim`, `encerrada`, `encerrada_por`, `criado_por`, `codigo_projeto`, `codigo_usuario`, `codigo_status`) VALUES
(3, 'Identidade Visual', 'teste', 1, '2016-02-15', '2016-02-16', NULL, NULL, NULL, 0, 1, 5, 1),
(4, 'Tarefa Teste Joao', 'teste joao', 3, '2016-02-11', '2016-02-12', NULL, 1, 6, 6, 2, 7, 1),
(5, 'cuidar maria flor', 'hehehe', 1, '2016-02-10', '2016-02-26', '2016-02-11', 1, 6, 0, 1, 11, 1),
(6, 'jkljlkj', 'lkjlkj', 2, '2016-02-13', '2016-02-27', '2016-02-13', 1, 6, 0, 1, 11, 1),
(7, 'Hhhh', 'hhhhh', 2, '2016-02-11', '2016-02-19', '2016-02-13', 1, 6, 6, 1, 7, 1),
(8, 'red', 'red', 3, '2016-02-22', '2016-02-25', NULL, NULL, NULL, 6, 1, 6, 1),
(11, 'jkhkjhjkh', 'kjhkjhkjhjk', 2, '2016-02-13', '2016-02-16', '2016-02-13', 1, 6, 6, 1, 11, 1),
(12, 'hkjhkhkjh', 'jhkhkjhkjkj', 2, '2016-02-12', '2016-02-20', '2016-02-13', 1, 6, 6, 1, 11, 1),
(13, 'Nbmnbmn', 'bmnbmnbmnbn', 3, '2016-02-13', '2016-02-16', NULL, NULL, NULL, 6, 1, 5, 1),
(14, 'Hhkj', 'khkhkj', 2, '2016-02-12', '2016-02-18', '2016-02-13', 1, 6, 6, 1, 7, 1),
(15, 'carol final', 'carol final', 3, '2016-02-12', '2016-02-16', '2016-02-13', 1, 6, 6, 1, 11, 1),
(17, 'fhf', 'hgfhg', 3, '2016-02-12', '2016-02-16', '2016-02-13', NULL, NULL, 6, 3, 11, 1);

-- --------------------------------------------------------

--
-- Estrutura da tabela `tarefa_observacoes`
--

CREATE TABLE IF NOT EXISTS `tarefa_observacoes` (
  `codigo` int(11) NOT NULL AUTO_INCREMENT,
  `observacao` varchar(500) NOT NULL,
  `data_criada` date NOT NULL,
  `codigo_tipo` int(11) NOT NULL,
  `codigo_status_obs` int(11) DEFAULT NULL,
  `codigo_tarefa` int(11) NOT NULL,
  `inserido_por` int(11) NOT NULL,
  PRIMARY KEY (`codigo`)
) ENGINE=InnoDB  DEFAULT CHARSET=latin1 AUTO_INCREMENT=16 ;

--
-- Extraindo dados da tabela `tarefa_observacoes`
--

INSERT INTO `tarefa_observacoes` (`codigo`, `observacao`, `data_criada`, `codigo_tipo`, `codigo_status_obs`, `codigo_tarefa`, `inserido_por`) VALUES
(1, 'fim', '2016-02-10', 1, 2, 2, 8),
(2, 'terminei, verificar se ta bom heuhweuhwjew', '2016-02-11', 1, 2, 5, 11),
(3, 'fim', '2016-02-13', 1, 2, 6, 11),
(4, 'fim?', '2016-02-13', 1, 2, 7, 7),
(5, 'klkl', '2016-02-13', 1, 2, 14, 7),
(6, 'fim', '2016-02-13', 1, 2, 11, 11),
(7, 'fim', '2016-02-13', 1, 3, 12, 11),
(8, 'e entao?', '2016-02-13', 1, 3, 12, 11),
(9, 'fimnal', '2016-02-13', 1, 2, 12, 11),
(10, 'oi', '2016-02-13', 1, 2, 9, 8),
(11, 'ok', '2016-02-13', 1, 2, 15, 11),
(12, 'ffgf', '2016-02-13', 3, NULL, 4, 6),
(13, 'kjl', '2016-02-13', 1, NULL, 10, 4),
(14, 'bhbh', '2016-02-13', 1, NULL, 16, 5),
(15, 'jgh', '2016-02-13', 1, NULL, 17, 11);

-- --------------------------------------------------------

--
-- Estrutura da tabela `usuario`
--

CREATE TABLE IF NOT EXISTS `usuario` (
  `codigo` int(11) NOT NULL AUTO_INCREMENT,
  `login` varchar(15) NOT NULL,
  `senha` varchar(100) NOT NULL,
  `email` varchar(100) NOT NULL,
  `nome` varchar(30) NOT NULL,
  `sobrenome` varchar(30) NOT NULL,
  `data_nascimento` date NOT NULL,
  `arquivo_avatar` varchar(200) NOT NULL,
  `data_criado` date NOT NULL,
  `codigo_funcao` int(11) NOT NULL,
  `codigo_perfil` int(11) NOT NULL,
  `codigo_status` int(11) NOT NULL,
  PRIMARY KEY (`codigo`)
) ENGINE=InnoDB  DEFAULT CHARSET=latin1 AUTO_INCREMENT=12 ;

--
-- Extraindo dados da tabela `usuario`
--

INSERT INTO `usuario` (`codigo`, `login`, `senha`, `email`, `nome`, `sobrenome`, `data_nascimento`, `arquivo_avatar`, `data_criado`, `codigo_funcao`, `codigo_perfil`, `codigo_status`) VALUES
(4, 'igor', '7c67e713a4b4139702de1a4fac672344', 'igorcha@secom.pa.gov.br', 'Igor', 'Cha', '2001-01-01', 'igor-avatar.jpg', '2015-12-17', 4, 1, 1),
(5, 'mlp', '7c67e713a4b4139702de1a4fac672344', 'marciopassosbel@gmail.com', 'Márcio', 'Passos', '1981-04-13', 'avatar3.jpg', '2015-12-17', 3, 2, 1),
(6, 'neneto', '7c67e713a4b4139702de1a4fac672344', 'antonioneto@secom.pa.gov.br', 'Antonio', 'Neto', '2001-01-01', 'neneto.jpg', '2015-12-17', 1, 2, 1),
(7, 'joao', '7c67e713a4b4139702de1a4fac672344', 'joaolemos@secom.pa.gov.br', 'João', 'Lemos', '2010-10-10', 'joao.jpg', '2015-12-17', 4, 1, 1),
(8, 'vini', '7c67e713a4b4139702de1a4fac672344', 'viniciusmonteiro@secom.pa.gov.br', 'Vinicius', 'Monteiro', '2002-02-20', 'vinicius.jpg', '2015-12-17', 2, 1, 1),
(9, 'italo', '7c67e713a4b4139702de1a4fac672344', 'italo.torres@secom.pa.gov.br', 'Ítalo', 'Torres', '1990-11-11', 'italo.jpg', '2015-12-17', 2, 1, 1),
(10, 'pet', '7c67e713a4b4139702de1a4fac672344', 'pettersonfariassecom@gmail.com', 'Petterson', 'Farias', '1993-12-12', 'pet.jpg', '2015-12-17', 2, 1, 1),
(11, 'carolina', '7c67e713a4b4139702de1a4fac672344', 'carolinaventurini@icloud.com', 'Carolina', 'Venturini Passos', '2005-09-05', '12113508_10204682176965630_8757563117268102190_o.jpg', '2015-12-23', 2, 2, 1);

-- --------------------------------------------------------

--
-- Estrutura da tabela `usuario_acesso`
--

CREATE TABLE IF NOT EXISTS `usuario_acesso` (
  `codigo` int(11) NOT NULL AUTO_INCREMENT,
  `codigo_usuario` int(11) NOT NULL,
  `data_acesso` timestamp NOT NULL DEFAULT CURRENT_TIMESTAMP,
  PRIMARY KEY (`codigo`)
) ENGINE=InnoDB DEFAULT CHARSET=latin1 AUTO_INCREMENT=1 ;

-- --------------------------------------------------------

--
-- Estrutura da tabela `usuario_funcao`
--

CREATE TABLE IF NOT EXISTS `usuario_funcao` (
  `codigo` int(11) NOT NULL AUTO_INCREMENT,
  `titulo` varchar(100) NOT NULL,
  PRIMARY KEY (`codigo`)
) ENGINE=InnoDB  DEFAULT CHARSET=latin1 AUTO_INCREMENT=6 ;

--
-- Extraindo dados da tabela `usuario_funcao`
--

INSERT INTO `usuario_funcao` (`codigo`, `titulo`) VALUES
(1, 'Diretor'),
(2, 'Assessor de Comunicação'),
(3, 'Analista de Sistemas'),
(4, 'Designer Gráfico'),
(5, 'Estagiário');

-- --------------------------------------------------------

--
-- Estrutura da tabela `usuario_projeto`
--

CREATE TABLE IF NOT EXISTS `usuario_projeto` (
  `codigo` int(11) NOT NULL AUTO_INCREMENT,
  `codigo_usuario` int(11) NOT NULL,
  `codigo_projeto` int(11) NOT NULL,
  `codigo_papel` int(11) NOT NULL,
  PRIMARY KEY (`codigo`)
) ENGINE=InnoDB  DEFAULT CHARSET=latin1 AUTO_INCREMENT=33 ;

--
-- Extraindo dados da tabela `usuario_projeto`
--

INSERT INTO `usuario_projeto` (`codigo`, `codigo_usuario`, `codigo_projeto`, `codigo_papel`) VALUES
(1, 6, 1, 1),
(16, 6, 2, 1),
(17, 4, 2, 2),
(19, 7, 2, 2),
(20, 5, 1, 2),
(21, 10, 2, 2),
(22, 7, 1, 2),
(23, 9, 2, 2),
(24, 11, 1, 2),
(25, 6, 3, 1),
(28, 7, 3, 2),
(30, 9, 3, 2),
(31, 10, 3, 2),
(32, 11, 3, 2);

-- --------------------------------------------------------

--
-- Estrutura da tabela `usuario_tarefa`
--

CREATE TABLE IF NOT EXISTS `usuario_tarefa` (
  `codigo` int(11) NOT NULL AUTO_INCREMENT,
  `codigo_usuario` int(11) NOT NULL,
  `codigo_tarefa` int(11) NOT NULL,
  `codigo_papel` int(11) NOT NULL,
  PRIMARY KEY (`codigo`)
) ENGINE=InnoDB DEFAULT CHARSET=latin1 AUTO_INCREMENT=1 ;

/*!40101 SET CHARACTER_SET_CLIENT=@OLD_CHARACTER_SET_CLIENT */;
/*!40101 SET CHARACTER_SET_RESULTS=@OLD_CHARACTER_SET_RESULTS */;
/*!40101 SET COLLATION_CONNECTION=@OLD_COLLATION_CONNECTION */;
