-- phpMyAdmin SQL Dump
-- version 4.0.4.1
-- http://www.phpmyadmin.net
--
-- Máquina: localhost
-- Data de Criação: 11-Fev-2016 às 02:32
-- Versão do servidor: 5.5.31
-- versão do PHP: 5.4.19

SET SQL_MODE = "NO_AUTO_VALUE_ON_ZERO";
SET time_zone = "+00:00";


/*!40101 SET @OLD_CHARACTER_SET_CLIENT=@@CHARACTER_SET_CLIENT */;
/*!40101 SET @OLD_CHARACTER_SET_RESULTS=@@CHARACTER_SET_RESULTS */;
/*!40101 SET @OLD_COLLATION_CONNECTION=@@COLLATION_CONNECTION */;
/*!40101 SET NAMES utf8 */;

--
-- Base de Dados: `demandou-prod`
--
CREATE DATABASE IF NOT EXISTS `demandou-prod` DEFAULT CHARACTER SET latin1 COLLATE latin1_swedish_ci;
USE `demandou-prod`;

-- --------------------------------------------------------

--
-- Estrutura da tabela `ci_sessions`
--

CREATE TABLE IF NOT EXISTS `ci_sessions` (
  `id` varchar(40) NOT NULL,
  `ip_address` varchar(45) NOT NULL,
  `timestamp` int(10) unsigned NOT NULL DEFAULT '0',
  `data` blob NOT NULL,
  PRIMARY KEY (`id`),
  KEY `ci_sessions_timestamp` (`timestamp`)
) ENGINE=InnoDB DEFAULT CHARSET=latin1;

--
-- Extraindo dados da tabela `ci_sessions`
--

INSERT INTO `ci_sessions` (`id`, `ip_address`, `timestamp`, `data`) VALUES
('0583221d1b965993e63330695f4433d83eeab170', '::1', 1454993560, 0x5f5f63695f6c6173745f726567656e65726174657c693a313435343939333535343b636f6469676f5f7573756172696f7c733a313a2235223b6c6f67696e7c733a333a226d6c70223b6e6f6d657c733a373a224dc3a17263696f223b736f6272656e6f6d657c733a363a22506173736f73223b636f6469676f5f70657266696c7c733a313a2232223b636f6469676f5f7374617475737c733a313a2231223b6172717569766f5f6176617461727c733a31313a22617661746172332e6a7067223b6c6f6761646f7c623a313b),
('06b76fa9015e28a15b71a57ad124df3fc458953f', '::1', 1455072911, 0x5f5f63695f6c6173745f726567656e65726174657c693a313435353037323930393b636f6469676f5f7573756172696f7c733a313a2236223b6c6f67696e7c733a363a226e656e65746f223b6e6f6d657c733a373a22416e746f6e696f223b736f6272656e6f6d657c733a343a224e65746f223b636f6469676f5f70657266696c7c733a313a2232223b636f6469676f5f7374617475737c733a313a2231223b6172717569766f5f6176617461727c733a31303a226e656e65746f2e6a7067223b6c6f6761646f7c623a313b676572656e636961725f70726f6a65746f2d347c613a313a7b733a31343a22636f6469676f5f70726f6a65746f223b733a313a2234223b7d676572656e636961725f746172656661732d347c613a313a7b733a31343a22636f6469676f5f70726f6a65746f223b733a313a2234223b7d),
('074bb24fa5059364feef97bafdf42635d82dc856', '::1', 1455077311, 0x5f5f63695f6c6173745f726567656e65726174657c693a313435353037373131313b636f6469676f5f7573756172696f7c733a313a2236223b6c6f67696e7c733a363a226e656e65746f223b6e6f6d657c733a373a22416e746f6e696f223b736f6272656e6f6d657c733a343a224e65746f223b636f6469676f5f70657266696c7c733a313a2232223b636f6469676f5f7374617475737c733a313a2231223b6172717569766f5f6176617461727c733a31303a226e656e65746f2e6a7067223b6c6f6761646f7c623a313b676572656e636961725f70726f6a65746f2d347c613a313a7b733a31343a22636f6469676f5f70726f6a65746f223b733a313a2234223b7d676572656e636961725f746172656661732d347c613a313a7b733a31343a22636f6469676f5f70726f6a65746f223b733a313a2234223b7d676572656e636961725f70726f6a65746f2d317c613a313a7b733a31343a22636f6469676f5f70726f6a65746f223b733a313a2231223b7d676572656e636961725f746172656661732d317c613a313a7b733a31343a22636f6469676f5f70726f6a65746f223b733a313a2231223b7d),
('0c75290575697c84a2b25956b2db649504b25f62', '::1', 1455140536, 0x5f5f63695f6c6173745f726567656e65726174657c693a313435353134303531323b636f6469676f5f7573756172696f7c733a313a2236223b6c6f67696e7c733a363a226e656e65746f223b6e6f6d657c733a373a22416e746f6e696f223b736f6272656e6f6d657c733a343a224e65746f223b636f6469676f5f70657266696c7c733a313a2232223b636f6469676f5f7374617475737c733a313a2231223b6172717569766f5f6176617461727c733a31303a226e656e65746f2e6a7067223b6c6f6761646f7c623a313b676572656e636961725f70726f6a65746f2d317c613a313a7b733a31343a22636f6469676f5f70726f6a65746f223b733a313a2231223b7d676572656e636961725f746172656661732d317c613a313a7b733a31343a22636f6469676f5f70726f6a65746f223b733a313a2231223b7d),
('0f23605be0d143123960d7cd408d11b202e58225', '::1', 1455084194, 0x5f5f63695f6c6173745f726567656e65726174657c693a313435353038343139343b),
('15f2bce25679078475bc7e7a96441be4cc56564c', '::1', 1455149674, 0x5f5f63695f6c6173745f726567656e65726174657c693a313435353134393337373b636f6469676f5f7573756172696f7c733a313a2236223b6c6f67696e7c733a363a226e656e65746f223b6e6f6d657c733a373a22416e746f6e696f223b736f6272656e6f6d657c733a343a224e65746f223b636f6469676f5f70657266696c7c733a313a2232223b636f6469676f5f7374617475737c733a313a2231223b6172717569766f5f6176617461727c733a31303a226e656e65746f2e6a7067223b6c6f6761646f7c623a313b676572656e636961725f70726f6a65746f2d317c613a313a7b733a31343a22636f6469676f5f70726f6a65746f223b733a313a2231223b7d676572656e636961725f746172656661732d317c613a313a7b733a31343a22636f6469676f5f70726f6a65746f223b733a313a2231223b7d61646963696f6e61725f616f5f70726f6a65746f7c613a313a7b733a31343a22636f6469676f5f70726f6a65746f223b733a313a2231223b7d5f5f63695f766172737c613a313a7b733a32303a2261646963696f6e61725f616f5f70726f6a65746f223b733a333a226e6577223b7d),
('2a1876c9258d6ca00c04c00feebbd843d67eeb84', '::1', 1455078243, 0x5f5f63695f6c6173745f726567656e65726174657c693a313435353037373936363b636f6469676f5f7573756172696f7c733a313a2236223b6c6f67696e7c733a363a226e656e65746f223b6e6f6d657c733a373a22416e746f6e696f223b736f6272656e6f6d657c733a343a224e65746f223b636f6469676f5f70657266696c7c733a313a2232223b636f6469676f5f7374617475737c733a313a2231223b6172717569766f5f6176617461727c733a31303a226e656e65746f2e6a7067223b6c6f6761646f7c623a313b676572656e636961725f70726f6a65746f2d347c613a313a7b733a31343a22636f6469676f5f70726f6a65746f223b733a313a2234223b7d676572656e636961725f746172656661732d347c613a313a7b733a31343a22636f6469676f5f70726f6a65746f223b733a313a2234223b7d676572656e636961725f70726f6a65746f2d317c613a313a7b733a31343a22636f6469676f5f70726f6a65746f223b733a313a2231223b7d676572656e636961725f746172656661732d317c613a313a7b733a31343a22636f6469676f5f70726f6a65746f223b733a313a2231223b7d),
('2aa1d5ffc3dbdc9a5bfda02a4373c8ee5d6a77d7', '::1', 1455080151, 0x5f5f63695f6c6173745f726567656e65726174657c693a313435353038303038373b636f6469676f5f7573756172696f7c733a313a2236223b6c6f67696e7c733a363a226e656e65746f223b6e6f6d657c733a373a22416e746f6e696f223b736f6272656e6f6d657c733a343a224e65746f223b636f6469676f5f70657266696c7c733a313a2232223b636f6469676f5f7374617475737c733a313a2231223b6172717569766f5f6176617461727c733a31303a226e656e65746f2e6a7067223b6c6f6761646f7c623a313b676572656e636961725f70726f6a65746f2d347c613a313a7b733a31343a22636f6469676f5f70726f6a65746f223b733a313a2234223b7d676572656e636961725f746172656661732d347c613a313a7b733a31343a22636f6469676f5f70726f6a65746f223b733a313a2234223b7d676572656e636961725f70726f6a65746f2d317c613a313a7b733a31343a22636f6469676f5f70726f6a65746f223b733a313a2231223b7d676572656e636961725f746172656661732d317c613a313a7b733a31343a22636f6469676f5f70726f6a65746f223b733a313a2231223b7d),
('2f69bcede910c1313d22ed02a911e42ac8afd776', '::1', 1455080675, 0x5f5f63695f6c6173745f726567656e65726174657c693a313435353038303431333b636f6469676f5f7573756172696f7c733a313a2236223b6c6f67696e7c733a363a226e656e65746f223b6e6f6d657c733a373a22416e746f6e696f223b736f6272656e6f6d657c733a343a224e65746f223b636f6469676f5f70657266696c7c733a313a2232223b636f6469676f5f7374617475737c733a313a2231223b6172717569766f5f6176617461727c733a31303a226e656e65746f2e6a7067223b6c6f6761646f7c623a313b676572656e636961725f70726f6a65746f2d347c613a313a7b733a31343a22636f6469676f5f70726f6a65746f223b733a313a2234223b7d676572656e636961725f746172656661732d347c613a313a7b733a31343a22636f6469676f5f70726f6a65746f223b733a313a2234223b7d676572656e636961725f70726f6a65746f2d317c613a313a7b733a31343a22636f6469676f5f70726f6a65746f223b733a313a2231223b7d676572656e636961725f746172656661732d317c613a313a7b733a31343a22636f6469676f5f70726f6a65746f223b733a313a2231223b7d),
('350f34f1bc18b5cf28de2a60f7a41da0e351319a', '::1', 1455150523, 0x5f5f63695f6c6173745f726567656e65726174657c693a313435353135303332353b636f6469676f5f7573756172696f7c733a313a2236223b6c6f67696e7c733a363a226e656e65746f223b6e6f6d657c733a373a22416e746f6e696f223b736f6272656e6f6d657c733a343a224e65746f223b636f6469676f5f70657266696c7c733a313a2232223b636f6469676f5f7374617475737c733a313a2231223b6172717569766f5f6176617461727c733a31303a226e656e65746f2e6a7067223b6c6f6761646f7c623a313b676572656e636961725f70726f6a65746f2d317c613a313a7b733a31343a22636f6469676f5f70726f6a65746f223b733a313a2231223b7d676572656e636961725f746172656661732d317c613a313a7b733a31343a22636f6469676f5f70726f6a65746f223b733a313a2231223b7d676572656e636961725f70726f6a65746f2d327c613a313a7b733a31343a22636f6469676f5f70726f6a65746f223b733a313a2232223b7d676572656e636961725f746172656661732d327c613a313a7b733a31343a22636f6469676f5f70726f6a65746f223b733a313a2232223b7d),
('369c6d03bcbac6aaa5db094da9c423af67cb5323', '::1', 1455081859, 0x5f5f63695f6c6173745f726567656e65726174657c693a313435353038313832393b636f6469676f5f7573756172696f7c733a313a2236223b6c6f67696e7c733a363a226e656e65746f223b6e6f6d657c733a373a22416e746f6e696f223b736f6272656e6f6d657c733a343a224e65746f223b636f6469676f5f70657266696c7c733a313a2232223b636f6469676f5f7374617475737c733a313a2231223b6172717569766f5f6176617461727c733a31303a226e656e65746f2e6a7067223b6c6f6761646f7c623a313b676572656e636961725f70726f6a65746f2d347c613a313a7b733a31343a22636f6469676f5f70726f6a65746f223b733a313a2234223b7d676572656e636961725f746172656661732d347c613a313a7b733a31343a22636f6469676f5f70726f6a65746f223b733a313a2234223b7d676572656e636961725f70726f6a65746f2d317c613a313a7b733a31343a22636f6469676f5f70726f6a65746f223b733a313a2231223b7d676572656e636961725f746172656661732d317c613a313a7b733a31343a22636f6469676f5f70726f6a65746f223b733a313a2231223b7d),
('369f5981b0ff663e1058f67370cf27a91a096085', '::1', 1455075502, 0x5f5f63695f6c6173745f726567656e65726174657c693a313435353037353330353b636f6469676f5f7573756172696f7c733a313a2236223b6c6f67696e7c733a363a226e656e65746f223b6e6f6d657c733a373a22416e746f6e696f223b736f6272656e6f6d657c733a343a224e65746f223b636f6469676f5f70657266696c7c733a313a2232223b636f6469676f5f7374617475737c733a313a2231223b6172717569766f5f6176617461727c733a31303a226e656e65746f2e6a7067223b6c6f6761646f7c623a313b676572656e636961725f70726f6a65746f2d347c613a313a7b733a31343a22636f6469676f5f70726f6a65746f223b733a313a2234223b7d676572656e636961725f746172656661732d347c613a313a7b733a31343a22636f6469676f5f70726f6a65746f223b733a313a2234223b7d676572656e636961725f70726f6a65746f2d317c613a313a7b733a31343a22636f6469676f5f70726f6a65746f223b733a313a2231223b7d676572656e636961725f746172656661732d317c613a313a7b733a31343a22636f6469676f5f70726f6a65746f223b733a313a2231223b7d),
('374b34a4a242fc7b27c800c70572674150288960', '::1', 1455082568, 0x5f5f63695f6c6173745f726567656e65726174657c693a313435353038323331303b636f6469676f5f7573756172696f7c733a313a2236223b6c6f67696e7c733a363a226e656e65746f223b6e6f6d657c733a373a22416e746f6e696f223b736f6272656e6f6d657c733a343a224e65746f223b636f6469676f5f70657266696c7c733a313a2232223b636f6469676f5f7374617475737c733a313a2231223b6172717569766f5f6176617461727c733a31303a226e656e65746f2e6a7067223b6c6f6761646f7c623a313b676572656e636961725f70726f6a65746f2d347c613a313a7b733a31343a22636f6469676f5f70726f6a65746f223b733a313a2234223b7d676572656e636961725f746172656661732d347c613a313a7b733a31343a22636f6469676f5f70726f6a65746f223b733a313a2234223b7d676572656e636961725f70726f6a65746f2d317c613a313a7b733a31343a22636f6469676f5f70726f6a65746f223b733a313a2231223b7d676572656e636961725f746172656661732d317c613a313a7b733a31343a22636f6469676f5f70726f6a65746f223b733a313a2231223b7d),
('39e106dab820869310ef82c4956436f5cd1ea8d9', '::1', 1455150288, 0x5f5f63695f6c6173745f726567656e65726174657c693a313435353135303030393b636f6469676f5f7573756172696f7c733a313a2236223b6c6f67696e7c733a363a226e656e65746f223b6e6f6d657c733a373a22416e746f6e696f223b736f6272656e6f6d657c733a343a224e65746f223b636f6469676f5f70657266696c7c733a313a2232223b636f6469676f5f7374617475737c733a313a2231223b6172717569766f5f6176617461727c733a31303a226e656e65746f2e6a7067223b6c6f6761646f7c623a313b676572656e636961725f70726f6a65746f2d317c613a313a7b733a31343a22636f6469676f5f70726f6a65746f223b733a313a2231223b7d676572656e636961725f746172656661732d317c613a313a7b733a31343a22636f6469676f5f70726f6a65746f223b733a313a2231223b7d676572656e636961725f70726f6a65746f2d327c613a313a7b733a31343a22636f6469676f5f70726f6a65746f223b733a313a2232223b7d676572656e636961725f746172656661732d327c613a313a7b733a31343a22636f6469676f5f70726f6a65746f223b733a313a2232223b7d),
('3b56d1633981514c1feafa2c73d7142c7532c176', '::1', 1454985920, 0x5f5f63695f6c6173745f726567656e65726174657c693a313435343938353734383b636f6469676f5f7573756172696f7c733a313a2236223b6c6f67696e7c733a363a226e656e65746f223b6e6f6d657c733a373a22416e746f6e696f223b736f6272656e6f6d657c733a343a224e65746f223b636f6469676f5f70657266696c7c733a313a2232223b636f6469676f5f7374617475737c733a313a2231223b6172717569766f5f6176617461727c733a31303a226e656e65746f2e6a7067223b6c6f6761646f7c623a313b676572656e636961725f70726f6a65746f2d367c613a313a7b733a31343a22636f6469676f5f70726f6a65746f223b733a313a2236223b7d676572656e636961725f746172656661732d367c613a313a7b733a31343a22636f6469676f5f70726f6a65746f223b733a313a2236223b7d676572656e636961725f70726f6a65746f2d317c613a313a7b733a31343a22636f6469676f5f70726f6a65746f223b733a313a2231223b7d676572656e636961725f746172656661732d317c613a313a7b733a31343a22636f6469676f5f70726f6a65746f223b733a313a2231223b7d676572656e636961725f70726f6a65746f2d347c613a313a7b733a31343a22636f6469676f5f70726f6a65746f223b733a313a2234223b7d676572656e636961725f746172656661732d347c613a313a7b733a31343a22636f6469676f5f70726f6a65746f223b733a313a2234223b7d676572656e636961725f70726f6a65746f2d357c613a313a7b733a31343a22636f6469676f5f70726f6a65746f223b733a313a2235223b7d676572656e636961725f746172656661732d357c613a313a7b733a31343a22636f6469676f5f70726f6a65746f223b733a313a2235223b7d676572656e636961725f70726f6a65746f2d377c613a313a7b733a31343a22636f6469676f5f70726f6a65746f223b733a313a2237223b7d676572656e636961725f746172656661732d377c613a313a7b733a31343a22636f6469676f5f70726f6a65746f223b733a313a2237223b7d),
('3ba8ac159fd91bf45c6bcdb19554f9f4bda90d7c', '::1', 1455082766, 0x5f5f63695f6c6173745f726567656e65726174657c693a313435353038323730333b636f6469676f5f7573756172696f7c733a313a2236223b6c6f67696e7c733a363a226e656e65746f223b6e6f6d657c733a373a22416e746f6e696f223b736f6272656e6f6d657c733a343a224e65746f223b636f6469676f5f70657266696c7c733a313a2232223b636f6469676f5f7374617475737c733a313a2231223b6172717569766f5f6176617461727c733a31303a226e656e65746f2e6a7067223b6c6f6761646f7c623a313b676572656e636961725f70726f6a65746f2d347c613a313a7b733a31343a22636f6469676f5f70726f6a65746f223b733a313a2234223b7d676572656e636961725f746172656661732d347c613a313a7b733a31343a22636f6469676f5f70726f6a65746f223b733a313a2234223b7d676572656e636961725f70726f6a65746f2d317c613a313a7b733a31343a22636f6469676f5f70726f6a65746f223b733a313a2231223b7d676572656e636961725f746172656661732d317c613a313a7b733a31343a22636f6469676f5f70726f6a65746f223b733a313a2231223b7d),
('3ff360246fd1478808aa8bc020e7c995162c4ed3', '::1', 1455084159, 0x5f5f63695f6c6173745f726567656e65726174657c693a313435353038333532393b636f6469676f5f7573756172696f7c733a313a2236223b6c6f67696e7c733a363a226e656e65746f223b6e6f6d657c733a373a22416e746f6e696f223b736f6272656e6f6d657c733a343a224e65746f223b636f6469676f5f70657266696c7c733a313a2232223b636f6469676f5f7374617475737c733a313a2231223b6172717569766f5f6176617461727c733a31303a226e656e65746f2e6a7067223b6c6f6761646f7c623a313b676572656e636961725f70726f6a65746f2d347c613a313a7b733a31343a22636f6469676f5f70726f6a65746f223b733a313a2234223b7d676572656e636961725f746172656661732d347c613a313a7b733a31343a22636f6469676f5f70726f6a65746f223b733a313a2234223b7d676572656e636961725f70726f6a65746f2d317c613a313a7b733a31343a22636f6469676f5f70726f6a65746f223b733a313a2231223b7d676572656e636961725f746172656661732d317c613a313a7b733a31343a22636f6469676f5f70726f6a65746f223b733a313a2231223b7d),
('40391a2505d40efe9946ca8a62593fc2594006c1', '::1', 1455079201, 0x5f5f63695f6c6173745f726567656e65726174657c693a313435353037383936303b636f6469676f5f7573756172696f7c733a313a2236223b6c6f67696e7c733a363a226e656e65746f223b6e6f6d657c733a373a22416e746f6e696f223b736f6272656e6f6d657c733a343a224e65746f223b636f6469676f5f70657266696c7c733a313a2232223b636f6469676f5f7374617475737c733a313a2231223b6172717569766f5f6176617461727c733a31303a226e656e65746f2e6a7067223b6c6f6761646f7c623a313b676572656e636961725f70726f6a65746f2d347c613a313a7b733a31343a22636f6469676f5f70726f6a65746f223b733a313a2234223b7d676572656e636961725f746172656661732d347c613a313a7b733a31343a22636f6469676f5f70726f6a65746f223b733a313a2234223b7d676572656e636961725f70726f6a65746f2d317c613a313a7b733a31343a22636f6469676f5f70726f6a65746f223b733a313a2231223b7d676572656e636961725f746172656661732d317c613a313a7b733a31343a22636f6469676f5f70726f6a65746f223b733a313a2231223b7d),
('41de4ab70b8b73cb819964c7f4fee82892a20e00', '::1', 1455074570, 0x5f5f63695f6c6173745f726567656e65726174657c693a313435353037343332323b636f6469676f5f7573756172696f7c733a313a2236223b6c6f67696e7c733a363a226e656e65746f223b6e6f6d657c733a373a22416e746f6e696f223b736f6272656e6f6d657c733a343a224e65746f223b636f6469676f5f70657266696c7c733a313a2232223b636f6469676f5f7374617475737c733a313a2231223b6172717569766f5f6176617461727c733a31303a226e656e65746f2e6a7067223b6c6f6761646f7c623a313b676572656e636961725f70726f6a65746f2d347c613a313a7b733a31343a22636f6469676f5f70726f6a65746f223b733a313a2234223b7d676572656e636961725f746172656661732d347c613a313a7b733a31343a22636f6469676f5f70726f6a65746f223b733a313a2234223b7d676572656e636961725f70726f6a65746f2d317c613a313a7b733a31343a22636f6469676f5f70726f6a65746f223b733a313a2231223b7d676572656e636961725f746172656661732d317c613a313a7b733a31343a22636f6469676f5f70726f6a65746f223b733a313a2231223b7d),
('497d93df9ac4f62ff655c9ad6ee3800073c3349b', '::1', 1454987317, 0x5f5f63695f6c6173745f726567656e65726174657c693a313435343938373330383b636f6469676f5f7573756172696f7c733a313a2235223b6c6f67696e7c733a333a226d6c70223b6e6f6d657c733a373a224dc3a17263696f223b736f6272656e6f6d657c733a363a22506173736f73223b636f6469676f5f70657266696c7c733a313a2232223b636f6469676f5f7374617475737c733a313a2231223b6172717569766f5f6176617461727c733a31313a22617661746172332e6a7067223b6c6f6761646f7c623a313b),
('4a0d4c71bc794c407fb850e98012da6fad8aae51', '::1', 1454991985, 0x5f5f63695f6c6173745f726567656e65726174657c693a313435343939313832313b636f6469676f5f7573756172696f7c733a313a2236223b6c6f67696e7c733a363a226e656e65746f223b6e6f6d657c733a373a22416e746f6e696f223b736f6272656e6f6d657c733a343a224e65746f223b636f6469676f5f70657266696c7c733a313a2232223b636f6469676f5f7374617475737c733a313a2231223b6172717569766f5f6176617461727c733a31303a226e656e65746f2e6a7067223b6c6f6761646f7c623a313b676572656e636961725f70726f6a65746f2d347c613a313a7b733a31343a22636f6469676f5f70726f6a65746f223b733a313a2234223b7d676572656e636961725f746172656661732d347c613a313a7b733a31343a22636f6469676f5f70726f6a65746f223b733a313a2234223b7d),
('4de942631145620510b74482d56ecd3128b1b8b6', '::1', 1454991387, 0x5f5f63695f6c6173745f726567656e65726174657c693a313435343939313130343b636f6469676f5f7573756172696f7c733a313a2236223b6c6f67696e7c733a363a226e656e65746f223b6e6f6d657c733a373a22416e746f6e696f223b736f6272656e6f6d657c733a343a224e65746f223b636f6469676f5f70657266696c7c733a313a2232223b636f6469676f5f7374617475737c733a313a2231223b6172717569766f5f6176617461727c733a31303a226e656e65746f2e6a7067223b6c6f6761646f7c623a313b676572656e636961725f70726f6a65746f2d347c613a313a7b733a31343a22636f6469676f5f70726f6a65746f223b733a313a2234223b7d676572656e636961725f746172656661732d347c613a313a7b733a31343a22636f6469676f5f70726f6a65746f223b733a313a2234223b7d),
('5ef20e42d08e14a4cbd68be0cf50942fd6191a71', '::1', 1455152761, 0x5f5f63695f6c6173745f726567656e65726174657c693a313435353135323437313b636f6469676f5f7573756172696f7c733a313a2236223b6c6f67696e7c733a363a226e656e65746f223b6e6f6d657c733a373a22416e746f6e696f223b736f6272656e6f6d657c733a343a224e65746f223b636f6469676f5f70657266696c7c733a313a2232223b636f6469676f5f7374617475737c733a313a2231223b6172717569766f5f6176617461727c733a31303a226e656e65746f2e6a7067223b6c6f6761646f7c623a313b676572656e636961725f70726f6a65746f2d317c613a313a7b733a31343a22636f6469676f5f70726f6a65746f223b733a313a2231223b7d676572656e636961725f746172656661732d317c613a313a7b733a31343a22636f6469676f5f70726f6a65746f223b733a313a2231223b7d676572656e636961725f70726f6a65746f2d327c613a313a7b733a31343a22636f6469676f5f70726f6a65746f223b733a313a2232223b7d676572656e636961725f746172656661732d327c613a313a7b733a31343a22636f6469676f5f70726f6a65746f223b733a313a2232223b7d),
('5f5f73f038ffb7c8997f645903e6ebe8697fe338', '::1', 1454988935, 0x5f5f63695f6c6173745f726567656e65726174657c693a313435343938383932353b636f6469676f5f7573756172696f7c733a313a2236223b6c6f67696e7c733a363a226e656e65746f223b6e6f6d657c733a373a22416e746f6e696f223b736f6272656e6f6d657c733a343a224e65746f223b636f6469676f5f70657266696c7c733a313a2232223b636f6469676f5f7374617475737c733a313a2231223b6172717569766f5f6176617461727c733a31303a226e656e65746f2e6a7067223b6c6f6761646f7c623a313b676572656e636961725f70726f6a65746f2d317c613a313a7b733a31343a22636f6469676f5f70726f6a65746f223b733a313a2231223b7d676572656e636961725f746172656661732d317c613a313a7b733a31343a22636f6469676f5f70726f6a65746f223b733a313a2231223b7d),
('68cc56573f4c3560a311f86217a1411e24104dac', '::1', 1455073817, 0x5f5f63695f6c6173745f726567656e65726174657c693a313435353037333831333b636f6469676f5f7573756172696f7c733a313a2236223b6c6f67696e7c733a363a226e656e65746f223b6e6f6d657c733a373a22416e746f6e696f223b736f6272656e6f6d657c733a343a224e65746f223b636f6469676f5f70657266696c7c733a313a2232223b636f6469676f5f7374617475737c733a313a2231223b6172717569766f5f6176617461727c733a31303a226e656e65746f2e6a7067223b6c6f6761646f7c623a313b676572656e636961725f70726f6a65746f2d347c613a313a7b733a31343a22636f6469676f5f70726f6a65746f223b733a313a2234223b7d676572656e636961725f746172656661732d347c613a313a7b733a31343a22636f6469676f5f70726f6a65746f223b733a313a2234223b7d),
('701ae534a1ea20f13c0e03274c3b544821539d0b', '::1', 1455076989, 0x5f5f63695f6c6173745f726567656e65726174657c693a313435353037363734363b636f6469676f5f7573756172696f7c733a313a2236223b6c6f67696e7c733a363a226e656e65746f223b6e6f6d657c733a373a22416e746f6e696f223b736f6272656e6f6d657c733a343a224e65746f223b636f6469676f5f70657266696c7c733a313a2232223b636f6469676f5f7374617475737c733a313a2231223b6172717569766f5f6176617461727c733a31303a226e656e65746f2e6a7067223b6c6f6761646f7c623a313b676572656e636961725f70726f6a65746f2d347c613a313a7b733a31343a22636f6469676f5f70726f6a65746f223b733a313a2234223b7d676572656e636961725f746172656661732d347c613a313a7b733a31343a22636f6469676f5f70726f6a65746f223b733a313a2234223b7d676572656e636961725f70726f6a65746f2d317c613a313a7b733a31343a22636f6469676f5f70726f6a65746f223b733a313a2231223b7d676572656e636961725f746172656661732d317c613a313a7b733a31343a22636f6469676f5f70726f6a65746f223b733a313a2231223b7d),
('72d48867005de19a1316aca2f4973fff4986bfca', '::1', 1455075226, 0x5f5f63695f6c6173745f726567656e65726174657c693a313435353037343935353b636f6469676f5f7573756172696f7c733a313a2236223b6c6f67696e7c733a363a226e656e65746f223b6e6f6d657c733a373a22416e746f6e696f223b736f6272656e6f6d657c733a343a224e65746f223b636f6469676f5f70657266696c7c733a313a2232223b636f6469676f5f7374617475737c733a313a2231223b6172717569766f5f6176617461727c733a31303a226e656e65746f2e6a7067223b6c6f6761646f7c623a313b676572656e636961725f70726f6a65746f2d347c613a313a7b733a31343a22636f6469676f5f70726f6a65746f223b733a313a2234223b7d676572656e636961725f746172656661732d347c613a313a7b733a31343a22636f6469676f5f70726f6a65746f223b733a313a2234223b7d676572656e636961725f70726f6a65746f2d317c613a313a7b733a31343a22636f6469676f5f70726f6a65746f223b733a313a2231223b7d676572656e636961725f746172656661732d317c613a313a7b733a31343a22636f6469676f5f70726f6a65746f223b733a313a2231223b7d),
('77af4cd50bf7c6f71174079daca21e8140759f08', '::1', 1455150878, 0x5f5f63695f6c6173745f726567656e65726174657c693a313435353135303636343b636f6469676f5f7573756172696f7c733a313a2236223b6c6f67696e7c733a363a226e656e65746f223b6e6f6d657c733a373a22416e746f6e696f223b736f6272656e6f6d657c733a343a224e65746f223b636f6469676f5f70657266696c7c733a313a2232223b636f6469676f5f7374617475737c733a313a2231223b6172717569766f5f6176617461727c733a31303a226e656e65746f2e6a7067223b6c6f6761646f7c623a313b676572656e636961725f70726f6a65746f2d317c613a313a7b733a31343a22636f6469676f5f70726f6a65746f223b733a313a2231223b7d676572656e636961725f746172656661732d317c613a313a7b733a31343a22636f6469676f5f70726f6a65746f223b733a313a2231223b7d676572656e636961725f70726f6a65746f2d327c613a313a7b733a31343a22636f6469676f5f70726f6a65746f223b733a313a2232223b7d676572656e636961725f746172656661732d327c613a313a7b733a31343a22636f6469676f5f70726f6a65746f223b733a313a2232223b7d),
('7f229ca9d8313ddfcbfa4a633640d582b42d57d0', '::1', 1455080830, 0x5f5f63695f6c6173745f726567656e65726174657c693a313435353038303731353b636f6469676f5f7573756172696f7c733a313a2236223b6c6f67696e7c733a363a226e656e65746f223b6e6f6d657c733a373a22416e746f6e696f223b736f6272656e6f6d657c733a343a224e65746f223b636f6469676f5f70657266696c7c733a313a2232223b636f6469676f5f7374617475737c733a313a2231223b6172717569766f5f6176617461727c733a31303a226e656e65746f2e6a7067223b6c6f6761646f7c623a313b676572656e636961725f70726f6a65746f2d347c613a313a7b733a31343a22636f6469676f5f70726f6a65746f223b733a313a2234223b7d676572656e636961725f746172656661732d347c613a313a7b733a31343a22636f6469676f5f70726f6a65746f223b733a313a2234223b7d676572656e636961725f70726f6a65746f2d317c613a313a7b733a31343a22636f6469676f5f70726f6a65746f223b733a313a2231223b7d676572656e636961725f746172656661732d317c613a313a7b733a31343a22636f6469676f5f70726f6a65746f223b733a313a2231223b7d),
('7fd09ba0fd4ede5578ebdbd31b86f13a0db2ba75', '::1', 1455074865, 0x5f5f63695f6c6173745f726567656e65726174657c693a313435353037343632383b636f6469676f5f7573756172696f7c733a313a2236223b6c6f67696e7c733a363a226e656e65746f223b6e6f6d657c733a373a22416e746f6e696f223b736f6272656e6f6d657c733a343a224e65746f223b636f6469676f5f70657266696c7c733a313a2232223b636f6469676f5f7374617475737c733a313a2231223b6172717569766f5f6176617461727c733a31303a226e656e65746f2e6a7067223b6c6f6761646f7c623a313b676572656e636961725f70726f6a65746f2d347c613a313a7b733a31343a22636f6469676f5f70726f6a65746f223b733a313a2234223b7d676572656e636961725f746172656661732d347c613a313a7b733a31343a22636f6469676f5f70726f6a65746f223b733a313a2234223b7d676572656e636961725f70726f6a65746f2d317c613a313a7b733a31343a22636f6469676f5f70726f6a65746f223b733a313a2231223b7d676572656e636961725f746172656661732d317c613a313a7b733a31343a22636f6469676f5f70726f6a65746f223b733a313a2231223b7d),
('8852e6a5f74fbcddc4b698a3047a35359075d94f', '::1', 1455081539, 0x5f5f63695f6c6173745f726567656e65726174657c693a313435353038313336313b636f6469676f5f7573756172696f7c733a313a2236223b6c6f67696e7c733a363a226e656e65746f223b6e6f6d657c733a373a22416e746f6e696f223b736f6272656e6f6d657c733a343a224e65746f223b636f6469676f5f70657266696c7c733a313a2232223b636f6469676f5f7374617475737c733a313a2231223b6172717569766f5f6176617461727c733a31303a226e656e65746f2e6a7067223b6c6f6761646f7c623a313b676572656e636961725f70726f6a65746f2d347c613a313a7b733a31343a22636f6469676f5f70726f6a65746f223b733a313a2234223b7d676572656e636961725f746172656661732d347c613a313a7b733a31343a22636f6469676f5f70726f6a65746f223b733a313a2234223b7d676572656e636961725f70726f6a65746f2d317c613a313a7b733a31343a22636f6469676f5f70726f6a65746f223b733a313a2231223b7d676572656e636961725f746172656661732d317c613a313a7b733a31343a22636f6469676f5f70726f6a65746f223b733a313a2231223b7d),
('8fbe3e1deecda3fb20ee90798e0a5b458dcfb1c3', '::1', 1455076450, 0x5f5f63695f6c6173745f726567656e65726174657c693a313435353037363338333b636f6469676f5f7573756172696f7c733a313a2236223b6c6f67696e7c733a363a226e656e65746f223b6e6f6d657c733a373a22416e746f6e696f223b736f6272656e6f6d657c733a343a224e65746f223b636f6469676f5f70657266696c7c733a313a2232223b636f6469676f5f7374617475737c733a313a2231223b6172717569766f5f6176617461727c733a31303a226e656e65746f2e6a7067223b6c6f6761646f7c623a313b676572656e636961725f70726f6a65746f2d347c613a313a7b733a31343a22636f6469676f5f70726f6a65746f223b733a313a2234223b7d676572656e636961725f746172656661732d347c613a313a7b733a31343a22636f6469676f5f70726f6a65746f223b733a313a2234223b7d676572656e636961725f70726f6a65746f2d317c613a313a7b733a31343a22636f6469676f5f70726f6a65746f223b733a313a2231223b7d676572656e636961725f746172656661732d317c613a313a7b733a31343a22636f6469676f5f70726f6a65746f223b733a313a2231223b7d),
('9644122528b849176688d397700508a0b5b356cd', '::1', 1454991051, 0x5f5f63695f6c6173745f726567656e65726174657c693a313435343939303736343b636f6469676f5f7573756172696f7c733a313a2236223b6c6f67696e7c733a363a226e656e65746f223b6e6f6d657c733a373a22416e746f6e696f223b736f6272656e6f6d657c733a343a224e65746f223b636f6469676f5f70657266696c7c733a313a2232223b636f6469676f5f7374617475737c733a313a2231223b6172717569766f5f6176617461727c733a31303a226e656e65746f2e6a7067223b6c6f6761646f7c623a313b676572656e636961725f70726f6a65746f2d317c613a313a7b733a31343a22636f6469676f5f70726f6a65746f223b733a313a2231223b7d676572656e636961725f746172656661732d317c613a313a7b733a31343a22636f6469676f5f70726f6a65746f223b733a313a2231223b7d676572656e636961725f70726f6a65746f2d327c613a313a7b733a31343a22636f6469676f5f70726f6a65746f223b733a313a2232223b7d676572656e636961725f746172656661732d327c613a313a7b733a31343a22636f6469676f5f70726f6a65746f223b733a313a2232223b7d676572656e636961725f70726f6a65746f2d337c613a313a7b733a31343a22636f6469676f5f70726f6a65746f223b733a313a2233223b7d676572656e636961725f746172656661732d337c613a313a7b733a31343a22636f6469676f5f70726f6a65746f223b733a313a2233223b7d),
('9a98c78270035c5c84c236f68c7ff6147bf1111a', '::1', 1455154203, 0x5f5f63695f6c6173745f726567656e65726174657c693a313435353135343133393b636f6469676f5f7573756172696f7c733a313a2236223b6c6f67696e7c733a363a226e656e65746f223b6e6f6d657c733a373a22416e746f6e696f223b736f6272656e6f6d657c733a343a224e65746f223b636f6469676f5f70657266696c7c733a313a2232223b636f6469676f5f7374617475737c733a313a2231223b6172717569766f5f6176617461727c733a31303a226e656e65746f2e6a7067223b6c6f6761646f7c623a313b676572656e636961725f70726f6a65746f2d327c613a313a7b733a31343a22636f6469676f5f70726f6a65746f223b733a313a2232223b7d676572656e636961725f746172656661732d327c613a313a7b733a31343a22636f6469676f5f70726f6a65746f223b733a313a2232223b7d676572656e636961725f70726f6a65746f2d317c613a313a7b733a31343a22636f6469676f5f70726f6a65746f223b733a313a2231223b7d676572656e636961725f746172656661732d317c613a313a7b733a31343a22636f6469676f5f70726f6a65746f223b733a313a2231223b7d),
('9b10690fb4dfc673246f28219ea5dff096cfbd70', '::1', 1455080059, 0x5f5f63695f6c6173745f726567656e65726174657c693a313435353037393738363b636f6469676f5f7573756172696f7c733a313a2236223b6c6f67696e7c733a363a226e656e65746f223b6e6f6d657c733a373a22416e746f6e696f223b736f6272656e6f6d657c733a343a224e65746f223b636f6469676f5f70657266696c7c733a313a2232223b636f6469676f5f7374617475737c733a313a2231223b6172717569766f5f6176617461727c733a31303a226e656e65746f2e6a7067223b6c6f6761646f7c623a313b676572656e636961725f70726f6a65746f2d347c613a313a7b733a31343a22636f6469676f5f70726f6a65746f223b733a313a2234223b7d676572656e636961725f746172656661732d347c613a313a7b733a31343a22636f6469676f5f70726f6a65746f223b733a313a2234223b7d676572656e636961725f70726f6a65746f2d317c613a313a7b733a31343a22636f6469676f5f70726f6a65746f223b733a313a2231223b7d676572656e636961725f746172656661732d317c613a313a7b733a31343a22636f6469676f5f70726f6a65746f223b733a313a2231223b7d),
('9d33c40cfda050a3daff081974ee5b5ce173a113', '::1', 1454992458, 0x5f5f63695f6c6173745f726567656e65726174657c693a313435343939323337303b636f6469676f5f7573756172696f7c733a313a2236223b6c6f67696e7c733a363a226e656e65746f223b6e6f6d657c733a373a22416e746f6e696f223b736f6272656e6f6d657c733a343a224e65746f223b636f6469676f5f70657266696c7c733a313a2232223b636f6469676f5f7374617475737c733a313a2231223b6172717569766f5f6176617461727c733a31303a226e656e65746f2e6a7067223b6c6f6761646f7c623a313b676572656e636961725f70726f6a65746f2d347c613a313a7b733a31343a22636f6469676f5f70726f6a65746f223b733a313a2234223b7d676572656e636961725f746172656661732d347c613a313a7b733a31343a22636f6469676f5f70726f6a65746f223b733a313a2234223b7d),
('9eeae097252e86ec375b6898b25a0aeae19605ce', '::1', 1455081238, 0x5f5f63695f6c6173745f726567656e65726174657c693a313435353038313035313b636f6469676f5f7573756172696f7c733a313a2236223b6c6f67696e7c733a363a226e656e65746f223b6e6f6d657c733a373a22416e746f6e696f223b736f6272656e6f6d657c733a343a224e65746f223b636f6469676f5f70657266696c7c733a313a2232223b636f6469676f5f7374617475737c733a313a2231223b6172717569766f5f6176617461727c733a31303a226e656e65746f2e6a7067223b6c6f6761646f7c623a313b676572656e636961725f70726f6a65746f2d347c613a313a7b733a31343a22636f6469676f5f70726f6a65746f223b733a313a2234223b7d676572656e636961725f746172656661732d347c613a313a7b733a31343a22636f6469676f5f70726f6a65746f223b733a313a2234223b7d676572656e636961725f70726f6a65746f2d317c613a313a7b733a31343a22636f6469676f5f70726f6a65746f223b733a313a2231223b7d676572656e636961725f746172656661732d317c613a313a7b733a31343a22636f6469676f5f70726f6a65746f223b733a313a2231223b7d),
('ad09d08a407e173ff3a28b22796c96449e966465', '::1', 1455072909, 0x5f5f63695f6c6173745f726567656e65726174657c693a313435353037323538333b636f6469676f5f7573756172696f7c733a313a2236223b6c6f67696e7c733a363a226e656e65746f223b6e6f6d657c733a373a22416e746f6e696f223b736f6272656e6f6d657c733a343a224e65746f223b636f6469676f5f70657266696c7c733a313a2232223b636f6469676f5f7374617475737c733a313a2231223b6172717569766f5f6176617461727c733a31303a226e656e65746f2e6a7067223b6c6f6761646f7c623a313b),
('ad4f57a2c86548fb9406442d98355bb201205525', '::1', 1455078833, 0x5f5f63695f6c6173745f726567656e65726174657c693a313435353037383537323b636f6469676f5f7573756172696f7c733a313a2236223b6c6f67696e7c733a363a226e656e65746f223b6e6f6d657c733a373a22416e746f6e696f223b736f6272656e6f6d657c733a343a224e65746f223b636f6469676f5f70657266696c7c733a313a2232223b636f6469676f5f7374617475737c733a313a2231223b6172717569766f5f6176617461727c733a31303a226e656e65746f2e6a7067223b6c6f6761646f7c623a313b676572656e636961725f70726f6a65746f2d347c613a313a7b733a31343a22636f6469676f5f70726f6a65746f223b733a313a2234223b7d676572656e636961725f746172656661732d347c613a313a7b733a31343a22636f6469676f5f70726f6a65746f223b733a313a2234223b7d676572656e636961725f70726f6a65746f2d317c613a313a7b733a31343a22636f6469676f5f70726f6a65746f223b733a313a2231223b7d676572656e636961725f746172656661732d317c613a313a7b733a31343a22636f6469676f5f70726f6a65746f223b733a313a2231223b7d),
('b10adac060d4d3de4f9be02e52958ee0f859bf09', '::1', 1454986328, 0x5f5f63695f6c6173745f726567656e65726174657c693a313435343938363135373b636f6469676f5f7573756172696f7c733a313a2236223b6c6f67696e7c733a363a226e656e65746f223b6e6f6d657c733a373a22416e746f6e696f223b736f6272656e6f6d657c733a343a224e65746f223b636f6469676f5f70657266696c7c733a313a2232223b636f6469676f5f7374617475737c733a313a2231223b6172717569766f5f6176617461727c733a31303a226e656e65746f2e6a7067223b6c6f6761646f7c623a313b676572656e636961725f70726f6a65746f2d367c613a313a7b733a31343a22636f6469676f5f70726f6a65746f223b733a313a2236223b7d676572656e636961725f746172656661732d367c613a313a7b733a31343a22636f6469676f5f70726f6a65746f223b733a313a2236223b7d676572656e636961725f70726f6a65746f2d317c613a313a7b733a31343a22636f6469676f5f70726f6a65746f223b733a313a2231223b7d676572656e636961725f746172656661732d317c613a313a7b733a31343a22636f6469676f5f70726f6a65746f223b733a313a2231223b7d676572656e636961725f70726f6a65746f2d347c613a313a7b733a31343a22636f6469676f5f70726f6a65746f223b733a313a2234223b7d676572656e636961725f746172656661732d347c613a313a7b733a31343a22636f6469676f5f70726f6a65746f223b733a313a2234223b7d676572656e636961725f70726f6a65746f2d357c613a313a7b733a31343a22636f6469676f5f70726f6a65746f223b733a313a2235223b7d676572656e636961725f746172656661732d357c613a313a7b733a31343a22636f6469676f5f70726f6a65746f223b733a313a2235223b7d676572656e636961725f70726f6a65746f2d377c613a313a7b733a31343a22636f6469676f5f70726f6a65746f223b733a313a2237223b7d676572656e636961725f746172656661732d377c613a313a7b733a31343a22636f6469676f5f70726f6a65746f223b733a313a2237223b7d),
('b4cfc31826aaf9f524cb7f12cdbbe43b7ad26768', '::1', 1455083527, 0x5f5f63695f6c6173745f726567656e65726174657c693a313435353038333232383b636f6469676f5f7573756172696f7c733a313a2236223b6c6f67696e7c733a363a226e656e65746f223b6e6f6d657c733a373a22416e746f6e696f223b736f6272656e6f6d657c733a343a224e65746f223b636f6469676f5f70657266696c7c733a313a2232223b636f6469676f5f7374617475737c733a313a2231223b6172717569766f5f6176617461727c733a31303a226e656e65746f2e6a7067223b6c6f6761646f7c623a313b676572656e636961725f70726f6a65746f2d347c613a313a7b733a31343a22636f6469676f5f70726f6a65746f223b733a313a2234223b7d676572656e636961725f746172656661732d347c613a313a7b733a31343a22636f6469676f5f70726f6a65746f223b733a313a2234223b7d676572656e636961725f70726f6a65746f2d317c613a313a7b733a31343a22636f6469676f5f70726f6a65746f223b733a313a2231223b7d676572656e636961725f746172656661732d317c613a313a7b733a31343a22636f6469676f5f70726f6a65746f223b733a313a2231223b7d),
('c504337a7e0918ace38d5c5df71a71c3aaa749ed', '::1', 1454993301, 0x5f5f63695f6c6173745f726567656e65726174657c693a313435343939333136303b636f6469676f5f7573756172696f7c733a313a2236223b6c6f67696e7c733a363a226e656e65746f223b6e6f6d657c733a373a22416e746f6e696f223b736f6272656e6f6d657c733a343a224e65746f223b636f6469676f5f70657266696c7c733a313a2232223b636f6469676f5f7374617475737c733a313a2231223b6172717569766f5f6176617461727c733a31303a226e656e65746f2e6a7067223b6c6f6761646f7c623a313b676572656e636961725f70726f6a65746f2d347c613a313a7b733a31343a22636f6469676f5f70726f6a65746f223b733a313a2234223b7d676572656e636961725f746172656661732d347c613a313a7b733a31343a22636f6469676f5f70726f6a65746f223b733a313a2234223b7d),
('c8292198f8faefe44a35fcdbaf86f01de049428b', '::1', 1454987926, 0x5f5f63695f6c6173745f726567656e65726174657c693a313435343938373737303b636f6469676f5f7573756172696f7c733a313a2235223b6c6f67696e7c733a333a226d6c70223b6e6f6d657c733a373a224dc3a17263696f223b736f6272656e6f6d657c733a363a22506173736f73223b636f6469676f5f70657266696c7c733a313a2232223b636f6469676f5f7374617475737c733a313a2231223b6172717569766f5f6176617461727c733a31313a22617661746172332e6a7067223b6c6f6761646f7c623a313b),
('cadf412bfd340c988da25f927ee2e0baf6bacbb3', '::1', 1455153024, 0x5f5f63695f6c6173745f726567656e65726174657c693a313435353135323939323b636f6469676f5f7573756172696f7c733a313a2236223b6c6f67696e7c733a363a226e656e65746f223b6e6f6d657c733a373a22416e746f6e696f223b736f6272656e6f6d657c733a343a224e65746f223b636f6469676f5f70657266696c7c733a313a2232223b636f6469676f5f7374617475737c733a313a2231223b6172717569766f5f6176617461727c733a31303a226e656e65746f2e6a7067223b6c6f6761646f7c623a313b676572656e636961725f70726f6a65746f2d327c613a313a7b733a31343a22636f6469676f5f70726f6a65746f223b733a313a2232223b7d676572656e636961725f746172656661732d327c613a313a7b733a31343a22636f6469676f5f70726f6a65746f223b733a313a2232223b7d676572656e636961725f70726f6a65746f2d317c613a313a7b733a31343a22636f6469676f5f70726f6a65746f223b733a313a2231223b7d676572656e636961725f746172656661732d317c613a313a7b733a31343a22636f6469676f5f70726f6a65746f223b733a313a2231223b7d),
('cea5e411731a1b0c9556acaeec79ef0ef5ecb502', '::1', 1455076262, 0x5f5f63695f6c6173745f726567656e65726174657c693a313435353037353939393b636f6469676f5f7573756172696f7c733a313a2236223b6c6f67696e7c733a363a226e656e65746f223b6e6f6d657c733a373a22416e746f6e696f223b736f6272656e6f6d657c733a343a224e65746f223b636f6469676f5f70657266696c7c733a313a2232223b636f6469676f5f7374617475737c733a313a2231223b6172717569766f5f6176617461727c733a31303a226e656e65746f2e6a7067223b6c6f6761646f7c623a313b676572656e636961725f70726f6a65746f2d347c613a313a7b733a31343a22636f6469676f5f70726f6a65746f223b733a313a2234223b7d676572656e636961725f746172656661732d347c613a313a7b733a31343a22636f6469676f5f70726f6a65746f223b733a313a2234223b7d676572656e636961725f70726f6a65746f2d317c613a313a7b733a31343a22636f6469676f5f70726f6a65746f223b733a313a2231223b7d676572656e636961725f746172656661732d317c613a313a7b733a31343a22636f6469676f5f70726f6a65746f223b733a313a2231223b7d),
('d2f3d98b42b2d8d1d1a59ae4c292ffa7cf458522', '::1', 1454990723, 0x5f5f63695f6c6173745f726567656e65726174657c693a313435343939303432393b636f6469676f5f7573756172696f7c733a313a2236223b6c6f67696e7c733a363a226e656e65746f223b6e6f6d657c733a373a22416e746f6e696f223b736f6272656e6f6d657c733a343a224e65746f223b636f6469676f5f70657266696c7c733a313a2232223b636f6469676f5f7374617475737c733a313a2231223b6172717569766f5f6176617461727c733a31303a226e656e65746f2e6a7067223b6c6f6761646f7c623a313b676572656e636961725f70726f6a65746f2d317c613a313a7b733a31343a22636f6469676f5f70726f6a65746f223b733a313a2231223b7d676572656e636961725f746172656661732d317c613a313a7b733a31343a22636f6469676f5f70726f6a65746f223b733a313a2231223b7d),
('d56ea79d4e208fa76d3028adf9c92de866e95c88', '::1', 1454987158, 0x5f5f63695f6c6173745f726567656e65726174657c693a313435343938363838373b636f6469676f5f7573756172696f7c733a313a2236223b6c6f67696e7c733a363a226e656e65746f223b6e6f6d657c733a373a22416e746f6e696f223b736f6272656e6f6d657c733a343a224e65746f223b636f6469676f5f70657266696c7c733a313a2232223b636f6469676f5f7374617475737c733a313a2231223b6172717569766f5f6176617461727c733a31303a226e656e65746f2e6a7067223b6c6f6761646f7c623a313b676572656e636961725f70726f6a65746f2d367c613a313a7b733a31343a22636f6469676f5f70726f6a65746f223b733a313a2236223b7d676572656e636961725f746172656661732d367c613a313a7b733a31343a22636f6469676f5f70726f6a65746f223b733a313a2236223b7d676572656e636961725f70726f6a65746f2d317c613a313a7b733a31343a22636f6469676f5f70726f6a65746f223b733a313a2231223b7d676572656e636961725f746172656661732d317c613a313a7b733a31343a22636f6469676f5f70726f6a65746f223b733a313a2231223b7d676572656e636961725f70726f6a65746f2d347c613a313a7b733a31343a22636f6469676f5f70726f6a65746f223b733a313a2234223b7d676572656e636961725f746172656661732d347c613a313a7b733a31343a22636f6469676f5f70726f6a65746f223b733a313a2234223b7d676572656e636961725f70726f6a65746f2d357c613a313a7b733a31343a22636f6469676f5f70726f6a65746f223b733a313a2235223b7d676572656e636961725f746172656661732d357c613a313a7b733a31343a22636f6469676f5f70726f6a65746f223b733a313a2235223b7d676572656e636961725f70726f6a65746f2d377c613a313a7b733a31343a22636f6469676f5f70726f6a65746f223b733a313a2237223b7d676572656e636961725f746172656661732d377c613a313a7b733a31343a22636f6469676f5f70726f6a65746f223b733a313a2237223b7d),
('d7d1cd9bfefa167fae3db48a467ec5cb29407fdc', '::1', 1455079291, 0x5f5f63695f6c6173745f726567656e65726174657c693a313435353037393236343b636f6469676f5f7573756172696f7c733a313a2236223b6c6f67696e7c733a363a226e656e65746f223b6e6f6d657c733a373a22416e746f6e696f223b736f6272656e6f6d657c733a343a224e65746f223b636f6469676f5f70657266696c7c733a313a2232223b636f6469676f5f7374617475737c733a313a2231223b6172717569766f5f6176617461727c733a31303a226e656e65746f2e6a7067223b6c6f6761646f7c623a313b676572656e636961725f70726f6a65746f2d347c613a313a7b733a31343a22636f6469676f5f70726f6a65746f223b733a313a2234223b7d676572656e636961725f746172656661732d347c613a313a7b733a31343a22636f6469676f5f70726f6a65746f223b733a313a2234223b7d676572656e636961725f70726f6a65746f2d317c613a313a7b733a31343a22636f6469676f5f70726f6a65746f223b733a313a2231223b7d676572656e636961725f746172656661732d317c613a313a7b733a31343a22636f6469676f5f70726f6a65746f223b733a313a2231223b7d),
('dcd7b731f17c44d71e49ac48ba82584daa74bb7f', '::1', 1455149992, 0x5f5f63695f6c6173745f726567656e65726174657c693a313435353134393639363b636f6469676f5f7573756172696f7c733a313a2236223b6c6f67696e7c733a363a226e656e65746f223b6e6f6d657c733a373a22416e746f6e696f223b736f6272656e6f6d657c733a343a224e65746f223b636f6469676f5f70657266696c7c733a313a2232223b636f6469676f5f7374617475737c733a313a2231223b6172717569766f5f6176617461727c733a31303a226e656e65746f2e6a7067223b6c6f6761646f7c623a313b676572656e636961725f70726f6a65746f2d317c613a313a7b733a31343a22636f6469676f5f70726f6a65746f223b733a313a2231223b7d676572656e636961725f746172656661732d317c613a313a7b733a31343a22636f6469676f5f70726f6a65746f223b733a313a2231223b7d61646963696f6e61725f616f5f70726f6a65746f7c613a313a7b733a31343a22636f6469676f5f70726f6a65746f223b733a313a2232223b7d5f5f63695f766172737c613a313a7b733a32303a2261646963696f6e61725f616f5f70726f6a65746f223b733a333a226e6577223b7d),
('e0f46907907f5d9ee3a08937a70f4e839392d79a', '::1', 1455078542, 0x5f5f63695f6c6173745f726567656e65726174657c693a313435353037383236373b636f6469676f5f7573756172696f7c733a313a2236223b6c6f67696e7c733a363a226e656e65746f223b6e6f6d657c733a373a22416e746f6e696f223b736f6272656e6f6d657c733a343a224e65746f223b636f6469676f5f70657266696c7c733a313a2232223b636f6469676f5f7374617475737c733a313a2231223b6172717569766f5f6176617461727c733a31303a226e656e65746f2e6a7067223b6c6f6761646f7c623a313b676572656e636961725f70726f6a65746f2d347c613a313a7b733a31343a22636f6469676f5f70726f6a65746f223b733a313a2234223b7d676572656e636961725f746172656661732d347c613a313a7b733a31343a22636f6469676f5f70726f6a65746f223b733a313a2234223b7d676572656e636961725f70726f6a65746f2d317c613a313a7b733a31343a22636f6469676f5f70726f6a65746f223b733a313a2231223b7d676572656e636961725f746172656661732d317c613a313a7b733a31343a22636f6469676f5f70726f6a65746f223b733a313a2231223b7d),
('fb49c4f54c0d39adaf8c739552632a697e0f281d', '::1', 1454991772, 0x5f5f63695f6c6173745f726567656e65726174657c693a313435343939313530383b636f6469676f5f7573756172696f7c733a313a2236223b6c6f67696e7c733a363a226e656e65746f223b6e6f6d657c733a373a22416e746f6e696f223b736f6272656e6f6d657c733a343a224e65746f223b636f6469676f5f70657266696c7c733a313a2232223b636f6469676f5f7374617475737c733a313a2231223b6172717569766f5f6176617461727c733a31303a226e656e65746f2e6a7067223b6c6f6761646f7c623a313b676572656e636961725f70726f6a65746f2d347c613a313a7b733a31343a22636f6469676f5f70726f6a65746f223b733a313a2234223b7d676572656e636961725f746172656661732d347c613a313a7b733a31343a22636f6469676f5f70726f6a65746f223b733a313a2234223b7d);

-- --------------------------------------------------------

--
-- Estrutura da tabela `observacoes_resposta`
--

CREATE TABLE IF NOT EXISTS `observacoes_resposta` (
  `codigo` int(11) NOT NULL AUTO_INCREMENT,
  `codigo_observacao` int(11) NOT NULL,
  `resposta` varchar(500) NOT NULL,
  `data_resposta` date DEFAULT NULL,
  `inserido_por` int(11) DEFAULT NULL,
  PRIMARY KEY (`codigo`)
) ENGINE=InnoDB DEFAULT CHARSET=latin1 AUTO_INCREMENT=1 ;

-- --------------------------------------------------------

--
-- Estrutura da tabela `observacoes_status`
--

CREATE TABLE IF NOT EXISTS `observacoes_status` (
  `codigo` int(11) NOT NULL AUTO_INCREMENT,
  `nome` varchar(100) NOT NULL,
  PRIMARY KEY (`codigo`)
) ENGINE=InnoDB  DEFAULT CHARSET=latin1 AUTO_INCREMENT=5 ;

--
-- Extraindo dados da tabela `observacoes_status`
--

INSERT INTO `observacoes_status` (`codigo`, `nome`) VALUES
(1, 'Em andamento'),
(2, 'Aceita'),
(3, 'Negada'),
(4, 'Finalização forçada');

-- --------------------------------------------------------

--
-- Estrutura da tabela `observacoes_tipo`
--

CREATE TABLE IF NOT EXISTS `observacoes_tipo` (
  `codigo` int(11) NOT NULL AUTO_INCREMENT,
  `tipo` varchar(100) NOT NULL,
  PRIMARY KEY (`codigo`)
) ENGINE=InnoDB  DEFAULT CHARSET=latin1 AUTO_INCREMENT=4 ;

--
-- Extraindo dados da tabela `observacoes_tipo`
--

INSERT INTO `observacoes_tipo` (`codigo`, `tipo`) VALUES
(1, 'Finalização'),
(2, 'Extensão de Prazo'),
(3, 'Finalização Forçada');

-- --------------------------------------------------------

--
-- Estrutura da tabela `papel`
--

CREATE TABLE IF NOT EXISTS `papel` (
  `codigo` int(11) NOT NULL AUTO_INCREMENT,
  `nome` varchar(30) NOT NULL,
  PRIMARY KEY (`codigo`)
) ENGINE=InnoDB  DEFAULT CHARSET=latin1 AUTO_INCREMENT=4 ;

--
-- Extraindo dados da tabela `papel`
--

INSERT INTO `papel` (`codigo`, `nome`) VALUES
(1, 'Líder'),
(2, 'Participante'),
(3, 'Coordenador');

-- --------------------------------------------------------

--
-- Estrutura da tabela `perfil`
--

CREATE TABLE IF NOT EXISTS `perfil` (
  `codigo` int(11) NOT NULL AUTO_INCREMENT,
  `nome` varchar(30) NOT NULL,
  PRIMARY KEY (`codigo`)
) ENGINE=InnoDB  DEFAULT CHARSET=latin1 AUTO_INCREMENT=3 ;

--
-- Extraindo dados da tabela `perfil`
--

INSERT INTO `perfil` (`codigo`, `nome`) VALUES
(1, 'User'),
(2, 'Admin');

-- --------------------------------------------------------

--
-- Estrutura da tabela `projeto`
--

CREATE TABLE IF NOT EXISTS `projeto` (
  `codigo` int(11) NOT NULL AUTO_INCREMENT,
  `titulo` varchar(100) NOT NULL,
  `descricao` varchar(300) NOT NULL,
  `prioridade` int(11) NOT NULL,
  `data_inicio` date NOT NULL,
  `data_prazo` date NOT NULL,
  `data_fim` date DEFAULT NULL,
  `criado_por` int(11) NOT NULL,
  `codigo_status` int(11) NOT NULL,
  PRIMARY KEY (`codigo`)
) ENGINE=InnoDB  DEFAULT CHARSET=latin1 AUTO_INCREMENT=3 ;

--
-- Extraindo dados da tabela `projeto`
--

INSERT INTO `projeto` (`codigo`, `titulo`, `descricao`, `prioridade`, `data_inicio`, `data_prazo`, `data_fim`, `criado_por`, `codigo_status`) VALUES
(1, 'Projeto Teste', 'If you wish to increase security by hiding the location of your CodeIgniter files you can rename the system and application folders to something more private. If you do rename them, you must open your main index.php file and set the $system_path and $application_folder variables at the top of the fi', 3, '2016-02-10', '2016-02-29', NULL, 0, 1),
(2, 'Teste 2', 'Teste 2 desc', 1, '2016-02-10', '2016-02-19', NULL, 0, 1);

-- --------------------------------------------------------

--
-- Estrutura da tabela `projeto_tarefa`
--

CREATE TABLE IF NOT EXISTS `projeto_tarefa` (
  `codigo` int(11) NOT NULL AUTO_INCREMENT,
  `codigo_projeto` int(11) NOT NULL,
  `codigo_tarefa` int(11) NOT NULL,
  PRIMARY KEY (`codigo`)
) ENGINE=InnoDB DEFAULT CHARSET=latin1 AUTO_INCREMENT=1 ;

-- --------------------------------------------------------

--
-- Estrutura da tabela `status`
--

CREATE TABLE IF NOT EXISTS `status` (
  `codigo` int(11) NOT NULL,
  `nome` varchar(30) NOT NULL,
  PRIMARY KEY (`codigo`)
) ENGINE=InnoDB DEFAULT CHARSET=latin1;

--
-- Extraindo dados da tabela `status`
--

INSERT INTO `status` (`codigo`, `nome`) VALUES
(0, 'Desativado'),
(1, 'Ativado');

-- --------------------------------------------------------

--
-- Estrutura da tabela `tarefa`
--

CREATE TABLE IF NOT EXISTS `tarefa` (
  `codigo` int(11) NOT NULL AUTO_INCREMENT,
  `titulo` varchar(100) NOT NULL,
  `descricao` varchar(300) NOT NULL,
  `prioridade` int(1) NOT NULL,
  `data_inicio` date NOT NULL,
  `data_prazo` date NOT NULL,
  `data_fim` date DEFAULT NULL,
  `encerrada` tinyint(4) DEFAULT NULL,
  `encerrada_por` int(11) DEFAULT NULL,
  `criado_por` int(11) NOT NULL,
  `codigo_projeto` int(11) NOT NULL,
  `codigo_usuario` int(11) NOT NULL,
  `codigo_status` int(11) NOT NULL,
  PRIMARY KEY (`codigo`)
) ENGINE=InnoDB  DEFAULT CHARSET=latin1 AUTO_INCREMENT=5 ;

--
-- Extraindo dados da tabela `tarefa`
--

INSERT INTO `tarefa` (`codigo`, `titulo`, `descricao`, `prioridade`, `data_inicio`, `data_prazo`, `data_fim`, `encerrada`, `encerrada_por`, `criado_por`, `codigo_projeto`, `codigo_usuario`, `codigo_status`) VALUES
(2, 'Tarefa 02', 'Teste 2', 2, '2016-02-11', '2016-02-14', NULL, NULL, NULL, 6, 1, 8, 1),
(3, 'Identidade Visual', 'teste', 1, '2016-02-15', '2016-02-16', NULL, NULL, NULL, 6, 1, 9, 1),
(4, 'Tarefa Teste Joao', 'teste joao', 3, '2016-02-11', '2016-02-12', NULL, NULL, NULL, 6, 2, 7, 1);

-- --------------------------------------------------------

--
-- Estrutura da tabela `tarefa_observacoes`
--

CREATE TABLE IF NOT EXISTS `tarefa_observacoes` (
  `codigo` int(11) NOT NULL AUTO_INCREMENT,
  `observacao` varchar(500) NOT NULL,
  `data_criada` date NOT NULL,
  `codigo_tipo` int(11) NOT NULL,
  `codigo_status_obs` int(11) DEFAULT NULL,
  `codigo_tarefa` int(11) NOT NULL,
  `inserido_por` int(11) NOT NULL,
  PRIMARY KEY (`codigo`)
) ENGINE=InnoDB DEFAULT CHARSET=latin1 AUTO_INCREMENT=1 ;

-- --------------------------------------------------------

--
-- Estrutura da tabela `usuario`
--

CREATE TABLE IF NOT EXISTS `usuario` (
  `codigo` int(11) NOT NULL AUTO_INCREMENT,
  `login` varchar(15) NOT NULL,
  `senha` varchar(100) NOT NULL,
  `email` varchar(100) NOT NULL,
  `nome` varchar(30) NOT NULL,
  `sobrenome` varchar(30) NOT NULL,
  `data_nascimento` date NOT NULL,
  `arquivo_avatar` varchar(200) NOT NULL,
  `data_criado` date NOT NULL,
  `codigo_funcao` int(11) NOT NULL,
  `codigo_perfil` int(11) NOT NULL,
  `codigo_status` int(11) NOT NULL,
  PRIMARY KEY (`codigo`)
) ENGINE=InnoDB  DEFAULT CHARSET=latin1 AUTO_INCREMENT=12 ;

--
-- Extraindo dados da tabela `usuario`
--

INSERT INTO `usuario` (`codigo`, `login`, `senha`, `email`, `nome`, `sobrenome`, `data_nascimento`, `arquivo_avatar`, `data_criado`, `codigo_funcao`, `codigo_perfil`, `codigo_status`) VALUES
(4, 'igor', '7c67e713a4b4139702de1a4fac672344', 'igorcha@secom.pa.gov.br', 'Igor', 'Cha', '2001-01-01', 'igor-avatar.jpg', '2015-12-17', 4, 1, 1),
(5, 'mlp', '7c67e713a4b4139702de1a4fac672344', 'marciopassosbel@gmail.com', 'Márcio', 'Passos', '1981-04-13', 'avatar3.jpg', '2015-12-17', 3, 2, 1),
(6, 'neneto', '7c67e713a4b4139702de1a4fac672344', 'antonioneto@secom.pa.gov.br', 'Antonio', 'Neto', '2001-01-01', 'neneto.jpg', '2015-12-17', 1, 2, 1),
(7, 'joao', '7c67e713a4b4139702de1a4fac672344', 'joaolemos@secom.pa.gov.br', 'João', 'Lemos', '2010-10-10', 'joao.jpg', '2015-12-17', 4, 1, 1),
(8, 'vini', '7c67e713a4b4139702de1a4fac672344', 'viniciusmonteiro@secom.pa.gov.br', 'Vinicius', 'Monteiro', '2002-02-20', 'vinicius.jpg', '2015-12-17', 2, 1, 1),
(9, 'italo', '7c67e713a4b4139702de1a4fac672344', 'italo.torres@secom.pa.gov.br', 'Ítalo', 'Torres', '1990-11-11', 'italo.jpg', '2015-12-17', 2, 1, 1),
(10, 'pet', '7c67e713a4b4139702de1a4fac672344', 'pettersonfariassecom@gmail.com', 'Petterson', 'Farias', '1993-12-12', 'pet.jpg', '2015-12-17', 2, 1, 1),
(11, 'carolina', '7c67e713a4b4139702de1a4fac672344', 'carolinaventurini@icloud.com', 'Carolina', 'Venturini Passos', '2005-09-05', '12113508_10204682176965630_8757563117268102190_o.jpg', '2015-12-23', 2, 2, 1);

-- --------------------------------------------------------

--
-- Estrutura da tabela `usuario_acesso`
--

CREATE TABLE IF NOT EXISTS `usuario_acesso` (
  `codigo` int(11) NOT NULL AUTO_INCREMENT,
  `codigo_usuario` int(11) NOT NULL,
  `data_acesso` timestamp NOT NULL DEFAULT CURRENT_TIMESTAMP,
  PRIMARY KEY (`codigo`)
) ENGINE=InnoDB DEFAULT CHARSET=latin1 AUTO_INCREMENT=1 ;

-- --------------------------------------------------------

--
-- Estrutura da tabela `usuario_funcao`
--

CREATE TABLE IF NOT EXISTS `usuario_funcao` (
  `codigo` int(11) NOT NULL AUTO_INCREMENT,
  `titulo` varchar(100) NOT NULL,
  PRIMARY KEY (`codigo`)
) ENGINE=InnoDB  DEFAULT CHARSET=latin1 AUTO_INCREMENT=6 ;

--
-- Extraindo dados da tabela `usuario_funcao`
--

INSERT INTO `usuario_funcao` (`codigo`, `titulo`) VALUES
(1, 'Diretor'),
(2, 'Assessor de Comunicação'),
(3, 'Analista de Sistemas'),
(4, 'Designer Gráfico'),
(5, 'Estagiário');

-- --------------------------------------------------------

--
-- Estrutura da tabela `usuario_projeto`
--

CREATE TABLE IF NOT EXISTS `usuario_projeto` (
  `codigo` int(11) NOT NULL AUTO_INCREMENT,
  `codigo_usuario` int(11) NOT NULL,
  `codigo_projeto` int(11) NOT NULL,
  `codigo_papel` int(11) NOT NULL,
  PRIMARY KEY (`codigo`)
) ENGINE=InnoDB  DEFAULT CHARSET=latin1 AUTO_INCREMENT=20 ;

--
-- Extraindo dados da tabela `usuario_projeto`
--

INSERT INTO `usuario_projeto` (`codigo`, `codigo_usuario`, `codigo_projeto`, `codigo_papel`) VALUES
(1, 6, 1, 1),
(13, 8, 1, 2),
(14, 9, 1, 2),
(16, 6, 2, 1),
(17, 4, 2, 2),
(19, 7, 2, 2);

-- --------------------------------------------------------

--
-- Estrutura da tabela `usuario_tarefa`
--

CREATE TABLE IF NOT EXISTS `usuario_tarefa` (
  `codigo` int(11) NOT NULL AUTO_INCREMENT,
  `codigo_usuario` int(11) NOT NULL,
  `codigo_tarefa` int(11) NOT NULL,
  `codigo_papel` int(11) NOT NULL,
  PRIMARY KEY (`codigo`)
) ENGINE=InnoDB DEFAULT CHARSET=latin1 AUTO_INCREMENT=1 ;

/*!40101 SET CHARACTER_SET_CLIENT=@OLD_CHARACTER_SET_CLIENT */;
/*!40101 SET CHARACTER_SET_RESULTS=@OLD_CHARACTER_SET_RESULTS */;
/*!40101 SET COLLATION_CONNECTION=@OLD_COLLATION_CONNECTION */;
