-- phpMyAdmin SQL Dump
-- version 4.0.4.1
-- http://www.phpmyadmin.net
--
-- Máquina: localhost
-- Data de Criação: 04-Jan-2016 às 04:34
-- Versão do servidor: 5.5.31
-- versão do PHP: 5.4.19

SET SQL_MODE = "NO_AUTO_VALUE_ON_ZERO";
SET time_zone = "+00:00";


/*!40101 SET @OLD_CHARACTER_SET_CLIENT=@@CHARACTER_SET_CLIENT */;
/*!40101 SET @OLD_CHARACTER_SET_RESULTS=@@CHARACTER_SET_RESULTS */;
/*!40101 SET @OLD_COLLATION_CONNECTION=@@COLLATION_CONNECTION */;
/*!40101 SET NAMES utf8 */;

--
-- Base de Dados: `demandou-prod`
--
CREATE DATABASE IF NOT EXISTS `demandou-prod` DEFAULT CHARACTER SET latin1 COLLATE latin1_swedish_ci;
USE `demandou-prod`;

-- --------------------------------------------------------

--
-- Estrutura da tabela `ci_sessions`
--

CREATE TABLE IF NOT EXISTS `ci_sessions` (
  `id` varchar(40) NOT NULL,
  `ip_address` varchar(45) NOT NULL,
  `timestamp` int(10) unsigned NOT NULL DEFAULT '0',
  `data` blob NOT NULL,
  PRIMARY KEY (`id`),
  KEY `ci_sessions_timestamp` (`timestamp`)
) ENGINE=InnoDB DEFAULT CHARSET=latin1;

--
-- Extraindo dados da tabela `ci_sessions`
--

INSERT INTO `ci_sessions` (`id`, `ip_address`, `timestamp`, `data`) VALUES
('01883fe4945a697843f79d6e9e79c64bb4049917', '::1', 1451874788, 0x5f5f63695f6c6173745f726567656e65726174657c693a313435313837343534363b636f6469676f5f7573756172696f7c733a313a2235223b6c6f67696e7c733a333a226d6c70223b6e6f6d657c733a373a224dc3a17263696f223b736f6272656e6f6d657c733a363a22506173736f73223b636f6469676f5f70657266696c7c733a313a2232223b636f6469676f5f7374617475737c733a313a2231223b6c6f6761646f7c623a313b61646963696f6e61725f616f5f70726f6a65746f7c613a313a7b733a31343a22636f6469676f5f70726f6a65746f223b693a31353b7d5f5f63695f766172737c613a313a7b733a32303a2261646963696f6e61725f616f5f70726f6a65746f223b733a333a226e6577223b7d),
('06abead07e6358d989bc8ed4a816359f325aa9e5', '::1', 1451780088, 0x5f5f63695f6c6173745f726567656e65726174657c693a313435313738303038383b636f6469676f5f7573756172696f7c733a313a2235223b6c6f67696e7c733a333a226d6c70223b6e6f6d657c733a373a224dc3a17263696f223b736f6272656e6f6d657c733a363a22506173736f73223b636f6469676f5f70657266696c7c733a313a2232223b636f6469676f5f7374617475737c733a313a2231223b6c6f6761646f7c623a313b),
('06b7acdfe4caa3df5b0377d457d6d7c9a55175a5', '::1', 1451782434, 0x5f5f63695f6c6173745f726567656e65726174657c693a313435313738323135393b636f6469676f5f7573756172696f7c733a313a2235223b6c6f67696e7c733a333a226d6c70223b6e6f6d657c733a373a224dc3a17263696f223b736f6272656e6f6d657c733a363a22506173736f73223b636f6469676f5f70657266696c7c733a313a2232223b636f6469676f5f7374617475737c733a313a2231223b6c6f6761646f7c623a313b61646963696f6e61725f616f5f70726f6a65746f7c613a313a7b733a31343a22636f6469676f5f70726f6a65746f223b733a323a223131223b7d5f5f63695f766172737c613a313a7b733a32303a2261646963696f6e61725f616f5f70726f6a65746f223b733a333a226f6c64223b7d),
('0787708e3d48fc6e36348fab948633df20d28b8a', '::1', 1451710901, 0x5f5f63695f6c6173745f726567656e65726174657c693a313435313731303630313b636f6469676f5f7573756172696f7c733a313a2235223b6c6f67696e7c733a333a226d6c70223b6e6f6d657c733a373a224dc3a17263696f223b736f6272656e6f6d657c733a363a22506173736f73223b636f6469676f5f70657266696c7c733a313a2232223b636f6469676f5f7374617475737c733a313a2231223b6c6f6761646f7c623a313b),
('07eb8c4e55897d20ab710d8c304885e5e1febcf1', '::1', 1451712713, 0x5f5f63695f6c6173745f726567656e65726174657c693a313435313731323730393b636f6469676f5f7573756172696f7c733a313a2235223b6c6f67696e7c733a333a226d6c70223b6e6f6d657c733a373a224dc3a17263696f223b736f6272656e6f6d657c733a363a22506173736f73223b636f6469676f5f70657266696c7c733a313a2232223b636f6469676f5f7374617475737c733a313a2231223b6c6f6761646f7c623a313b),
('0a159b9727e88bb6b723e7c1ecb278e0d41c1ff5', '::1', 1451705385, 0x5f5f63695f6c6173745f726567656e65726174657c693a313435313730353130303b636f6469676f5f7573756172696f7c733a313a2235223b6c6f67696e7c733a333a226d6c70223b6e6f6d657c733a373a224dc3a17263696f223b736f6272656e6f6d657c733a363a22506173736f73223b636f6469676f5f70657266696c7c733a313a2232223b636f6469676f5f7374617475737c733a313a2231223b6c6f6761646f7c623a313b),
('11db9027aba976f2152a9c81676d7f9fc9778dbe', '::1', 1451534006, 0x5f5f63695f6c6173745f726567656e65726174657c693a313435313533333830313b636f6469676f5f7573756172696f7c733a313a2235223b6c6f67696e7c733a333a226d6c70223b6e6f6d657c733a373a224dc3a17263696f223b736f6272656e6f6d657c733a363a22506173736f73223b636f6469676f5f70657266696c7c733a313a2232223b636f6469676f5f7374617475737c733a313a2231223b6c6f6761646f7c623a313b),
('120a83b86b6caef310f84df6dbaac361b2ac8ef8', '::1', 1451871746, 0x5f5f63695f6c6173745f726567656e65726174657c693a313435313837313734353b636f6469676f5f7573756172696f7c733a313a2235223b6c6f67696e7c733a333a226d6c70223b6e6f6d657c733a373a224dc3a17263696f223b736f6272656e6f6d657c733a363a22506173736f73223b636f6469676f5f70657266696c7c733a313a2232223b636f6469676f5f7374617475737c733a313a2231223b6c6f6761646f7c623a313b),
('1282e149b37c86bcc502a086bdcab80e148118a1', '::1', 1451785809, 0x5f5f63695f6c6173745f726567656e65726174657c693a313435313738353632333b636f6469676f5f7573756172696f7c733a313a2235223b6c6f67696e7c733a333a226d6c70223b6e6f6d657c733a373a224dc3a17263696f223b736f6272656e6f6d657c733a363a22506173736f73223b636f6469676f5f70657266696c7c733a313a2232223b636f6469676f5f7374617475737c733a313a2231223b6c6f6761646f7c623a313b),
('15ff47a28272e06811afa924b041598d9e56b4b0', '::1', 1451782678, 0x5f5f63695f6c6173745f726567656e65726174657c693a313435313738323532383b636f6469676f5f7573756172696f7c733a313a2235223b6c6f67696e7c733a333a226d6c70223b6e6f6d657c733a373a224dc3a17263696f223b736f6272656e6f6d657c733a363a22506173736f73223b636f6469676f5f70657266696c7c733a313a2232223b636f6469676f5f7374617475737c733a313a2231223b6c6f6761646f7c623a313b),
('176f61081170195feaafc509da39123a7b8a610a', '::1', 1451799213, 0x5f5f63695f6c6173745f726567656e65726174657c693a313435313739393230393b636f6469676f5f7573756172696f7c733a313a2235223b6c6f67696e7c733a333a226d6c70223b6e6f6d657c733a373a224dc3a17263696f223b736f6272656e6f6d657c733a363a22506173736f73223b636f6469676f5f70657266696c7c733a313a2232223b636f6469676f5f7374617475737c733a313a2231223b6c6f6761646f7c623a313b),
('1ca3728c9984e63c8e38c1dbb16f9b73f9ba1b3d', '::1', 1451712273, 0x5f5f63695f6c6173745f726567656e65726174657c693a313435313731323038333b636f6469676f5f7573756172696f7c733a313a2235223b6c6f67696e7c733a333a226d6c70223b6e6f6d657c733a373a224dc3a17263696f223b736f6272656e6f6d657c733a363a22506173736f73223b636f6469676f5f70657266696c7c733a313a2232223b636f6469676f5f7374617475737c733a313a2231223b6c6f6761646f7c623a313b),
('1ef5d7eb5208c37e181c4b5a42074c5cddce7c89', '::1', 1451797801, 0x5f5f63695f6c6173745f726567656e65726174657c693a313435313739373434313b636f6469676f5f7573756172696f7c733a313a2235223b6c6f67696e7c733a333a226d6c70223b6e6f6d657c733a373a224dc3a17263696f223b736f6272656e6f6d657c733a363a22506173736f73223b636f6469676f5f70657266696c7c733a313a2232223b636f6469676f5f7374617475737c733a313a2231223b6c6f6761646f7c623a313b),
('22ebcc484151bcdc9007f61c8c51751585cf397f', '::1', 1451788326, 0x5f5f63695f6c6173745f726567656e65726174657c693a313435313738383039333b636f6469676f5f7573756172696f7c733a313a2235223b6c6f67696e7c733a333a226d6c70223b6e6f6d657c733a373a224dc3a17263696f223b736f6272656e6f6d657c733a363a22506173736f73223b636f6469676f5f70657266696c7c733a313a2232223b636f6469676f5f7374617475737c733a313a2231223b6c6f6761646f7c623a313b),
('2443e873d672f8c4d9a6cb51b5c4d35dc3b7a64d', '::1', 1451534898, 0x5f5f63695f6c6173745f726567656e65726174657c693a313435313533343637373b636f6469676f5f7573756172696f7c733a313a2235223b6c6f67696e7c733a333a226d6c70223b6e6f6d657c733a373a224dc3a17263696f223b736f6272656e6f6d657c733a363a22506173736f73223b636f6469676f5f70657266696c7c733a313a2232223b636f6469676f5f7374617475737c733a313a2231223b6c6f6761646f7c623a313b),
('27183c01830e9ae70a030d47f7d132f2a97be004', '::1', 1451798363, 0x5f5f63695f6c6173745f726567656e65726174657c693a313435313739383036353b6c6f6761646f7c623a313b636f6469676f5f7573756172696f7c733a313a2236223b6c6f67696e7c733a363a226e656e65746f223b6e6f6d657c733a373a22416e746f6e696f223b736f6272656e6f6d657c733a343a224e65746f223b636f6469676f5f70657266696c7c733a313a2232223b636f6469676f5f7374617475737c733a313a2231223b),
('29094092125aada11be9fc0ebf59ec272b909fd3', '::1', 1451709846, 0x5f5f63695f6c6173745f726567656e65726174657c693a313435313730393538343b636f6469676f5f7573756172696f7c733a313a2235223b6c6f67696e7c733a333a226d6c70223b6e6f6d657c733a373a224dc3a17263696f223b736f6272656e6f6d657c733a363a22506173736f73223b636f6469676f5f70657266696c7c733a313a2232223b636f6469676f5f7374617475737c733a313a2231223b6c6f6761646f7c623a313b),
('2ab5645dd190d2428ea4bb402f6b609f9aee61d1', '::1', 1451749995, 0x5f5f63695f6c6173745f726567656e65726174657c693a313435313734393638363b636f6469676f5f7573756172696f7c733a313a2235223b6c6f67696e7c733a333a226d6c70223b6e6f6d657c733a373a224dc3a17263696f223b736f6272656e6f6d657c733a363a22506173736f73223b636f6469676f5f70657266696c7c733a313a2232223b636f6469676f5f7374617475737c733a313a2231223b6c6f6761646f7c623a313b),
('2b3681265972398f9139a21c6455a927e3c36fd8', '::1', 1451705890, 0x5f5f63695f6c6173745f726567656e65726174657c693a313435313730353537363b636f6469676f5f7573756172696f7c733a313a2235223b6c6f67696e7c733a333a226d6c70223b6e6f6d657c733a373a224dc3a17263696f223b736f6272656e6f6d657c733a363a22506173736f73223b636f6469676f5f70657266696c7c733a313a2232223b636f6469676f5f7374617475737c733a313a2231223b6c6f6761646f7c623a313b),
('2d3f53f7f59dae05d46665b412d7337162ec4686', '::1', 1451535031, 0x5f5f63695f6c6173745f726567656e65726174657c693a313435313533353031353b636f6469676f5f7573756172696f7c733a313a2235223b6c6f67696e7c733a333a226d6c70223b6e6f6d657c733a373a224dc3a17263696f223b736f6272656e6f6d657c733a363a22506173736f73223b636f6469676f5f70657266696c7c733a313a2232223b636f6469676f5f7374617475737c733a313a2231223b6c6f6761646f7c623a313b),
('2f0cc2f3afac278c4c0b66dd0ba29163cedaa5e4', '192.168.0.12', 1451781393, 0x5f5f63695f6c6173745f726567656e65726174657c693a313435313738313339333b),
('2f2c1cee7a7cb81d04fd3cb5c2e7694fe8054719', '::1', 1451876585, 0x5f5f63695f6c6173745f726567656e65726174657c693a313435313837363538353b636f6469676f5f7573756172696f7c733a313a2235223b6c6f67696e7c733a333a226d6c70223b6e6f6d657c733a373a224dc3a17263696f223b736f6272656e6f6d657c733a363a22506173736f73223b636f6469676f5f70657266696c7c733a313a2232223b636f6469676f5f7374617475737c733a313a2231223b6c6f6761646f7c623a313b),
('32076b29977a2229f0fbdcc1af55e9dbe5bbdbea', '::1', 1451783650, 0x5f5f63695f6c6173745f726567656e65726174657c693a313435313738333334383b636f6469676f5f7573756172696f7c733a313a2235223b6c6f67696e7c733a333a226d6c70223b6e6f6d657c733a373a224dc3a17263696f223b736f6272656e6f6d657c733a363a22506173736f73223b636f6469676f5f70657266696c7c733a313a2232223b636f6469676f5f7374617475737c733a313a2231223b6c6f6761646f7c623a313b),
('37b34d8fe58e6cc44c0b8732d511e8ab0ed98932', '::1', 1451789335, 0x5f5f63695f6c6173745f726567656e65726174657c693a313435313738393037373b636f6469676f5f7573756172696f7c733a313a2235223b6c6f67696e7c733a333a226d6c70223b6e6f6d657c733a373a224dc3a17263696f223b736f6272656e6f6d657c733a363a22506173736f73223b636f6469676f5f70657266696c7c733a313a2232223b636f6469676f5f7374617475737c733a313a2231223b6c6f6761646f7c623a313b),
('3b4ad5cb81b31addabbbc1de16ef64e63afce9d6', '::1', 1451781225, 0x5f5f63695f6c6173745f726567656e65726174657c693a313435313738303933313b636f6469676f5f7573756172696f7c733a313a2235223b6c6f67696e7c733a333a226d6c70223b6e6f6d657c733a373a224dc3a17263696f223b736f6272656e6f6d657c733a363a22506173736f73223b636f6469676f5f70657266696c7c733a313a2232223b636f6469676f5f7374617475737c733a313a2231223b6c6f6761646f7c623a313b),
('3d441537655b83c84130d172a7e74dab336a6547', '::1', 1451774501, 0x5f5f63695f6c6173745f726567656e65726174657c693a313435313737343235363b636f6469676f5f7573756172696f7c733a313a2235223b6c6f67696e7c733a333a226d6c70223b6e6f6d657c733a373a224dc3a17263696f223b736f6272656e6f6d657c733a363a22506173736f73223b636f6469676f5f70657266696c7c733a313a2232223b636f6469676f5f7374617475737c733a313a2231223b6c6f6761646f7c623a313b),
('3e8948903c162332a81b8c374278584127ea34ac', '::1', 1451776034, 0x5f5f63695f6c6173745f726567656e65726174657c693a313435313737353933383b636f6469676f5f7573756172696f7c733a313a2235223b6c6f67696e7c733a333a226d6c70223b6e6f6d657c733a373a224dc3a17263696f223b736f6272656e6f6d657c733a363a22506173736f73223b636f6469676f5f70657266696c7c733a313a2232223b636f6469676f5f7374617475737c733a313a2231223b6c6f6761646f7c623a313b),
('3f1eef7c535c6450e849df47f36359bace1dc322', '::1', 1451798653, 0x5f5f63695f6c6173745f726567656e65726174657c693a313435313739383337323b6c6f6761646f7c623a313b636f6469676f5f7573756172696f7c733a313a2236223b6c6f67696e7c733a363a226e656e65746f223b6e6f6d657c733a373a22416e746f6e696f223b736f6272656e6f6d657c733a343a224e65746f223b636f6469676f5f70657266696c7c733a313a2232223b636f6469676f5f7374617475737c733a313a2231223b),
('473722a0ad8964b09705075e5832a759da04786c', '::1', 1451707385, 0x5f5f63695f6c6173745f726567656e65726174657c693a313435313730373136333b636f6469676f5f7573756172696f7c733a313a2235223b6c6f67696e7c733a333a226d6c70223b6e6f6d657c733a373a224dc3a17263696f223b736f6272656e6f6d657c733a363a22506173736f73223b636f6469676f5f70657266696c7c733a313a2232223b636f6469676f5f7374617475737c733a313a2231223b6c6f6761646f7c623a313b),
('4adc2af34f0a7c6ff1eee49823aba9e2018288e2', '::1', 1451621707, 0x5f5f63695f6c6173745f726567656e65726174657c693a313435313632313436373b636f6469676f5f7573756172696f7c733a313a2235223b6c6f67696e7c733a333a226d6c70223b6e6f6d657c733a373a224dc3a17263696f223b736f6272656e6f6d657c733a363a22506173736f73223b636f6469676f5f70657266696c7c733a313a2232223b636f6469676f5f7374617475737c733a313a2231223b6c6f6761646f7c623a313b),
('4b373204b731745a2f9390980c4822af52f90f62', '::1', 1451783235, 0x5f5f63695f6c6173745f726567656e65726174657c693a313435313738323931383b636f6469676f5f7573756172696f7c733a313a2235223b6c6f67696e7c733a333a226d6c70223b6e6f6d657c733a373a224dc3a17263696f223b736f6272656e6f6d657c733a363a22506173736f73223b636f6469676f5f70657266696c7c733a313a2232223b636f6469676f5f7374617475737c733a313a2231223b6c6f6761646f7c623a313b),
('4c86e1e7c31c9fb0907b7e9ad128287b668cc991', '::1', 1451791739, 0x5f5f63695f6c6173745f726567656e65726174657c693a313435313739313532313b636f6469676f5f7573756172696f7c733a313a2235223b6c6f67696e7c733a333a226d6c70223b6e6f6d657c733a373a224dc3a17263696f223b736f6272656e6f6d657c733a363a22506173736f73223b636f6469676f5f70657266696c7c733a313a2232223b636f6469676f5f7374617475737c733a313a2231223b6c6f6761646f7c623a313b),
('4c932b01faac7ee49f3f23a57406c53ff7a7b30c', '::1', 1451878382, 0x5f5f63695f6c6173745f726567656e65726174657c693a313435313837383134343b636f6469676f5f7573756172696f7c733a313a2234223b6c6f67696e7c733a343a2269676f72223b6e6f6d657c733a343a2249676f72223b736f6272656e6f6d657c733a333a22436861223b636f6469676f5f70657266696c7c733a313a2231223b636f6469676f5f7374617475737c733a313a2231223b6c6f6761646f7c623a313b),
('4e7fb78343e48ea5b9c4cc0a8c4c4d5a272c3188', '::1', 1451709553, 0x5f5f63695f6c6173745f726567656e65726174657c693a313435313730393235393b636f6469676f5f7573756172696f7c733a313a2235223b6c6f67696e7c733a333a226d6c70223b6e6f6d657c733a373a224dc3a17263696f223b736f6272656e6f6d657c733a363a22506173736f73223b636f6469676f5f70657266696c7c733a313a2232223b636f6469676f5f7374617475737c733a313a2231223b6c6f6761646f7c623a313b),
('533e131833f64df7ac33d9f4562cf903c0a90b63', '::1', 1451708423, 0x5f5f63695f6c6173745f726567656e65726174657c693a313435313730383133313b636f6469676f5f7573756172696f7c733a313a2235223b6c6f67696e7c733a333a226d6c70223b6e6f6d657c733a373a224dc3a17263696f223b736f6272656e6f6d657c733a363a22506173736f73223b636f6469676f5f70657266696c7c733a313a2232223b636f6469676f5f7374617475737c733a313a2231223b6c6f6761646f7c623a313b),
('545d3d511e35eb01071ae7d4929a936969b379e6', '::1', 1451781406, 0x5f5f63695f6c6173745f726567656e65726174657c693a313435313738313430363b636f6469676f5f7573756172696f7c733a313a2235223b6c6f67696e7c733a333a226d6c70223b6e6f6d657c733a373a224dc3a17263696f223b736f6272656e6f6d657c733a363a22506173736f73223b636f6469676f5f70657266696c7c733a313a2232223b636f6469676f5f7374617475737c733a313a2231223b6c6f6761646f7c623a313b),
('5b53a43011bc57cc5c8e54f4b858807e2810986a', '::1', 1451781480, 0x5f5f63695f6c6173745f726567656e65726174657c693a313435313738313234323b636f6469676f5f7573756172696f7c733a313a2235223b6c6f67696e7c733a333a226d6c70223b6e6f6d657c733a373a224dc3a17263696f223b736f6272656e6f6d657c733a363a22506173736f73223b636f6469676f5f70657266696c7c733a313a2232223b636f6469676f5f7374617475737c733a313a2231223b6c6f6761646f7c623a313b),
('5d986817365599f62698b2ecaf36ef839a50adcd', '::1', 1451790843, 0x5f5f63695f6c6173745f726567656e65726174657c693a313435313739303438323b636f6469676f5f7573756172696f7c733a313a2235223b6c6f67696e7c733a333a226d6c70223b6e6f6d657c733a373a224dc3a17263696f223b736f6272656e6f6d657c733a363a22506173736f73223b636f6469676f5f70657266696c7c733a313a2232223b636f6469676f5f7374617475737c733a313a2231223b6c6f6761646f7c623a313b),
('67ff53de21beaad78bb05dc0bf1d303ff7ffdc27', '::1', 1451870390, 0x5f5f63695f6c6173745f726567656e65726174657c693a313435313837303231313b636f6469676f5f7573756172696f7c733a313a2235223b6c6f67696e7c733a333a226d6c70223b6e6f6d657c733a373a224dc3a17263696f223b736f6272656e6f6d657c733a363a22506173736f73223b636f6469676f5f70657266696c7c733a313a2232223b636f6469676f5f7374617475737c733a313a2231223b6c6f6761646f7c623a313b),
('690b26273680277404d423ab87eac244a33e71ad', '::1', 1451785589, 0x5f5f63695f6c6173745f726567656e65726174657c693a313435313738353330303b636f6469676f5f7573756172696f7c733a313a2235223b6c6f67696e7c733a333a226d6c70223b6e6f6d657c733a373a224dc3a17263696f223b736f6272656e6f6d657c733a363a22506173736f73223b636f6469676f5f70657266696c7c733a313a2232223b636f6469676f5f7374617475737c733a313a2231223b6c6f6761646f7c623a313b),
('6b54abc10be5f7ebedbb49ab128552facb81f12b', '::1', 1451784703, 0x5f5f63695f6c6173745f726567656e65726174657c693a313435313738333731383b636f6469676f5f7573756172696f7c733a313a2235223b6c6f67696e7c733a333a226d6c70223b6e6f6d657c733a373a224dc3a17263696f223b736f6272656e6f6d657c733a363a22506173736f73223b636f6469676f5f70657266696c7c733a313a2232223b636f6469676f5f7374617475737c733a313a2231223b6c6f6761646f7c623a313b),
('6e1ec9ad7ff51695d02f6034c252ce6f8a08d12e', '::1', 1451533485, 0x5f5f63695f6c6173745f726567656e65726174657c693a313435313533333139363b636f6469676f5f7573756172696f7c733a313a2235223b6c6f67696e7c733a333a226d6c70223b6e6f6d657c733a373a224dc3a17263696f223b736f6272656e6f6d657c733a363a22506173736f73223b636f6469676f5f70657266696c7c733a313a2232223b636f6469676f5f7374617475737c733a313a2231223b6c6f6761646f7c623a313b),
('6f5cd8f1594589425db80a6a6df1afe3f0306a3f', '::1', 1451706404, 0x5f5f63695f6c6173745f726567656e65726174657c693a313435313730363333313b636f6469676f5f7573756172696f7c733a313a2235223b6c6f67696e7c733a333a226d6c70223b6e6f6d657c733a373a224dc3a17263696f223b736f6272656e6f6d657c733a363a22506173736f73223b636f6469676f5f70657266696c7c733a313a2232223b636f6469676f5f7374617475737c733a313a2231223b6c6f6761646f7c623a313b),
('6f8cc7c66a66c49e7d3c251e1823204d267b3eb3', '::1', 1451795150, 0x5f5f63695f6c6173745f726567656e65726174657c693a313435313739343931313b636f6469676f5f7573756172696f7c733a313a2235223b6c6f67696e7c733a333a226d6c70223b6e6f6d657c733a373a224dc3a17263696f223b736f6272656e6f6d657c733a363a22506173736f73223b636f6469676f5f70657266696c7c733a313a2232223b636f6469676f5f7374617475737c733a313a2231223b6c6f6761646f7c623a313b),
('6fc0b34d596c6b6cf643eed1a15992f9e6e1c3b1', '::1', 1451761426, 0x5f5f63695f6c6173745f726567656e65726174657c693a313435313736313230323b636f6469676f5f7573756172696f7c733a313a2235223b6c6f67696e7c733a333a226d6c70223b6e6f6d657c733a373a224dc3a17263696f223b736f6272656e6f6d657c733a363a22506173736f73223b636f6469676f5f70657266696c7c733a313a2232223b636f6469676f5f7374617475737c733a313a2231223b6c6f6761646f7c623a313b),
('7007b34f987959676df8ee748e21a1a79e621b66', '::1', 1451711031, 0x5f5f63695f6c6173745f726567656e65726174657c693a313435313731303933353b636f6469676f5f7573756172696f7c733a313a2235223b6c6f67696e7c733a333a226d6c70223b6e6f6d657c733a373a224dc3a17263696f223b736f6272656e6f6d657c733a363a22506173736f73223b636f6469676f5f70657266696c7c733a313a2232223b636f6469676f5f7374617475737c733a313a2231223b6c6f6761646f7c623a313b),
('7561439cdca76f211542f25bde7693a33d1f4f76', '::1', 1451710192, 0x5f5f63695f6c6173745f726567656e65726174657c693a313435313730393932313b636f6469676f5f7573756172696f7c733a313a2235223b6c6f67696e7c733a333a226d6c70223b6e6f6d657c733a373a224dc3a17263696f223b736f6272656e6f6d657c733a363a22506173736f73223b636f6469676f5f70657266696c7c733a313a2232223b636f6469676f5f7374617475737c733a313a2231223b6c6f6761646f7c623a313b),
('7a08d4d4421f885b2935e1d15a4d609e69c9dce0', '::1', 1451873555, 0x5f5f63695f6c6173745f726567656e65726174657c693a313435313837333235353b636f6469676f5f7573756172696f7c733a313a2235223b6c6f67696e7c733a333a226d6c70223b6e6f6d657c733a373a224dc3a17263696f223b736f6272656e6f6d657c733a363a22506173736f73223b636f6469676f5f70657266696c7c733a313a2232223b636f6469676f5f7374617475737c733a313a2231223b6c6f6761646f7c623a313b61646963696f6e61725f616f5f70726f6a65746f7c613a313a7b733a31343a22636f6469676f5f70726f6a65746f223b693a31343b7d5f5f63695f766172737c613a313a7b733a32303a2261646963696f6e61725f616f5f70726f6a65746f223b733a333a226e6577223b7d),
('7a0c4cdd0feedad5602d56e935fe5b2762fc1b82', '::1', 1451748504, 0x5f5f63695f6c6173745f726567656e65726174657c693a313435313734383233353b636f6469676f5f7573756172696f7c733a313a2235223b6c6f67696e7c733a333a226d6c70223b6e6f6d657c733a373a224dc3a17263696f223b736f6272656e6f6d657c733a363a22506173736f73223b636f6469676f5f70657266696c7c733a313a2232223b636f6469676f5f7374617475737c733a313a2231223b6c6f6761646f7c623a313b),
('7b6534a5867bc73fc0232bd279ea616bbfd81bd6', '::1', 1451752479, 0x5f5f63695f6c6173745f726567656e65726174657c693a313435313735323236363b636f6469676f5f7573756172696f7c733a313a2235223b6c6f67696e7c733a333a226d6c70223b6e6f6d657c733a373a224dc3a17263696f223b736f6272656e6f6d657c733a363a22506173736f73223b636f6469676f5f70657266696c7c733a313a2232223b636f6469676f5f7374617475737c733a313a2231223b6c6f6761646f7c623a313b),
('7c2843a7b01d6ce092619594a88de4b9f15fee74', '::1', 1451708480, 0x5f5f63695f6c6173745f726567656e65726174657c693a313435313730383431383b636f6469676f5f7573756172696f7c733a313a2235223b6c6f67696e7c733a333a226d6c70223b6e6f6d657c733a373a224dc3a17263696f223b736f6272656e6f6d657c733a363a22506173736f73223b636f6469676f5f70657266696c7c733a313a2232223b636f6469676f5f7374617475737c733a313a2231223b6c6f6761646f7c623a313b),
('7f37e71f5f04e229b6df278f0e8ecf415dfbc6b1', '::1', 1451788652, 0x5f5f63695f6c6173745f726567656e65726174657c693a313435313738383436303b636f6469676f5f7573756172696f7c733a313a2235223b6c6f67696e7c733a333a226d6c70223b6e6f6d657c733a373a224dc3a17263696f223b736f6272656e6f6d657c733a363a22506173736f73223b636f6469676f5f70657266696c7c733a313a2232223b636f6469676f5f7374617475737c733a313a2231223b6c6f6761646f7c623a313b),
('7fbdb9ba6bdeafb71c4afed6815095ade81d5d9a', '::1', 1451628771, 0x5f5f63695f6c6173745f726567656e65726174657c693a313435313730383434353b636f6469676f5f7573756172696f7c733a313a2235223b6c6f67696e7c733a333a226d6c70223b6e6f6d657c733a373a224dc3a17263696f223b736f6272656e6f6d657c733a363a22506173736f73223b636f6469676f5f70657266696c7c733a313a2232223b636f6469676f5f7374617475737c733a313a2231223b6c6f6761646f7c623a313b),
('800e755348d1be638cecd0ca43967d640e90efaf', '::1', 1451706075, 0x5f5f63695f6c6173745f726567656e65726174657c693a313435313730353930363b636f6469676f5f7573756172696f7c733a313a2235223b6c6f67696e7c733a333a226d6c70223b6e6f6d657c733a373a224dc3a17263696f223b736f6272656e6f6d657c733a363a22506173736f73223b636f6469676f5f70657266696c7c733a313a2232223b636f6469676f5f7374617475737c733a313a2231223b6c6f6761646f7c623a313b),
('815d95dd6f0016150d3f14bcb726f5513ff0196e', '::1', 1451798791, 0x5f5f63695f6c6173745f726567656e65726174657c693a313435313739383738333b636f6469676f5f7573756172696f7c733a313a2235223b6c6f67696e7c733a333a226d6c70223b6e6f6d657c733a373a224dc3a17263696f223b736f6272656e6f6d657c733a363a22506173736f73223b636f6469676f5f70657266696c7c733a313a2232223b636f6469676f5f7374617475737c733a313a2231223b6c6f6761646f7c623a313b),
('86f5d4d91a0a82f543415910da290d326e36e574', '::1', 1451779221, 0x5f5f63695f6c6173745f726567656e65726174657c693a313435313737373037323b636f6469676f5f7573756172696f7c733a313a2235223b6c6f67696e7c733a333a226d6c70223b6e6f6d657c733a373a224dc3a17263696f223b736f6272656e6f6d657c733a363a22506173736f73223b636f6469676f5f70657266696c7c733a313a2232223b636f6469676f5f7374617475737c733a313a2231223b6c6f6761646f7c623a313b),
('879b161631346858be8cdab02ba904029bf0486d', '::1', 1451781410, 0x5f5f63695f6c6173745f726567656e65726174657c693a313435313738313431303b636f6469676f5f7573756172696f7c733a313a2235223b6c6f67696e7c733a333a226d6c70223b6e6f6d657c733a373a224dc3a17263696f223b736f6272656e6f6d657c733a363a22506173736f73223b636f6469676f5f70657266696c7c733a313a2232223b636f6469676f5f7374617475737c733a313a2231223b6c6f6761646f7c623a313b),
('8b138059f7f414f549ac638005770c41ede03d2c', '::1', 1451874524, 0x5f5f63695f6c6173745f726567656e65726174657c693a313435313837343233363b636f6469676f5f7573756172696f7c733a313a2235223b6c6f67696e7c733a333a226d6c70223b6e6f6d657c733a373a224dc3a17263696f223b736f6272656e6f6d657c733a363a22506173736f73223b636f6469676f5f70657266696c7c733a313a2232223b636f6469676f5f7374617475737c733a313a2231223b6c6f6761646f7c623a313b),
('8bc7d270784f64ceceaaf7db741d9199de8938c7', '::1', 1451794558, 0x5f5f63695f6c6173745f726567656e65726174657c693a313435313739343434323b636f6469676f5f7573756172696f7c733a313a2235223b6c6f67696e7c733a333a226d6c70223b6e6f6d657c733a373a224dc3a17263696f223b736f6272656e6f6d657c733a363a22506173736f73223b636f6469676f5f70657266696c7c733a313a2232223b636f6469676f5f7374617475737c733a313a2231223b6c6f6761646f7c623a313b),
('8efdfa45095eba3ec78d7ee03bfb745b4149bc8e', '::1', 1451795546, 0x5f5f63695f6c6173745f726567656e65726174657c693a313435313739353234343b636f6469676f5f7573756172696f7c733a313a2235223b6c6f67696e7c733a333a226d6c70223b6e6f6d657c733a373a224dc3a17263696f223b736f6272656e6f6d657c733a363a22506173736f73223b636f6469676f5f70657266696c7c733a313a2232223b636f6469676f5f7374617475737c733a313a2231223b6c6f6761646f7c623a313b),
('911b4925ad7a454aaf5767ce348ba56ff048bd04', '::1', 1451793792, 0x5f5f63695f6c6173745f726567656e65726174657c693a313435313739333739323b636f6469676f5f7573756172696f7c733a313a2235223b6c6f67696e7c733a333a226d6c70223b6e6f6d657c733a373a224dc3a17263696f223b736f6272656e6f6d657c733a363a22506173736f73223b636f6469676f5f70657266696c7c733a313a2232223b636f6469676f5f7374617475737c733a313a2231223b6c6f6761646f7c623a313b),
('9133ec50337f96add70a41d1658d8709a7e3757a', '::1', 1451781402, 0x5f5f63695f6c6173745f726567656e65726174657c693a313435313738313430323b636f6469676f5f7573756172696f7c733a313a2235223b6c6f67696e7c733a333a226d6c70223b6e6f6d657c733a373a224dc3a17263696f223b736f6272656e6f6d657c733a363a22506173736f73223b636f6469676f5f70657266696c7c733a313a2232223b636f6469676f5f7374617475737c733a313a2231223b6c6f6761646f7c623a313b),
('92e550485f8551225e196a57564748d86a557b8d', '::1', 1451779497, 0x5f5f63695f6c6173745f726567656e65726174657c693a313435313737393433393b636f6469676f5f7573756172696f7c733a313a2235223b6c6f67696e7c733a333a226d6c70223b6e6f6d657c733a373a224dc3a17263696f223b736f6272656e6f6d657c733a363a22506173736f73223b636f6469676f5f70657266696c7c733a313a2232223b636f6469676f5f7374617475737c733a313a2231223b6c6f6761646f7c623a313b),
('9cc7b75a7fbc99581fcaf49f9759de40ebedb66b', '::1', 1451875111, 0x5f5f63695f6c6173745f726567656e65726174657c693a313435313837343835323b636f6469676f5f7573756172696f7c733a313a2235223b6c6f67696e7c733a333a226d6c70223b6e6f6d657c733a373a224dc3a17263696f223b736f6272656e6f6d657c733a363a22506173736f73223b636f6469676f5f70657266696c7c733a313a2232223b636f6469676f5f7374617475737c733a313a2231223b6c6f6761646f7c623a313b61646963696f6e61725f616f5f70726f6a65746f7c613a313a7b733a31343a22636f6469676f5f70726f6a65746f223b733a323a223135223b7d5f5f63695f766172737c613a313a7b733a32303a2261646963696f6e61725f616f5f70726f6a65746f223b733a333a226e6577223b7d),
('9fc3d6c1653e0194c5608d6de4a119eaaca8394e', '::1', 1451795906, 0x5f5f63695f6c6173745f726567656e65726174657c693a313435313739353731373b636f6469676f5f7573756172696f7c733a313a2235223b6c6f67696e7c733a333a226d6c70223b6e6f6d657c733a373a224dc3a17263696f223b736f6272656e6f6d657c733a363a22506173736f73223b636f6469676f5f70657266696c7c733a313a2232223b636f6469676f5f7374617475737c733a313a2231223b6c6f6761646f7c623a313b61646963696f6e61725f616f5f70726f6a65746f7c613a313a7b733a31343a22636f6469676f5f70726f6a65746f223b693a31333b7d5f5f63695f766172737c613a313a7b733a32303a2261646963696f6e61725f616f5f70726f6a65746f223b733a333a226e6577223b7d),
('a2fac100eda8a77a16f6b489a6a7078c22e98e82', '::1', 1451875321, 0x5f5f63695f6c6173745f726567656e65726174657c693a313435313837353331373b636f6469676f5f7573756172696f7c733a313a2235223b6c6f67696e7c733a333a226d6c70223b6e6f6d657c733a373a224dc3a17263696f223b736f6272656e6f6d657c733a363a22506173736f73223b636f6469676f5f70657266696c7c733a313a2232223b636f6469676f5f7374617475737c733a313a2231223b6c6f6761646f7c623a313b61646963696f6e61725f616f5f70726f6a65746f7c613a313a7b733a31343a22636f6469676f5f70726f6a65746f223b733a323a223135223b7d5f5f63695f766172737c613a313a7b733a32303a2261646963696f6e61725f616f5f70726f6a65746f223b733a333a226f6c64223b7d),
('a466ce50e4ed4453b4b1a729e93ad5e2f11455b3', '::1', 1451532461, 0x5f5f63695f6c6173745f726567656e65726174657c693a313435313533323332333b636f6469676f5f7573756172696f7c733a313a2235223b6c6f67696e7c733a333a226d6c70223b6e6f6d657c733a373a224dc3a17263696f223b736f6272656e6f6d657c733a363a22506173736f73223b636f6469676f5f70657266696c7c733a313a2232223b636f6469676f5f7374617475737c733a313a2231223b6c6f6761646f7c623a313b),
('a726ed6b16378347badef88efd3ef28f375dedf2', '::1', 1451704534, 0x5f5f63695f6c6173745f726567656e65726174657c693a313435313730333730363b636f6469676f5f7573756172696f7c733a313a2235223b6c6f67696e7c733a333a226d6c70223b6e6f6d657c733a373a224dc3a17263696f223b736f6272656e6f6d657c733a363a22506173736f73223b636f6469676f5f70657266696c7c733a313a2232223b636f6469676f5f7374617475737c733a313a2231223b6c6f6761646f7c623a313b),
('a79565b5ff4c553bdb2c729ea656f9a5a92cd28f', '::1', 1451794106, 0x5f5f63695f6c6173745f726567656e65726174657c693a313435313739343130363b636f6469676f5f7573756172696f7c733a313a2235223b6c6f67696e7c733a333a226d6c70223b6e6f6d657c733a373a224dc3a17263696f223b736f6272656e6f6d657c733a363a22506173736f73223b636f6469676f5f70657266696c7c733a313a2232223b636f6469676f5f7374617475737c733a313a2231223b6c6f6761646f7c623a313b),
('a813ce8d71dce9184159b08aa53f029fd55680c8', '::1', 1451748562, 0x5f5f63695f6c6173745f726567656e65726174657c693a313435313734383535393b636f6469676f5f7573756172696f7c733a313a2235223b6c6f67696e7c733a333a226d6c70223b6e6f6d657c733a373a224dc3a17263696f223b736f6272656e6f6d657c733a363a22506173736f73223b636f6469676f5f70657266696c7c733a313a2232223b636f6469676f5f7374617475737c733a313a2231223b6c6f6761646f7c623a313b),
('a90f0f13d41aaa5e7c2af9d5d67789eb75864045', '::1', 1451749555, 0x5f5f63695f6c6173745f726567656e65726174657c693a313435313734393334333b636f6469676f5f7573756172696f7c733a313a2235223b6c6f67696e7c733a333a226d6c70223b6e6f6d657c733a373a224dc3a17263696f223b736f6272656e6f6d657c733a363a22506173736f73223b636f6469676f5f70657266696c7c733a313a2232223b636f6469676f5f7374617475737c733a313a2231223b6c6f6761646f7c623a313b),
('a961c72e642a8fd4a7f1d43a231bee244c148c45', '::1', 1451785156, 0x5f5f63695f6c6173745f726567656e65726174657c693a313435313738343934343b636f6469676f5f7573756172696f7c733a313a2235223b6c6f67696e7c733a333a226d6c70223b6e6f6d657c733a373a224dc3a17263696f223b736f6272656e6f6d657c733a363a22506173736f73223b636f6469676f5f70657266696c7c733a313a2232223b636f6469676f5f7374617475737c733a313a2231223b6c6f6761646f7c623a313b),
('a9f768997e75bf05b7898915d5de0fab63439582', '::1', 1451876308, 0x5f5f63695f6c6173745f726567656e65726174657c693a313435313837363236363b636f6469676f5f7573756172696f7c733a313a2235223b6c6f67696e7c733a333a226d6c70223b6e6f6d657c733a373a224dc3a17263696f223b736f6272656e6f6d657c733a363a22506173736f73223b636f6469676f5f70657266696c7c733a313a2232223b636f6469676f5f7374617475737c733a313a2231223b6c6f6761646f7c623a313b),
('a9fd7f1a341aae5dc066205bda3169b08036c852', '::1', 1451792129, 0x5f5f63695f6c6173745f726567656e65726174657c693a313435313739313836303b636f6469676f5f7573756172696f7c733a313a2235223b6c6f67696e7c733a333a226d6c70223b6e6f6d657c733a373a224dc3a17263696f223b736f6272656e6f6d657c733a363a22506173736f73223b636f6469676f5f70657266696c7c733a313a2232223b636f6469676f5f7374617475737c733a313a2231223b6c6f6761646f7c623a313b),
('ac31f7c1ea4ffd2ee9700dbdbac28e9980f42a51', '::1', 1451683463, 0x5f5f63695f6c6173745f726567656e65726174657c693a313435313638333433313b636f6469676f5f7573756172696f7c733a313a2235223b6c6f67696e7c733a333a226d6c70223b6e6f6d657c733a373a224dc3a17263696f223b736f6272656e6f6d657c733a363a22506173736f73223b636f6469676f5f70657266696c7c733a313a2232223b636f6469676f5f7374617475737c733a313a2231223b6c6f6761646f7c623a313b),
('ad2affb216827b96fdf9c2ae4b23778d75931cf9', '::1', 1451713845, 0x5f5f63695f6c6173745f726567656e65726174657c693a313435313731333438383b636f6469676f5f7573756172696f7c733a313a2235223b6c6f67696e7c733a333a226d6c70223b6e6f6d657c733a373a224dc3a17263696f223b736f6272656e6f6d657c733a363a22506173736f73223b636f6469676f5f70657266696c7c733a313a2232223b636f6469676f5f7374617475737c733a313a2231223b6c6f6761646f7c623a313b),
('ade8d4bd232fb9fcd0078c2fa3703c38028382af', '::1', 1451770687, 0x5f5f63695f6c6173745f726567656e65726174657c693a313435313737303336363b636f6469676f5f7573756172696f7c733a313a2235223b6c6f67696e7c733a333a226d6c70223b6e6f6d657c733a373a224dc3a17263696f223b736f6272656e6f6d657c733a363a22506173736f73223b636f6469676f5f70657266696c7c733a313a2232223b636f6469676f5f7374617475737c733a313a2231223b6c6f6761646f7c623a313b),
('af0a9d284f5f98c0401f0c2aaad769690fe2d898', '::1', 1451709094, 0x5f5f63695f6c6173745f726567656e65726174657c693a313435313730383739383b636f6469676f5f7573756172696f7c733a313a2235223b6c6f67696e7c733a333a226d6c70223b6e6f6d657c733a373a224dc3a17263696f223b736f6272656e6f6d657c733a363a22506173736f73223b636f6469676f5f70657266696c7c733a313a2232223b636f6469676f5f7374617475737c733a313a2231223b6c6f6761646f7c623a313b),
('b455e6fc52e2f9583089527594d500e662375379', '::1', 1451704802, 0x5f5f63695f6c6173745f726567656e65726174657c693a313435313730343735363b636f6469676f5f7573756172696f7c733a313a2235223b6c6f67696e7c733a333a226d6c70223b6e6f6d657c733a373a224dc3a17263696f223b736f6272656e6f6d657c733a363a22506173736f73223b636f6469676f5f70657266696c7c733a313a2232223b636f6469676f5f7374617475737c733a313a2231223b6c6f6761646f7c623a313b),
('b5bdcedf0128bfabe5b195a13f854d0bc9d74c15', '::1', 1451776487, 0x5f5f63695f6c6173745f726567656e65726174657c693a313435313737363433353b636f6469676f5f7573756172696f7c733a313a2235223b6c6f67696e7c733a333a226d6c70223b6e6f6d657c733a373a224dc3a17263696f223b736f6272656e6f6d657c733a363a22506173736f73223b636f6469676f5f70657266696c7c733a313a2232223b636f6469676f5f7374617475737c733a313a2231223b6c6f6761646f7c623a313b),
('b96f2c5a2d3c4a767ef71d046e28628c395753bb', '::1', 1451775145, 0x5f5f63695f6c6173745f726567656e65726174657c693a313435313737343536373b636f6469676f5f7573756172696f7c733a313a2235223b6c6f67696e7c733a333a226d6c70223b6e6f6d657c733a373a224dc3a17263696f223b736f6272656e6f6d657c733a363a22506173736f73223b636f6469676f5f70657266696c7c733a313a2232223b636f6469676f5f7374617475737c733a313a2231223b6c6f6761646f7c623a313b),
('bc6c4c8343bbae28be3d3bcc5ec7a3d6f65cd79d', '::1', 1451773861, 0x5f5f63695f6c6173745f726567656e65726174657c693a313435313737313835343b636f6469676f5f7573756172696f7c733a313a2235223b6c6f67696e7c733a333a226d6c70223b6e6f6d657c733a373a224dc3a17263696f223b736f6272656e6f6d657c733a363a22506173736f73223b636f6469676f5f70657266696c7c733a313a2232223b636f6469676f5f7374617475737c733a313a2231223b6c6f6761646f7c623a313b),
('bdfeb6a7adaa9282d1d1d93b099c592768b0888e', '::1', 1451532281, 0x5f5f63695f6c6173745f726567656e65726174657c693a313435313533323031343b636f6469676f5f7573756172696f7c733a313a2235223b6c6f67696e7c733a333a226d6c70223b6e6f6d657c733a373a224dc3a17263696f223b736f6272656e6f6d657c733a363a22506173736f73223b636f6469676f5f70657266696c7c733a313a2232223b636f6469676f5f7374617475737c733a313a2231223b6c6f6761646f7c623a313b),
('c0f91576581e622dc316323819ed50b240100d1d', '::1', 1451532924, 0x5f5f63695f6c6173745f726567656e65726174657c693a313435313533323639323b636f6469676f5f7573756172696f7c733a313a2235223b6c6f67696e7c733a333a226d6c70223b6e6f6d657c733a373a224dc3a17263696f223b736f6272656e6f6d657c733a363a22506173736f73223b636f6469676f5f70657266696c7c733a313a2232223b636f6469676f5f7374617475737c733a313a2231223b6c6f6761646f7c623a313b),
('c24dbe1bf52c9e90614a16b3403d5bcbcef796de', '::1', 1451708348, 0x5f5f63695f6c6173745f726567656e65726174657c693a313435313730383131373b636f6469676f5f7573756172696f7c733a313a2235223b6c6f67696e7c733a333a226d6c70223b6e6f6d657c733a373a224dc3a17263696f223b736f6272656e6f6d657c733a363a22506173736f73223b636f6469676f5f70657266696c7c733a313a2232223b636f6469676f5f7374617475737c733a313a2231223b6c6f6761646f7c623a313b),
('c4f056e0dac9c0f248230ccbac9e46d90eebb0b4', '::1', 1451752601, 0x5f5f63695f6c6173745f726567656e65726174657c693a313435313735323539363b636f6469676f5f7573756172696f7c733a313a2235223b6c6f67696e7c733a333a226d6c70223b6e6f6d657c733a373a224dc3a17263696f223b736f6272656e6f6d657c733a363a22506173736f73223b636f6469676f5f70657266696c7c733a313a2232223b636f6469676f5f7374617475737c733a313a2231223b6c6f6761646f7c623a313b),
('c64bb75c3148e1c774a01f43b71c13fd2539917c', '::1', 1451534537, 0x5f5f63695f6c6173745f726567656e65726174657c693a313435313533343234393b636f6469676f5f7573756172696f7c733a313a2235223b6c6f67696e7c733a333a226d6c70223b6e6f6d657c733a373a224dc3a17263696f223b736f6272656e6f6d657c733a363a22506173736f73223b636f6469676f5f70657266696c7c733a313a2232223b636f6469676f5f7374617475737c733a313a2231223b6c6f6761646f7c623a313b),
('c8e3ec26084af551029be5ec864d16617446ed78', '::1', 1451782080, 0x5f5f63695f6c6173745f726567656e65726174657c693a313435313738313834363b636f6469676f5f7573756172696f7c733a313a2235223b6c6f67696e7c733a333a226d6c70223b6e6f6d657c733a373a224dc3a17263696f223b736f6272656e6f6d657c733a363a22506173736f73223b636f6469676f5f70657266696c7c733a313a2232223b636f6469676f5f7374617475737c733a313a2231223b6c6f6761646f7c623a313b),
('cdba1f38685a9c37a8ad0d0b347ec398b60e09af', '::1', 1451788064, 0x5f5f63695f6c6173745f726567656e65726174657c693a313435313738373730343b636f6469676f5f7573756172696f7c733a313a2235223b6c6f67696e7c733a333a226d6c70223b6e6f6d657c733a373a224dc3a17263696f223b736f6272656e6f6d657c733a363a22506173736f73223b636f6469676f5f70657266696c7c733a313a2232223b636f6469676f5f7374617475737c733a313a2231223b6c6f6761646f7c623a313b),
('d02670fe33de2d0fe802f11a3cfeee1e3c3a0ad4', '::1', 1451702120, 0x5f5f63695f6c6173745f726567656e65726174657c693a313435313730313134363b636f6469676f5f7573756172696f7c733a313a2235223b6c6f67696e7c733a333a226d6c70223b6e6f6d657c733a373a224dc3a17263696f223b736f6272656e6f6d657c733a363a22506173736f73223b636f6469676f5f70657266696c7c733a313a2232223b636f6469676f5f7374617475737c733a313a2231223b6c6f6761646f7c623a313b),
('d0eed1857c2163e13b2e928e0c38c5f4cdce48a9', '::1', 1451787656, 0x5f5f63695f6c6173745f726567656e65726174657c693a313435313738373339363b636f6469676f5f7573756172696f7c733a313a2235223b6c6f67696e7c733a333a226d6c70223b6e6f6d657c733a373a224dc3a17263696f223b736f6272656e6f6d657c733a363a22506173736f73223b636f6469676f5f70657266696c7c733a313a2232223b636f6469676f5f7374617475737c733a313a2231223b6c6f6761646f7c623a313b),
('d0fb6b5a5f451955d1a4dc0a3ab21f2364668e47', '::1', 1451751641, 0x5f5f63695f6c6173745f726567656e65726174657c693a313435313735313334383b636f6469676f5f7573756172696f7c733a313a2235223b6c6f67696e7c733a333a226d6c70223b6e6f6d657c733a373a224dc3a17263696f223b736f6272656e6f6d657c733a363a22506173736f73223b636f6469676f5f70657266696c7c733a313a2232223b636f6469676f5f7374617475737c733a313a2231223b6c6f6761646f7c623a313b),
('d5d3ef23750acf000b84c550436f7f7bc5393df0', '::1', 1451786549, 0x5f5f63695f6c6173745f726567656e65726174657c693a313435313738363339363b636f6469676f5f7573756172696f7c733a313a2235223b6c6f67696e7c733a333a226d6c70223b6e6f6d657c733a373a224dc3a17263696f223b736f6272656e6f6d657c733a363a22506173736f73223b636f6469676f5f70657266696c7c733a313a2232223b636f6469676f5f7374617475737c733a313a2231223b6c6f6761646f7c623a313b),
('d79223598657603fb33579df71d6efdb0a5a7dcc', '::1', 1451875914, 0x5f5f63695f6c6173745f726567656e65726174657c693a313435313837353633353b636f6469676f5f7573756172696f7c733a313a2235223b6c6f67696e7c733a333a226d6c70223b6e6f6d657c733a373a224dc3a17263696f223b736f6272656e6f6d657c733a363a22506173736f73223b636f6469676f5f70657266696c7c733a313a2232223b636f6469676f5f7374617475737c733a313a2231223b6c6f6761646f7c623a313b),
('d8674abeeab1e8747c321970251d12cc27f4af6a', '::1', 1451684885, 0x5f5f63695f6c6173745f726567656e65726174657c693a313435313638343436363b636f6469676f5f7573756172696f7c733a313a2235223b6c6f67696e7c733a333a226d6c70223b6e6f6d657c733a373a224dc3a17263696f223b736f6272656e6f6d657c733a363a22506173736f73223b636f6469676f5f70657266696c7c733a313a2232223b636f6469676f5f7374617475737c733a313a2231223b6c6f6761646f7c623a313b),
('d8714fe447f5e1fbba7cb61a6b40144dc1462622', '::1', 1451703243, 0x5f5f63695f6c6173745f726567656e65726174657c693a313435313730333234333b636f6469676f5f7573756172696f7c733a313a2235223b6c6f67696e7c733a333a226d6c70223b6e6f6d657c733a373a224dc3a17263696f223b736f6272656e6f6d657c733a363a22506173736f73223b636f6469676f5f70657266696c7c733a313a2232223b636f6469676f5f7374617475737c733a313a2231223b6c6f6761646f7c623a313b),
('da63f10cd43e71fbea5facf5d1041ef714ce0e52', '::1', 1451661613, 0x5f5f63695f6c6173745f726567656e65726174657c693a313435313636313539373b636f6469676f5f7573756172696f7c733a313a2235223b6c6f67696e7c733a333a226d6c70223b6e6f6d657c733a373a224dc3a17263696f223b736f6272656e6f6d657c733a363a22506173736f73223b636f6469676f5f70657266696c7c733a313a2232223b636f6469676f5f7374617475737c733a313a2231223b6c6f6761646f7c623a313b),
('dc7988c9ba58bb91c5c88e2234adc28e2976c304', '::1', 1451793312, 0x5f5f63695f6c6173745f726567656e65726174657c693a313435313739323936333b636f6469676f5f7573756172696f7c733a313a2235223b6c6f67696e7c733a333a226d6c70223b6e6f6d657c733a373a224dc3a17263696f223b736f6272656e6f6d657c733a363a22506173736f73223b636f6469676f5f70657266696c7c733a313a2232223b636f6469676f5f7374617475737c733a313a2231223b6c6f6761646f7c623a313b),
('dca1140fe870b208812fe1075919e3cef225b1d8', '::1', 1451752213, 0x5f5f63695f6c6173745f726567656e65726174657c693a313435313735313639353b636f6469676f5f7573756172696f7c733a313a2235223b6c6f67696e7c733a333a226d6c70223b6e6f6d657c733a373a224dc3a17263696f223b736f6272656e6f6d657c733a363a22506173736f73223b636f6469676f5f70657266696c7c733a313a2232223b636f6469676f5f7374617475737c733a313a2231223b6c6f6761646f7c623a313b),
('df7b82e804022fbd82140501d3f67ef805860675', '::1', 1451533761, 0x5f5f63695f6c6173745f726567656e65726174657c693a313435313533333439393b636f6469676f5f7573756172696f7c733a313a2235223b6c6f67696e7c733a333a226d6c70223b6e6f6d657c733a373a224dc3a17263696f223b736f6272656e6f6d657c733a363a22506173736f73223b636f6469676f5f70657266696c7c733a313a2232223b636f6469676f5f7374617475737c733a313a2231223b6c6f6761646f7c623a313b),
('e13ce94dcc9351a63741e47ff054219fa0ac8995', '::1', 1451796850, 0x5f5f63695f6c6173745f726567656e65726174657c693a313435313739363630313b636f6469676f5f7573756172696f7c733a323a223131223b6c6f67696e7c733a383a226361726f6c696e61223b6e6f6d657c733a383a224361726f6c696e61223b736f6272656e6f6d657c733a31363a2256656e747572696e6920506173736f73223b636f6469676f5f70657266696c7c733a313a2232223b636f6469676f5f7374617475737c733a313a2231223b6c6f6761646f7c623a313b),
('e13f5939e0543062397bf97f139181c4c50e2d3b', '::1', 1451876249, 0x5f5f63695f6c6173745f726567656e65726174657c693a313435313837353936303b636f6469676f5f7573756172696f7c733a313a2235223b6c6f67696e7c733a333a226d6c70223b6e6f6d657c733a373a224dc3a17263696f223b736f6272656e6f6d657c733a363a22506173736f73223b636f6469676f5f70657266696c7c733a313a2232223b636f6469676f5f7374617475737c733a313a2231223b6c6f6761646f7c623a313b61646963696f6e61725f616f5f70726f6a65746f7c613a313a7b733a31343a22636f6469676f5f70726f6a65746f223b733a313a2232223b7d5f5f63695f766172737c613a313a7b733a32303a2261646963696f6e61725f616f5f70726f6a65746f223b733a333a226e6577223b7d),
('e2d47e9ab4f2ec9f6f746009e0a45508ea9ec152', '::1', 1451872551, 0x5f5f63695f6c6173745f726567656e65726174657c693a313435313837323531343b636f6469676f5f7573756172696f7c733a313a2235223b6c6f67696e7c733a333a226d6c70223b6e6f6d657c733a373a224dc3a17263696f223b736f6272656e6f6d657c733a363a22506173736f73223b636f6469676f5f70657266696c7c733a313a2232223b636f6469676f5f7374617475737c733a313a2231223b6c6f6761646f7c623a313b61646963696f6e61725f616f5f70726f6a65746f7c613a313a7b733a31343a22636f6469676f5f70726f6a65746f223b693a31343b7d5f5f63695f766172737c613a313a7b733a32303a2261646963696f6e61725f616f5f70726f6a65746f223b733a333a226e6577223b7d),
('e4be2e2e506ac8289fcc8092a7ace6405762482e', '::1', 1451786002, 0x5f5f63695f6c6173745f726567656e65726174657c693a313435313738353938303b636f6469676f5f7573756172696f7c733a313a2235223b6c6f67696e7c733a333a226d6c70223b6e6f6d657c733a373a224dc3a17263696f223b736f6272656e6f6d657c733a363a22506173736f73223b636f6469676f5f70657266696c7c733a313a2232223b636f6469676f5f7374617475737c733a313a2231223b6c6f6761646f7c623a313b),
('e5e71b4f4e7e56ba4b50bd845cad6e77ff114b4b', '::1', 1451797390, 0x5f5f63695f6c6173745f726567656e65726174657c693a313435313739373037323b636f6469676f5f7573756172696f7c733a313a2235223b6c6f67696e7c733a333a226d6c70223b6e6f6d657c733a373a224dc3a17263696f223b736f6272656e6f6d657c733a363a22506173736f73223b636f6469676f5f70657266696c7c733a313a2232223b636f6469676f5f7374617475737c733a313a2231223b6c6f6761646f7c623a313b),
('e8883e740cd3a9343273e70a975d784024a1b128', '::1', 1451787139, 0x5f5f63695f6c6173745f726567656e65726174657c693a313435313738363839353b636f6469676f5f7573756172696f7c733a313a2235223b6c6f67696e7c733a333a226d6c70223b6e6f6d657c733a373a224dc3a17263696f223b736f6272656e6f6d657c733a363a22506173736f73223b636f6469676f5f70657266696c7c733a313a2232223b636f6469676f5f7374617475737c733a313a2231223b6c6f6761646f7c623a313b),
('ea989b300d684fffa3c6c220eb343da77eaef845', '::1', 1451873975, 0x5f5f63695f6c6173745f726567656e65726174657c693a313435313837333737373b636f6469676f5f7573756172696f7c733a313a2235223b6c6f67696e7c733a333a226d6c70223b6e6f6d657c733a373a224dc3a17263696f223b736f6272656e6f6d657c733a363a22506173736f73223b636f6469676f5f70657266696c7c733a313a2232223b636f6469676f5f7374617475737c733a313a2231223b6c6f6761646f7c623a313b61646963696f6e61725f616f5f70726f6a65746f7c613a313a7b733a31343a22636f6469676f5f70726f6a65746f223b693a31343b7d5f5f63695f766172737c613a313a7b733a32303a2261646963696f6e61725f616f5f70726f6a65746f223b733a333a226e6577223b7d),
('f2127644b285eb92672e492c519309bbc4516d70', '::1', 1451708074, 0x5f5f63695f6c6173745f726567656e65726174657c693a313435313730373731363b636f6469676f5f7573756172696f7c733a313a2235223b6c6f67696e7c733a333a226d6c70223b6e6f6d657c733a373a224dc3a17263696f223b736f6272656e6f6d657c733a363a22506173736f73223b636f6469676f5f70657266696c7c733a313a2232223b636f6469676f5f7374617475737c733a313a2231223b6c6f6761646f7c623a313b),
('f4f21b35d964122b7679f1753d06f6cdeb3544e8', '::1', 1451873132, 0x5f5f63695f6c6173745f726567656e65726174657c693a313435313837323833373b636f6469676f5f7573756172696f7c733a313a2235223b6c6f67696e7c733a333a226d6c70223b6e6f6d657c733a373a224dc3a17263696f223b736f6272656e6f6d657c733a363a22506173736f73223b636f6469676f5f70657266696c7c733a313a2232223b636f6469676f5f7374617475737c733a313a2231223b6c6f6761646f7c623a313b61646963696f6e61725f616f5f70726f6a65746f7c613a313a7b733a31343a22636f6469676f5f70726f6a65746f223b693a31343b7d5f5f63695f766172737c613a313a7b733a32303a2261646963696f6e61725f616f5f70726f6a65746f223b733a333a226e6577223b7d),
('fcd5765f163331554e28b87928c7a3b4d22c2b13', '::1', 1451710519, 0x5f5f63695f6c6173745f726567656e65726174657c693a313435313731303232393b636f6469676f5f7573756172696f7c733a313a2235223b6c6f67696e7c733a333a226d6c70223b6e6f6d657c733a373a224dc3a17263696f223b736f6272656e6f6d657c733a363a22506173736f73223b636f6469676f5f70657266696c7c733a313a2232223b636f6469676f5f7374617475737c733a313a2231223b6c6f6761646f7c623a313b),
('ff033c925e5ed25eef6a3f002774f740af9d9c8c', '::1', 1451780684, 0x5f5f63695f6c6173745f726567656e65726174657c693a313435313738303432333b636f6469676f5f7573756172696f7c733a313a2235223b6c6f67696e7c733a333a226d6c70223b6e6f6d657c733a373a224dc3a17263696f223b736f6272656e6f6d657c733a363a22506173736f73223b636f6469676f5f70657266696c7c733a313a2232223b636f6469676f5f7374617475737c733a313a2231223b6c6f6761646f7c623a313b);

-- --------------------------------------------------------

--
-- Estrutura da tabela `papel`
--

CREATE TABLE IF NOT EXISTS `papel` (
  `codigo` int(11) NOT NULL AUTO_INCREMENT,
  `nome` varchar(30) NOT NULL,
  PRIMARY KEY (`codigo`)
) ENGINE=InnoDB  DEFAULT CHARSET=latin1 AUTO_INCREMENT=4 ;

--
-- Extraindo dados da tabela `papel`
--

INSERT INTO `papel` (`codigo`, `nome`) VALUES
(1, 'Líder'),
(2, 'Participante'),
(3, 'Coordenador');

-- --------------------------------------------------------

--
-- Estrutura da tabela `perfil`
--

CREATE TABLE IF NOT EXISTS `perfil` (
  `codigo` int(11) NOT NULL AUTO_INCREMENT,
  `nome` varchar(30) NOT NULL,
  PRIMARY KEY (`codigo`)
) ENGINE=InnoDB  DEFAULT CHARSET=latin1 AUTO_INCREMENT=3 ;

--
-- Extraindo dados da tabela `perfil`
--

INSERT INTO `perfil` (`codigo`, `nome`) VALUES
(1, 'User'),
(2, 'Admin');

-- --------------------------------------------------------

--
-- Estrutura da tabela `projeto`
--

CREATE TABLE IF NOT EXISTS `projeto` (
  `codigo` int(11) NOT NULL AUTO_INCREMENT,
  `titulo` varchar(100) NOT NULL,
  `descricao` varchar(300) NOT NULL,
  `prioridade` int(11) NOT NULL,
  `data_inicio` date NOT NULL,
  `data_prazo` date NOT NULL,
  `data_fim` date DEFAULT NULL,
  `criado_por` int(11) NOT NULL,
  `codigo_status` int(11) NOT NULL,
  PRIMARY KEY (`codigo`)
) ENGINE=InnoDB  DEFAULT CHARSET=latin1 AUTO_INCREMENT=3 ;

--
-- Extraindo dados da tabela `projeto`
--

INSERT INTO `projeto` (`codigo`, `titulo`, `descricao`, `prioridade`, `data_inicio`, `data_prazo`, `data_fim`, `criado_por`, `codigo_status`) VALUES
(1, 'Projeto Teste 01', 'MLP Líder.\r\n3 tarefas. 1 MLP, 2 IGOR, 3 JOAO.', 3, '2016-01-01', '2016-02-01', NULL, 5, 1),
(2, 'Projeto Teste 02', 'MLP participa. Líder Igor.\r\n4 tarefas. 1 MLP, 2 IGOR, 3 JOAO, 4 Neto', 2, '2016-01-02', '2016-01-14', NULL, 5, 1);

-- --------------------------------------------------------

--
-- Estrutura da tabela `projeto_tarefa`
--

CREATE TABLE IF NOT EXISTS `projeto_tarefa` (
  `codigo` int(11) NOT NULL AUTO_INCREMENT,
  `codigo_projeto` int(11) NOT NULL,
  `codigo_tarefa` int(11) NOT NULL,
  PRIMARY KEY (`codigo`)
) ENGINE=InnoDB DEFAULT CHARSET=latin1 AUTO_INCREMENT=1 ;

-- --------------------------------------------------------

--
-- Estrutura da tabela `status`
--

CREATE TABLE IF NOT EXISTS `status` (
  `codigo` int(11) NOT NULL,
  `nome` varchar(30) NOT NULL,
  PRIMARY KEY (`codigo`)
) ENGINE=InnoDB DEFAULT CHARSET=latin1;

--
-- Extraindo dados da tabela `status`
--

INSERT INTO `status` (`codigo`, `nome`) VALUES
(0, 'Desativado'),
(1, 'Ativado');

-- --------------------------------------------------------

--
-- Estrutura da tabela `tarefa`
--

CREATE TABLE IF NOT EXISTS `tarefa` (
  `codigo` int(11) NOT NULL AUTO_INCREMENT,
  `titulo` varchar(100) NOT NULL,
  `descricao` varchar(300) NOT NULL,
  `prioridade` int(1) NOT NULL,
  `data_inicio` date NOT NULL,
  `data_prazo` date NOT NULL,
  `data_fim` date DEFAULT NULL,
  `criado_por` int(11) NOT NULL,
  `codigo_projeto` int(11) NOT NULL,
  `codigo_usuario` int(11) NOT NULL,
  `codigo_status` int(11) NOT NULL,
  PRIMARY KEY (`codigo`)
) ENGINE=InnoDB  DEFAULT CHARSET=latin1 AUTO_INCREMENT=8 ;

--
-- Extraindo dados da tabela `tarefa`
--

INSERT INTO `tarefa` (`codigo`, `titulo`, `descricao`, `prioridade`, `data_inicio`, `data_prazo`, `data_fim`, `criado_por`, `codigo_projeto`, `codigo_usuario`, `codigo_status`) VALUES
(1, 'Tarefa 01', '1 MLP', 3, '2016-01-10', '2016-01-16', '2016-01-12', 5, 1, 5, 1),
(2, 'Tarefa 02', '2 IGOR', 2, '2016-01-13', '2016-01-16', '2016-01-15', 5, 1, 4, 1),
(3, 'Tarefa 03', '3 JOAO', 1, '2016-01-20', '2016-01-22', NULL, 5, 1, 7, 1),
(4, 'Tarefa 01', '1 MLP', 3, '2016-01-03', '2016-01-04', '2016-01-04', 5, 2, 5, 1),
(5, 'Tarefa 02', '2 IGOR', 2, '2016-01-12', '2016-01-14', '2016-01-13', 5, 2, 4, 1),
(6, 'Tarefa 03', '3 JOAO', 1, '2016-01-11', '2016-01-12', '2016-01-11', 5, 2, 7, 1),
(7, 'Tarefa 04', '4 Neto', 3, '2016-01-12', '2016-01-14', '2016-01-13', 5, 2, 6, 1);

-- --------------------------------------------------------

--
-- Estrutura da tabela `usuario`
--

CREATE TABLE IF NOT EXISTS `usuario` (
  `codigo` int(11) NOT NULL AUTO_INCREMENT,
  `login` varchar(15) NOT NULL,
  `senha` varchar(100) NOT NULL,
  `email` varchar(100) NOT NULL,
  `nome` varchar(30) NOT NULL,
  `sobrenome` varchar(30) NOT NULL,
  `data_nascimento` date NOT NULL,
  `arquivo_avatar` varchar(200) NOT NULL,
  `data_criado` date NOT NULL,
  `codigo_funcao` int(11) NOT NULL,
  `codigo_perfil` int(11) NOT NULL,
  `codigo_status` int(11) NOT NULL,
  PRIMARY KEY (`codigo`)
) ENGINE=InnoDB  DEFAULT CHARSET=latin1 AUTO_INCREMENT=12 ;

--
-- Extraindo dados da tabela `usuario`
--

INSERT INTO `usuario` (`codigo`, `login`, `senha`, `email`, `nome`, `sobrenome`, `data_nascimento`, `arquivo_avatar`, `data_criado`, `codigo_funcao`, `codigo_perfil`, `codigo_status`) VALUES
(4, 'igor', '7c67e713a4b4139702de1a4fac672344', 'igorcha@secom.pa.gov.br', 'Igor', 'Cha', '2001-01-01', 'igor-avatar.jpg', '2015-12-17', 4, 1, 1),
(5, 'mlp', '7c67e713a4b4139702de1a4fac672344', 'marciopassosbel@gmail.com', 'Márcio', 'Passos', '1981-04-13', 'avatar3.jpg', '2015-12-17', 3, 2, 1),
(6, 'neneto', '7c67e713a4b4139702de1a4fac672344', 'antonioneto@secom.pa.gov.br', 'Antonio', 'Neto', '2001-01-01', 'neneto.jpg', '2015-12-17', 1, 2, 1),
(7, 'joao', '7c67e713a4b4139702de1a4fac672344', 'joaolemos@secom.pa.gov.br', 'João', 'Lemos', '2010-10-10', 'joao.jpg', '2015-12-17', 4, 1, 1),
(8, 'vini', '7c67e713a4b4139702de1a4fac672344', 'viniciusmonteiro@secom.pa.gov.br', 'Vinicius', 'Monteiro', '2002-02-20', 'vinicius.jpg', '2015-12-17', 2, 1, 1),
(9, 'italo', '7c67e713a4b4139702de1a4fac672344', 'italo.torres@secom.pa.gov.br', 'Ítalo', 'Torres', '1990-11-11', 'italo.jpg', '2015-12-17', 2, 1, 1),
(10, 'pet', '7c67e713a4b4139702de1a4fac672344', 'pettersonfariassecom@gmail.com', 'Petterson', 'Farias', '1993-12-12', 'pet.jpg', '2015-12-17', 2, 1, 1),
(11, 'carolina', '7c67e713a4b4139702de1a4fac672344', 'carolinaventurini@icloud.com', 'Carolina', 'Venturini Passos', '2005-09-05', '12113508_10204682176965630_8757563117268102190_o.jpg', '2015-12-23', 2, 2, 1);

-- --------------------------------------------------------

--
-- Estrutura da tabela `usuario_acesso`
--

CREATE TABLE IF NOT EXISTS `usuario_acesso` (
  `codigo` int(11) NOT NULL AUTO_INCREMENT,
  `codigo_usuario` int(11) NOT NULL,
  `data_acesso` timestamp NOT NULL DEFAULT CURRENT_TIMESTAMP,
  PRIMARY KEY (`codigo`)
) ENGINE=InnoDB DEFAULT CHARSET=latin1 AUTO_INCREMENT=1 ;

-- --------------------------------------------------------

--
-- Estrutura da tabela `usuario_funcao`
--

CREATE TABLE IF NOT EXISTS `usuario_funcao` (
  `codigo` int(11) NOT NULL AUTO_INCREMENT,
  `titulo` varchar(100) NOT NULL,
  PRIMARY KEY (`codigo`)
) ENGINE=InnoDB  DEFAULT CHARSET=latin1 AUTO_INCREMENT=6 ;

--
-- Extraindo dados da tabela `usuario_funcao`
--

INSERT INTO `usuario_funcao` (`codigo`, `titulo`) VALUES
(1, 'Diretor'),
(2, 'Assessor de Comunicação'),
(3, 'Analista de Sistemas'),
(4, 'Designer Gráfico'),
(5, 'Estagiário');

-- --------------------------------------------------------

--
-- Estrutura da tabela `usuario_projeto`
--

CREATE TABLE IF NOT EXISTS `usuario_projeto` (
  `codigo` int(11) NOT NULL AUTO_INCREMENT,
  `codigo_usuario` int(11) NOT NULL,
  `codigo_projeto` int(11) NOT NULL,
  `codigo_papel` int(11) NOT NULL,
  PRIMARY KEY (`codigo`)
) ENGINE=InnoDB  DEFAULT CHARSET=latin1 AUTO_INCREMENT=8 ;

--
-- Extraindo dados da tabela `usuario_projeto`
--

INSERT INTO `usuario_projeto` (`codigo`, `codigo_usuario`, `codigo_projeto`, `codigo_papel`) VALUES
(1, 5, 1, 1),
(2, 4, 1, 2),
(3, 7, 1, 2),
(4, 4, 2, 1),
(5, 5, 2, 2),
(6, 6, 2, 2),
(7, 7, 2, 2);

-- --------------------------------------------------------

--
-- Estrutura da tabela `usuario_tarefa`
--

CREATE TABLE IF NOT EXISTS `usuario_tarefa` (
  `codigo` int(11) NOT NULL AUTO_INCREMENT,
  `codigo_usuario` int(11) NOT NULL,
  `codigo_tarefa` int(11) NOT NULL,
  `codigo_papel` int(11) NOT NULL,
  PRIMARY KEY (`codigo`)
) ENGINE=InnoDB DEFAULT CHARSET=latin1 AUTO_INCREMENT=1 ;

/*!40101 SET CHARACTER_SET_CLIENT=@OLD_CHARACTER_SET_CLIENT */;
/*!40101 SET CHARACTER_SET_RESULTS=@OLD_CHARACTER_SET_RESULTS */;
/*!40101 SET COLLATION_CONNECTION=@OLD_COLLATION_CONNECTION */;
