-- phpMyAdmin SQL Dump
-- version 4.0.4.1
-- http://www.phpmyadmin.net
--
-- Máquina: localhost
-- Data de Criação: 09-Fev-2016 às 05:26
-- Versão do servidor: 5.5.31
-- versão do PHP: 5.4.19

SET SQL_MODE = "NO_AUTO_VALUE_ON_ZERO";
SET time_zone = "+00:00";


/*!40101 SET @OLD_CHARACTER_SET_CLIENT=@@CHARACTER_SET_CLIENT */;
/*!40101 SET @OLD_CHARACTER_SET_RESULTS=@@CHARACTER_SET_RESULTS */;
/*!40101 SET @OLD_COLLATION_CONNECTION=@@COLLATION_CONNECTION */;
/*!40101 SET NAMES utf8 */;

--
-- Base de Dados: `demandou-prod`
--
CREATE DATABASE IF NOT EXISTS `demandou-prod` DEFAULT CHARACTER SET latin1 COLLATE latin1_swedish_ci;
USE `demandou-prod`;

-- --------------------------------------------------------

--
-- Estrutura da tabela `ci_sessions`
--

CREATE TABLE IF NOT EXISTS `ci_sessions` (
  `id` varchar(40) NOT NULL,
  `ip_address` varchar(45) NOT NULL,
  `timestamp` int(10) unsigned NOT NULL DEFAULT '0',
  `data` blob NOT NULL,
  PRIMARY KEY (`id`),
  KEY `ci_sessions_timestamp` (`timestamp`)
) ENGINE=InnoDB DEFAULT CHARSET=latin1;

--
-- Extraindo dados da tabela `ci_sessions`
--

INSERT INTO `ci_sessions` (`id`, `ip_address`, `timestamp`, `data`) VALUES
('03a4dd0212906069e5eb965a075a464d11deb278', '::1', 1454981118, 0x5f5f63695f6c6173745f726567656e65726174657c693a313435343938303935323b636f6469676f5f7573756172696f7c733a313a2236223b6c6f67696e7c733a363a226e656e65746f223b6e6f6d657c733a373a22416e746f6e696f223b736f6272656e6f6d657c733a343a224e65746f223b636f6469676f5f70657266696c7c733a313a2232223b636f6469676f5f7374617475737c733a313a2231223b6172717569766f5f6176617461727c733a31303a226e656e65746f2e6a7067223b6c6f6761646f7c623a313b676572656e636961725f70726f6a65746f2d367c613a313a7b733a31343a22636f6469676f5f70726f6a65746f223b733a313a2236223b7d676572656e636961725f746172656661732d367c613a313a7b733a31343a22636f6469676f5f70726f6a65746f223b733a313a2236223b7d676572656e636961725f70726f6a65746f2d317c613a313a7b733a31343a22636f6469676f5f70726f6a65746f223b733a313a2231223b7d676572656e636961725f746172656661732d317c613a313a7b733a31343a22636f6469676f5f70726f6a65746f223b733a313a2231223b7d676572656e636961725f70726f6a65746f2d347c613a313a7b733a31343a22636f6469676f5f70726f6a65746f223b733a313a2234223b7d676572656e636961725f746172656661732d347c613a313a7b733a31343a22636f6469676f5f70726f6a65746f223b733a313a2234223b7d676572656e636961725f70726f6a65746f2d357c613a313a7b733a31343a22636f6469676f5f70726f6a65746f223b733a313a2235223b7d676572656e636961725f746172656661732d357c613a313a7b733a31343a22636f6469676f5f70726f6a65746f223b733a313a2235223b7d676572656e636961725f70726f6a65746f2d377c613a313a7b733a31343a22636f6469676f5f70726f6a65746f223b733a313a2237223b7d676572656e636961725f746172656661732d377c613a313a7b733a31343a22636f6469676f5f70726f6a65746f223b733a313a2237223b7d),
('069f6e181db265a54bed363e3eef2cf10eb230fe', '::1', 1454985036, 0x5f5f63695f6c6173745f726567656e65726174657c693a313435343938343638323b636f6469676f5f7573756172696f7c733a313a2235223b6c6f67696e7c733a333a226d6c70223b6e6f6d657c733a373a224dc3a17263696f223b736f6272656e6f6d657c733a363a22506173736f73223b636f6469676f5f70657266696c7c733a313a2232223b636f6469676f5f7374617475737c733a313a2231223b6172717569766f5f6176617461727c733a31313a22617661746172332e6a7067223b6c6f6761646f7c623a313b676572656e636961725f70726f6a65746f2d327c613a313a7b733a31343a22636f6469676f5f70726f6a65746f223b733a313a2232223b7d676572656e636961725f746172656661732d327c613a313a7b733a31343a22636f6469676f5f70726f6a65746f223b733a313a2232223b7d676572656e636961725f70726f6a65746f2d337c613a313a7b733a31343a22636f6469676f5f70726f6a65746f223b733a313a2233223b7d676572656e636961725f746172656661732d337c613a313a7b733a31343a22636f6469676f5f70726f6a65746f223b733a313a2233223b7d676572656e636961725f70726f6a65746f2d387c613a313a7b733a31343a22636f6469676f5f70726f6a65746f223b733a313a2238223b7d676572656e636961725f746172656661732d387c613a313a7b733a31343a22636f6469676f5f70726f6a65746f223b733a313a2238223b7d),
('13f7c6036f2be7f797423a6775deea1cec221c21', '::1', 1454983012, 0x5f5f63695f6c6173745f726567656e65726174657c693a313435343938323335363b636f6469676f5f7573756172696f7c733a313a2236223b6c6f67696e7c733a363a226e656e65746f223b6e6f6d657c733a373a22416e746f6e696f223b736f6272656e6f6d657c733a343a224e65746f223b636f6469676f5f70657266696c7c733a313a2232223b636f6469676f5f7374617475737c733a313a2231223b6172717569766f5f6176617461727c733a31303a226e656e65746f2e6a7067223b6c6f6761646f7c623a313b676572656e636961725f70726f6a65746f2d367c613a313a7b733a31343a22636f6469676f5f70726f6a65746f223b733a313a2236223b7d676572656e636961725f746172656661732d367c613a313a7b733a31343a22636f6469676f5f70726f6a65746f223b733a313a2236223b7d676572656e636961725f70726f6a65746f2d317c613a313a7b733a31343a22636f6469676f5f70726f6a65746f223b733a313a2231223b7d676572656e636961725f746172656661732d317c613a313a7b733a31343a22636f6469676f5f70726f6a65746f223b733a313a2231223b7d676572656e636961725f70726f6a65746f2d347c613a313a7b733a31343a22636f6469676f5f70726f6a65746f223b733a313a2234223b7d676572656e636961725f746172656661732d347c613a313a7b733a31343a22636f6469676f5f70726f6a65746f223b733a313a2234223b7d676572656e636961725f70726f6a65746f2d357c613a313a7b733a31343a22636f6469676f5f70726f6a65746f223b733a313a2235223b7d676572656e636961725f746172656661732d357c613a313a7b733a31343a22636f6469676f5f70726f6a65746f223b733a313a2235223b7d676572656e636961725f70726f6a65746f2d377c613a313a7b733a31343a22636f6469676f5f70726f6a65746f223b733a313a2237223b7d676572656e636961725f746172656661732d377c613a313a7b733a31343a22636f6469676f5f70726f6a65746f223b733a313a2237223b7d),
('1ca86888c8c10c84d34db21220452e9c924fa5bc', '::1', 1454974303, 0x5f5f63695f6c6173745f726567656e65726174657c693a313435343937343139303b636f6469676f5f7573756172696f7c733a313a2236223b6c6f67696e7c733a363a226e656e65746f223b6e6f6d657c733a373a22416e746f6e696f223b736f6272656e6f6d657c733a343a224e65746f223b636f6469676f5f70657266696c7c733a313a2232223b636f6469676f5f7374617475737c733a313a2231223b6172717569766f5f6176617461727c733a31303a226e656e65746f2e6a7067223b6c6f6761646f7c623a313b676572656e636961725f70726f6a65746f2d367c613a313a7b733a31343a22636f6469676f5f70726f6a65746f223b733a313a2236223b7d676572656e636961725f746172656661732d367c613a313a7b733a31343a22636f6469676f5f70726f6a65746f223b733a313a2236223b7d676572656e636961725f70726f6a65746f2d317c613a313a7b733a31343a22636f6469676f5f70726f6a65746f223b733a313a2231223b7d676572656e636961725f746172656661732d317c613a313a7b733a31343a22636f6469676f5f70726f6a65746f223b733a313a2231223b7d676572656e636961725f70726f6a65746f2d347c613a313a7b733a31343a22636f6469676f5f70726f6a65746f223b733a313a2234223b7d676572656e636961725f746172656661732d347c613a313a7b733a31343a22636f6469676f5f70726f6a65746f223b733a313a2234223b7d676572656e636961725f70726f6a65746f2d357c613a313a7b733a31343a22636f6469676f5f70726f6a65746f223b733a313a2235223b7d676572656e636961725f746172656661732d357c613a313a7b733a31343a22636f6469676f5f70726f6a65746f223b733a313a2235223b7d676572656e636961725f70726f6a65746f2d377c613a313a7b733a31343a22636f6469676f5f70726f6a65746f223b733a313a2237223b7d676572656e636961725f746172656661732d377c613a313a7b733a31343a22636f6469676f5f70726f6a65746f223b733a313a2237223b7d),
('1cdfb9edefbd3bda82e1b5b9de4ef614b2300961', '::1', 1454980602, 0x5f5f63695f6c6173745f726567656e65726174657c693a313435343938303236373b636f6469676f5f7573756172696f7c733a313a2236223b6c6f67696e7c733a363a226e656e65746f223b6e6f6d657c733a373a22416e746f6e696f223b736f6272656e6f6d657c733a343a224e65746f223b636f6469676f5f70657266696c7c733a313a2232223b636f6469676f5f7374617475737c733a313a2231223b6172717569766f5f6176617461727c733a31303a226e656e65746f2e6a7067223b6c6f6761646f7c623a313b676572656e636961725f70726f6a65746f2d367c613a313a7b733a31343a22636f6469676f5f70726f6a65746f223b733a313a2236223b7d676572656e636961725f746172656661732d367c613a313a7b733a31343a22636f6469676f5f70726f6a65746f223b733a313a2236223b7d676572656e636961725f70726f6a65746f2d317c613a313a7b733a31343a22636f6469676f5f70726f6a65746f223b733a313a2231223b7d676572656e636961725f746172656661732d317c613a313a7b733a31343a22636f6469676f5f70726f6a65746f223b733a313a2231223b7d676572656e636961725f70726f6a65746f2d347c613a313a7b733a31343a22636f6469676f5f70726f6a65746f223b733a313a2234223b7d676572656e636961725f746172656661732d347c613a313a7b733a31343a22636f6469676f5f70726f6a65746f223b733a313a2234223b7d676572656e636961725f70726f6a65746f2d357c613a313a7b733a31343a22636f6469676f5f70726f6a65746f223b733a313a2235223b7d676572656e636961725f746172656661732d357c613a313a7b733a31343a22636f6469676f5f70726f6a65746f223b733a313a2235223b7d676572656e636961725f70726f6a65746f2d377c613a313a7b733a31343a22636f6469676f5f70726f6a65746f223b733a313a2237223b7d676572656e636961725f746172656661732d377c613a313a7b733a31343a22636f6469676f5f70726f6a65746f223b733a313a2237223b7d),
('34c7921d2b2e0a1cc0e63bc398e82206001992df', '::1', 1454982137, 0x5f5f63695f6c6173745f726567656e65726174657c693a313435343938313532303b636f6469676f5f7573756172696f7c733a313a2236223b6c6f67696e7c733a363a226e656e65746f223b6e6f6d657c733a373a22416e746f6e696f223b736f6272656e6f6d657c733a343a224e65746f223b636f6469676f5f70657266696c7c733a313a2232223b636f6469676f5f7374617475737c733a313a2231223b6172717569766f5f6176617461727c733a31303a226e656e65746f2e6a7067223b6c6f6761646f7c623a313b676572656e636961725f70726f6a65746f2d367c613a313a7b733a31343a22636f6469676f5f70726f6a65746f223b733a313a2236223b7d676572656e636961725f746172656661732d367c613a313a7b733a31343a22636f6469676f5f70726f6a65746f223b733a313a2236223b7d676572656e636961725f70726f6a65746f2d317c613a313a7b733a31343a22636f6469676f5f70726f6a65746f223b733a313a2231223b7d676572656e636961725f746172656661732d317c613a313a7b733a31343a22636f6469676f5f70726f6a65746f223b733a313a2231223b7d676572656e636961725f70726f6a65746f2d347c613a313a7b733a31343a22636f6469676f5f70726f6a65746f223b733a313a2234223b7d676572656e636961725f746172656661732d347c613a313a7b733a31343a22636f6469676f5f70726f6a65746f223b733a313a2234223b7d676572656e636961725f70726f6a65746f2d357c613a313a7b733a31343a22636f6469676f5f70726f6a65746f223b733a313a2235223b7d676572656e636961725f746172656661732d357c613a313a7b733a31343a22636f6469676f5f70726f6a65746f223b733a313a2235223b7d676572656e636961725f70726f6a65746f2d377c613a313a7b733a31343a22636f6469676f5f70726f6a65746f223b733a313a2237223b7d676572656e636961725f746172656661732d377c613a313a7b733a31343a22636f6469676f5f70726f6a65746f223b733a313a2237223b7d),
('3b56d1633981514c1feafa2c73d7142c7532c176', '::1', 1454985920, 0x5f5f63695f6c6173745f726567656e65726174657c693a313435343938353734383b636f6469676f5f7573756172696f7c733a313a2236223b6c6f67696e7c733a363a226e656e65746f223b6e6f6d657c733a373a22416e746f6e696f223b736f6272656e6f6d657c733a343a224e65746f223b636f6469676f5f70657266696c7c733a313a2232223b636f6469676f5f7374617475737c733a313a2231223b6172717569766f5f6176617461727c733a31303a226e656e65746f2e6a7067223b6c6f6761646f7c623a313b676572656e636961725f70726f6a65746f2d367c613a313a7b733a31343a22636f6469676f5f70726f6a65746f223b733a313a2236223b7d676572656e636961725f746172656661732d367c613a313a7b733a31343a22636f6469676f5f70726f6a65746f223b733a313a2236223b7d676572656e636961725f70726f6a65746f2d317c613a313a7b733a31343a22636f6469676f5f70726f6a65746f223b733a313a2231223b7d676572656e636961725f746172656661732d317c613a313a7b733a31343a22636f6469676f5f70726f6a65746f223b733a313a2231223b7d676572656e636961725f70726f6a65746f2d347c613a313a7b733a31343a22636f6469676f5f70726f6a65746f223b733a313a2234223b7d676572656e636961725f746172656661732d347c613a313a7b733a31343a22636f6469676f5f70726f6a65746f223b733a313a2234223b7d676572656e636961725f70726f6a65746f2d357c613a313a7b733a31343a22636f6469676f5f70726f6a65746f223b733a313a2235223b7d676572656e636961725f746172656661732d357c613a313a7b733a31343a22636f6469676f5f70726f6a65746f223b733a313a2235223b7d676572656e636961725f70726f6a65746f2d377c613a313a7b733a31343a22636f6469676f5f70726f6a65746f223b733a313a2237223b7d676572656e636961725f746172656661732d377c613a313a7b733a31343a22636f6469676f5f70726f6a65746f223b733a313a2237223b7d),
('402c249d51afe780b4fdba334b583896ec29a30e', '::1', 1454984411, 0x5f5f63695f6c6173745f726567656e65726174657c693a313435343938343135333b636f6469676f5f7573756172696f7c733a313a2235223b6c6f67696e7c733a333a226d6c70223b6e6f6d657c733a373a224dc3a17263696f223b736f6272656e6f6d657c733a363a22506173736f73223b636f6469676f5f70657266696c7c733a313a2232223b636f6469676f5f7374617475737c733a313a2231223b6172717569766f5f6176617461727c733a31313a22617661746172332e6a7067223b6c6f6761646f7c623a313b676572656e636961725f70726f6a65746f2d327c613a313a7b733a31343a22636f6469676f5f70726f6a65746f223b733a313a2232223b7d676572656e636961725f746172656661732d327c613a313a7b733a31343a22636f6469676f5f70726f6a65746f223b733a313a2232223b7d676572656e636961725f70726f6a65746f2d337c613a313a7b733a31343a22636f6469676f5f70726f6a65746f223b733a313a2233223b7d676572656e636961725f746172656661732d337c613a313a7b733a31343a22636f6469676f5f70726f6a65746f223b733a313a2233223b7d676572656e636961725f70726f6a65746f2d387c613a313a7b733a31343a22636f6469676f5f70726f6a65746f223b733a313a2238223b7d676572656e636961725f746172656661732d387c613a313a7b733a31343a22636f6469676f5f70726f6a65746f223b733a313a2238223b7d),
('466488937c26752b2f8d9514a7e7d8c5ada26b24', '::1', 1454975872, 0x5f5f63695f6c6173745f726567656e65726174657c693a313435343937353836373b636f6469676f5f7573756172696f7c733a313a2236223b6c6f67696e7c733a363a226e656e65746f223b6e6f6d657c733a373a22416e746f6e696f223b736f6272656e6f6d657c733a343a224e65746f223b636f6469676f5f70657266696c7c733a313a2232223b636f6469676f5f7374617475737c733a313a2231223b6172717569766f5f6176617461727c733a31303a226e656e65746f2e6a7067223b6c6f6761646f7c623a313b676572656e636961725f70726f6a65746f2d367c613a313a7b733a31343a22636f6469676f5f70726f6a65746f223b733a313a2236223b7d676572656e636961725f746172656661732d367c613a313a7b733a31343a22636f6469676f5f70726f6a65746f223b733a313a2236223b7d676572656e636961725f70726f6a65746f2d317c613a313a7b733a31343a22636f6469676f5f70726f6a65746f223b733a313a2231223b7d676572656e636961725f746172656661732d317c613a313a7b733a31343a22636f6469676f5f70726f6a65746f223b733a313a2231223b7d676572656e636961725f70726f6a65746f2d347c613a313a7b733a31343a22636f6469676f5f70726f6a65746f223b733a313a2234223b7d676572656e636961725f746172656661732d347c613a313a7b733a31343a22636f6469676f5f70726f6a65746f223b733a313a2234223b7d676572656e636961725f70726f6a65746f2d357c613a313a7b733a31343a22636f6469676f5f70726f6a65746f223b733a313a2235223b7d676572656e636961725f746172656661732d357c613a313a7b733a31343a22636f6469676f5f70726f6a65746f223b733a313a2235223b7d676572656e636961725f70726f6a65746f2d377c613a313a7b733a31343a22636f6469676f5f70726f6a65746f223b733a313a2237223b7d676572656e636961725f746172656661732d377c613a313a7b733a31343a22636f6469676f5f70726f6a65746f223b733a313a2237223b7d),
('497d93df9ac4f62ff655c9ad6ee3800073c3349b', '::1', 1454987317, 0x5f5f63695f6c6173745f726567656e65726174657c693a313435343938373330383b636f6469676f5f7573756172696f7c733a313a2235223b6c6f67696e7c733a333a226d6c70223b6e6f6d657c733a373a224dc3a17263696f223b736f6272656e6f6d657c733a363a22506173736f73223b636f6469676f5f70657266696c7c733a313a2232223b636f6469676f5f7374617475737c733a313a2231223b6172717569766f5f6176617461727c733a31313a22617661746172332e6a7067223b6c6f6761646f7c623a313b),
('4a0d4c71bc794c407fb850e98012da6fad8aae51', '::1', 1454991985, 0x5f5f63695f6c6173745f726567656e65726174657c693a313435343939313832313b636f6469676f5f7573756172696f7c733a313a2236223b6c6f67696e7c733a363a226e656e65746f223b6e6f6d657c733a373a22416e746f6e696f223b736f6272656e6f6d657c733a343a224e65746f223b636f6469676f5f70657266696c7c733a313a2232223b636f6469676f5f7374617475737c733a313a2231223b6172717569766f5f6176617461727c733a31303a226e656e65746f2e6a7067223b6c6f6761646f7c623a313b676572656e636961725f70726f6a65746f2d347c613a313a7b733a31343a22636f6469676f5f70726f6a65746f223b733a313a2234223b7d676572656e636961725f746172656661732d347c613a313a7b733a31343a22636f6469676f5f70726f6a65746f223b733a313a2234223b7d),
('4de942631145620510b74482d56ecd3128b1b8b6', '::1', 1454991387, 0x5f5f63695f6c6173745f726567656e65726174657c693a313435343939313130343b636f6469676f5f7573756172696f7c733a313a2236223b6c6f67696e7c733a363a226e656e65746f223b6e6f6d657c733a373a22416e746f6e696f223b736f6272656e6f6d657c733a343a224e65746f223b636f6469676f5f70657266696c7c733a313a2232223b636f6469676f5f7374617475737c733a313a2231223b6172717569766f5f6176617461727c733a31303a226e656e65746f2e6a7067223b6c6f6761646f7c623a313b676572656e636961725f70726f6a65746f2d347c613a313a7b733a31343a22636f6469676f5f70726f6a65746f223b733a313a2234223b7d676572656e636961725f746172656661732d347c613a313a7b733a31343a22636f6469676f5f70726f6a65746f223b733a313a2234223b7d),
('4e58e889e379bbe119a4ab50b73898058e94268e', '::1', 1454977094, 0x5f5f63695f6c6173745f726567656e65726174657c693a313435343937363836343b636f6469676f5f7573756172696f7c733a313a2236223b6c6f67696e7c733a363a226e656e65746f223b6e6f6d657c733a373a22416e746f6e696f223b736f6272656e6f6d657c733a343a224e65746f223b636f6469676f5f70657266696c7c733a313a2232223b636f6469676f5f7374617475737c733a313a2231223b6172717569766f5f6176617461727c733a31303a226e656e65746f2e6a7067223b6c6f6761646f7c623a313b676572656e636961725f70726f6a65746f2d367c613a313a7b733a31343a22636f6469676f5f70726f6a65746f223b733a313a2236223b7d676572656e636961725f746172656661732d367c613a313a7b733a31343a22636f6469676f5f70726f6a65746f223b733a313a2236223b7d676572656e636961725f70726f6a65746f2d317c613a313a7b733a31343a22636f6469676f5f70726f6a65746f223b733a313a2231223b7d676572656e636961725f746172656661732d317c613a313a7b733a31343a22636f6469676f5f70726f6a65746f223b733a313a2231223b7d676572656e636961725f70726f6a65746f2d347c613a313a7b733a31343a22636f6469676f5f70726f6a65746f223b733a313a2234223b7d676572656e636961725f746172656661732d347c613a313a7b733a31343a22636f6469676f5f70726f6a65746f223b733a313a2234223b7d676572656e636961725f70726f6a65746f2d357c613a313a7b733a31343a22636f6469676f5f70726f6a65746f223b733a313a2235223b7d676572656e636961725f746172656661732d357c613a313a7b733a31343a22636f6469676f5f70726f6a65746f223b733a313a2235223b7d676572656e636961725f70726f6a65746f2d377c613a313a7b733a31343a22636f6469676f5f70726f6a65746f223b733a313a2237223b7d676572656e636961725f746172656661732d377c613a313a7b733a31343a22636f6469676f5f70726f6a65746f223b733a313a2237223b7d),
('4f3e0e703524617bbdfa281791164c700a4b564e', '::1', 1454975832, 0x5f5f63695f6c6173745f726567656e65726174657c693a313435343937353534333b636f6469676f5f7573756172696f7c733a313a2236223b6c6f67696e7c733a363a226e656e65746f223b6e6f6d657c733a373a22416e746f6e696f223b736f6272656e6f6d657c733a343a224e65746f223b636f6469676f5f70657266696c7c733a313a2232223b636f6469676f5f7374617475737c733a313a2231223b6172717569766f5f6176617461727c733a31303a226e656e65746f2e6a7067223b6c6f6761646f7c623a313b676572656e636961725f70726f6a65746f2d367c613a313a7b733a31343a22636f6469676f5f70726f6a65746f223b733a313a2236223b7d676572656e636961725f746172656661732d367c613a313a7b733a31343a22636f6469676f5f70726f6a65746f223b733a313a2236223b7d676572656e636961725f70726f6a65746f2d317c613a313a7b733a31343a22636f6469676f5f70726f6a65746f223b733a313a2231223b7d676572656e636961725f746172656661732d317c613a313a7b733a31343a22636f6469676f5f70726f6a65746f223b733a313a2231223b7d676572656e636961725f70726f6a65746f2d347c613a313a7b733a31343a22636f6469676f5f70726f6a65746f223b733a313a2234223b7d676572656e636961725f746172656661732d347c613a313a7b733a31343a22636f6469676f5f70726f6a65746f223b733a313a2234223b7d676572656e636961725f70726f6a65746f2d357c613a313a7b733a31343a22636f6469676f5f70726f6a65746f223b733a313a2235223b7d676572656e636961725f746172656661732d357c613a313a7b733a31343a22636f6469676f5f70726f6a65746f223b733a313a2235223b7d676572656e636961725f70726f6a65746f2d377c613a313a7b733a31343a22636f6469676f5f70726f6a65746f223b733a313a2237223b7d676572656e636961725f746172656661732d377c613a313a7b733a31343a22636f6469676f5f70726f6a65746f223b733a313a2237223b7d),
('51000ff0333ed9919d48167cca8acf56ce26b6d2', '::1', 1454978005, 0x5f5f63695f6c6173745f726567656e65726174657c693a313435343937373734313b636f6469676f5f7573756172696f7c733a313a2236223b6c6f67696e7c733a363a226e656e65746f223b6e6f6d657c733a373a22416e746f6e696f223b736f6272656e6f6d657c733a343a224e65746f223b636f6469676f5f70657266696c7c733a313a2232223b636f6469676f5f7374617475737c733a313a2231223b6172717569766f5f6176617461727c733a31303a226e656e65746f2e6a7067223b6c6f6761646f7c623a313b676572656e636961725f70726f6a65746f2d367c613a313a7b733a31343a22636f6469676f5f70726f6a65746f223b733a313a2236223b7d676572656e636961725f746172656661732d367c613a313a7b733a31343a22636f6469676f5f70726f6a65746f223b733a313a2236223b7d676572656e636961725f70726f6a65746f2d317c613a313a7b733a31343a22636f6469676f5f70726f6a65746f223b733a313a2231223b7d676572656e636961725f746172656661732d317c613a313a7b733a31343a22636f6469676f5f70726f6a65746f223b733a313a2231223b7d676572656e636961725f70726f6a65746f2d347c613a313a7b733a31343a22636f6469676f5f70726f6a65746f223b733a313a2234223b7d676572656e636961725f746172656661732d347c613a313a7b733a31343a22636f6469676f5f70726f6a65746f223b733a313a2234223b7d676572656e636961725f70726f6a65746f2d357c613a313a7b733a31343a22636f6469676f5f70726f6a65746f223b733a313a2235223b7d676572656e636961725f746172656661732d357c613a313a7b733a31343a22636f6469676f5f70726f6a65746f223b733a313a2235223b7d676572656e636961725f70726f6a65746f2d377c613a313a7b733a31343a22636f6469676f5f70726f6a65746f223b733a313a2237223b7d676572656e636961725f746172656661732d377c613a313a7b733a31343a22636f6469676f5f70726f6a65746f223b733a313a2237223b7d),
('525d55a0333428a458ec88829a99a95477c1d9c4', '::1', 1454980856, 0x5f5f63695f6c6173745f726567656e65726174657c693a313435343938303633343b636f6469676f5f7573756172696f7c733a313a2236223b6c6f67696e7c733a363a226e656e65746f223b6e6f6d657c733a373a22416e746f6e696f223b736f6272656e6f6d657c733a343a224e65746f223b636f6469676f5f70657266696c7c733a313a2232223b636f6469676f5f7374617475737c733a313a2231223b6172717569766f5f6176617461727c733a31303a226e656e65746f2e6a7067223b6c6f6761646f7c623a313b676572656e636961725f70726f6a65746f2d367c613a313a7b733a31343a22636f6469676f5f70726f6a65746f223b733a313a2236223b7d676572656e636961725f746172656661732d367c613a313a7b733a31343a22636f6469676f5f70726f6a65746f223b733a313a2236223b7d676572656e636961725f70726f6a65746f2d317c613a313a7b733a31343a22636f6469676f5f70726f6a65746f223b733a313a2231223b7d676572656e636961725f746172656661732d317c613a313a7b733a31343a22636f6469676f5f70726f6a65746f223b733a313a2231223b7d676572656e636961725f70726f6a65746f2d347c613a313a7b733a31343a22636f6469676f5f70726f6a65746f223b733a313a2234223b7d676572656e636961725f746172656661732d347c613a313a7b733a31343a22636f6469676f5f70726f6a65746f223b733a313a2234223b7d676572656e636961725f70726f6a65746f2d357c613a313a7b733a31343a22636f6469676f5f70726f6a65746f223b733a313a2235223b7d676572656e636961725f746172656661732d357c613a313a7b733a31343a22636f6469676f5f70726f6a65746f223b733a313a2235223b7d676572656e636961725f70726f6a65746f2d377c613a313a7b733a31343a22636f6469676f5f70726f6a65746f223b733a313a2237223b7d676572656e636961725f746172656661732d377c613a313a7b733a31343a22636f6469676f5f70726f6a65746f223b733a313a2237223b7d),
('5f5f73f038ffb7c8997f645903e6ebe8697fe338', '::1', 1454988935, 0x5f5f63695f6c6173745f726567656e65726174657c693a313435343938383932353b636f6469676f5f7573756172696f7c733a313a2236223b6c6f67696e7c733a363a226e656e65746f223b6e6f6d657c733a373a22416e746f6e696f223b736f6272656e6f6d657c733a343a224e65746f223b636f6469676f5f70657266696c7c733a313a2232223b636f6469676f5f7374617475737c733a313a2231223b6172717569766f5f6176617461727c733a31303a226e656e65746f2e6a7067223b6c6f6761646f7c623a313b676572656e636961725f70726f6a65746f2d317c613a313a7b733a31343a22636f6469676f5f70726f6a65746f223b733a313a2231223b7d676572656e636961725f746172656661732d317c613a313a7b733a31343a22636f6469676f5f70726f6a65746f223b733a313a2231223b7d),
('723b68717de7654e2e47bd92ff51bc9c576f872e', '::1', 1454977330, 0x5f5f63695f6c6173745f726567656e65726174657c693a313435343937373234393b636f6469676f5f7573756172696f7c733a313a2236223b6c6f67696e7c733a363a226e656e65746f223b6e6f6d657c733a373a22416e746f6e696f223b736f6272656e6f6d657c733a343a224e65746f223b636f6469676f5f70657266696c7c733a313a2232223b636f6469676f5f7374617475737c733a313a2231223b6172717569766f5f6176617461727c733a31303a226e656e65746f2e6a7067223b6c6f6761646f7c623a313b676572656e636961725f70726f6a65746f2d367c613a313a7b733a31343a22636f6469676f5f70726f6a65746f223b733a313a2236223b7d676572656e636961725f746172656661732d367c613a313a7b733a31343a22636f6469676f5f70726f6a65746f223b733a313a2236223b7d676572656e636961725f70726f6a65746f2d317c613a313a7b733a31343a22636f6469676f5f70726f6a65746f223b733a313a2231223b7d676572656e636961725f746172656661732d317c613a313a7b733a31343a22636f6469676f5f70726f6a65746f223b733a313a2231223b7d676572656e636961725f70726f6a65746f2d347c613a313a7b733a31343a22636f6469676f5f70726f6a65746f223b733a313a2234223b7d676572656e636961725f746172656661732d347c613a313a7b733a31343a22636f6469676f5f70726f6a65746f223b733a313a2234223b7d676572656e636961725f70726f6a65746f2d357c613a313a7b733a31343a22636f6469676f5f70726f6a65746f223b733a313a2235223b7d676572656e636961725f746172656661732d357c613a313a7b733a31343a22636f6469676f5f70726f6a65746f223b733a313a2235223b7d676572656e636961725f70726f6a65746f2d377c613a313a7b733a31343a22636f6469676f5f70726f6a65746f223b733a313a2237223b7d676572656e636961725f746172656661732d377c613a313a7b733a31343a22636f6469676f5f70726f6a65746f223b733a313a2237223b7d),
('832c91c79d05700169478035c3800a441936a26d', '::1', 1454978343, 0x5f5f63695f6c6173745f726567656e65726174657c693a313435343937383038373b636f6469676f5f7573756172696f7c733a313a2236223b6c6f67696e7c733a363a226e656e65746f223b6e6f6d657c733a373a22416e746f6e696f223b736f6272656e6f6d657c733a343a224e65746f223b636f6469676f5f70657266696c7c733a313a2232223b636f6469676f5f7374617475737c733a313a2231223b6172717569766f5f6176617461727c733a31303a226e656e65746f2e6a7067223b6c6f6761646f7c623a313b676572656e636961725f70726f6a65746f2d367c613a313a7b733a31343a22636f6469676f5f70726f6a65746f223b733a313a2236223b7d676572656e636961725f746172656661732d367c613a313a7b733a31343a22636f6469676f5f70726f6a65746f223b733a313a2236223b7d676572656e636961725f70726f6a65746f2d317c613a313a7b733a31343a22636f6469676f5f70726f6a65746f223b733a313a2231223b7d676572656e636961725f746172656661732d317c613a313a7b733a31343a22636f6469676f5f70726f6a65746f223b733a313a2231223b7d676572656e636961725f70726f6a65746f2d347c613a313a7b733a31343a22636f6469676f5f70726f6a65746f223b733a313a2234223b7d676572656e636961725f746172656661732d347c613a313a7b733a31343a22636f6469676f5f70726f6a65746f223b733a313a2234223b7d676572656e636961725f70726f6a65746f2d357c613a313a7b733a31343a22636f6469676f5f70726f6a65746f223b733a313a2235223b7d676572656e636961725f746172656661732d357c613a313a7b733a31343a22636f6469676f5f70726f6a65746f223b733a313a2235223b7d676572656e636961725f70726f6a65746f2d377c613a313a7b733a31343a22636f6469676f5f70726f6a65746f223b733a313a2237223b7d676572656e636961725f746172656661732d377c613a313a7b733a31343a22636f6469676f5f70726f6a65746f223b733a313a2237223b7d),
('9644122528b849176688d397700508a0b5b356cd', '::1', 1454991051, 0x5f5f63695f6c6173745f726567656e65726174657c693a313435343939303736343b636f6469676f5f7573756172696f7c733a313a2236223b6c6f67696e7c733a363a226e656e65746f223b6e6f6d657c733a373a22416e746f6e696f223b736f6272656e6f6d657c733a343a224e65746f223b636f6469676f5f70657266696c7c733a313a2232223b636f6469676f5f7374617475737c733a313a2231223b6172717569766f5f6176617461727c733a31303a226e656e65746f2e6a7067223b6c6f6761646f7c623a313b676572656e636961725f70726f6a65746f2d317c613a313a7b733a31343a22636f6469676f5f70726f6a65746f223b733a313a2231223b7d676572656e636961725f746172656661732d317c613a313a7b733a31343a22636f6469676f5f70726f6a65746f223b733a313a2231223b7d676572656e636961725f70726f6a65746f2d327c613a313a7b733a31343a22636f6469676f5f70726f6a65746f223b733a313a2232223b7d676572656e636961725f746172656661732d327c613a313a7b733a31343a22636f6469676f5f70726f6a65746f223b733a313a2232223b7d676572656e636961725f70726f6a65746f2d337c613a313a7b733a31343a22636f6469676f5f70726f6a65746f223b733a313a2233223b7d676572656e636961725f746172656661732d337c613a313a7b733a31343a22636f6469676f5f70726f6a65746f223b733a313a2233223b7d),
('a765d10471f4441fd50386c0b077b5487aba3b9c', '::1', 1454978676, 0x5f5f63695f6c6173745f726567656e65726174657c693a313435343937383430363b636f6469676f5f7573756172696f7c733a313a2236223b6c6f67696e7c733a363a226e656e65746f223b6e6f6d657c733a373a22416e746f6e696f223b736f6272656e6f6d657c733a343a224e65746f223b636f6469676f5f70657266696c7c733a313a2232223b636f6469676f5f7374617475737c733a313a2231223b6172717569766f5f6176617461727c733a31303a226e656e65746f2e6a7067223b6c6f6761646f7c623a313b676572656e636961725f70726f6a65746f2d367c613a313a7b733a31343a22636f6469676f5f70726f6a65746f223b733a313a2236223b7d676572656e636961725f746172656661732d367c613a313a7b733a31343a22636f6469676f5f70726f6a65746f223b733a313a2236223b7d676572656e636961725f70726f6a65746f2d317c613a313a7b733a31343a22636f6469676f5f70726f6a65746f223b733a313a2231223b7d676572656e636961725f746172656661732d317c613a313a7b733a31343a22636f6469676f5f70726f6a65746f223b733a313a2231223b7d676572656e636961725f70726f6a65746f2d347c613a313a7b733a31343a22636f6469676f5f70726f6a65746f223b733a313a2234223b7d676572656e636961725f746172656661732d347c613a313a7b733a31343a22636f6469676f5f70726f6a65746f223b733a313a2234223b7d676572656e636961725f70726f6a65746f2d357c613a313a7b733a31343a22636f6469676f5f70726f6a65746f223b733a313a2235223b7d676572656e636961725f746172656661732d357c613a313a7b733a31343a22636f6469676f5f70726f6a65746f223b733a313a2235223b7d676572656e636961725f70726f6a65746f2d377c613a313a7b733a31343a22636f6469676f5f70726f6a65746f223b733a313a2237223b7d676572656e636961725f746172656661732d377c613a313a7b733a31343a22636f6469676f5f70726f6a65746f223b733a313a2237223b7d),
('aa36de50d5950f98dc743e5a76c6d58bfa7e43fb', '::1', 1454976415, 0x5f5f63695f6c6173745f726567656e65726174657c693a313435343937363235353b636f6469676f5f7573756172696f7c733a313a2236223b6c6f67696e7c733a363a226e656e65746f223b6e6f6d657c733a373a22416e746f6e696f223b736f6272656e6f6d657c733a343a224e65746f223b636f6469676f5f70657266696c7c733a313a2232223b636f6469676f5f7374617475737c733a313a2231223b6172717569766f5f6176617461727c733a31303a226e656e65746f2e6a7067223b6c6f6761646f7c623a313b676572656e636961725f70726f6a65746f2d367c613a313a7b733a31343a22636f6469676f5f70726f6a65746f223b733a313a2236223b7d676572656e636961725f746172656661732d367c613a313a7b733a31343a22636f6469676f5f70726f6a65746f223b733a313a2236223b7d676572656e636961725f70726f6a65746f2d317c613a313a7b733a31343a22636f6469676f5f70726f6a65746f223b733a313a2231223b7d676572656e636961725f746172656661732d317c613a313a7b733a31343a22636f6469676f5f70726f6a65746f223b733a313a2231223b7d676572656e636961725f70726f6a65746f2d347c613a313a7b733a31343a22636f6469676f5f70726f6a65746f223b733a313a2234223b7d676572656e636961725f746172656661732d347c613a313a7b733a31343a22636f6469676f5f70726f6a65746f223b733a313a2234223b7d676572656e636961725f70726f6a65746f2d357c613a313a7b733a31343a22636f6469676f5f70726f6a65746f223b733a313a2235223b7d676572656e636961725f746172656661732d357c613a313a7b733a31343a22636f6469676f5f70726f6a65746f223b733a313a2235223b7d676572656e636961725f70726f6a65746f2d377c613a313a7b733a31343a22636f6469676f5f70726f6a65746f223b733a313a2237223b7d676572656e636961725f746172656661732d377c613a313a7b733a31343a22636f6469676f5f70726f6a65746f223b733a313a2237223b7d),
('aa40c8cfb8d227c8d4b8c1b442c3a921b1e5d6c7', '::1', 1454985164, 0x5f5f63695f6c6173745f726567656e65726174657c693a313435343938353134373b636f6469676f5f7573756172696f7c733a313a2236223b6c6f67696e7c733a363a226e656e65746f223b6e6f6d657c733a373a22416e746f6e696f223b736f6272656e6f6d657c733a343a224e65746f223b636f6469676f5f70657266696c7c733a313a2232223b636f6469676f5f7374617475737c733a313a2231223b6172717569766f5f6176617461727c733a31303a226e656e65746f2e6a7067223b6c6f6761646f7c623a313b676572656e636961725f70726f6a65746f2d367c613a313a7b733a31343a22636f6469676f5f70726f6a65746f223b733a313a2236223b7d676572656e636961725f746172656661732d367c613a313a7b733a31343a22636f6469676f5f70726f6a65746f223b733a313a2236223b7d676572656e636961725f70726f6a65746f2d317c613a313a7b733a31343a22636f6469676f5f70726f6a65746f223b733a313a2231223b7d676572656e636961725f746172656661732d317c613a313a7b733a31343a22636f6469676f5f70726f6a65746f223b733a313a2231223b7d676572656e636961725f70726f6a65746f2d347c613a313a7b733a31343a22636f6469676f5f70726f6a65746f223b733a313a2234223b7d676572656e636961725f746172656661732d347c613a313a7b733a31343a22636f6469676f5f70726f6a65746f223b733a313a2234223b7d676572656e636961725f70726f6a65746f2d357c613a313a7b733a31343a22636f6469676f5f70726f6a65746f223b733a313a2235223b7d676572656e636961725f746172656661732d357c613a313a7b733a31343a22636f6469676f5f70726f6a65746f223b733a313a2235223b7d676572656e636961725f70726f6a65746f2d377c613a313a7b733a31343a22636f6469676f5f70726f6a65746f223b733a313a2237223b7d676572656e636961725f746172656661732d377c613a313a7b733a31343a22636f6469676f5f70726f6a65746f223b733a313a2237223b7d),
('af28a814fd4d1c6e2bb39f9ce536f359cf7a1b52', '::1', 1454980263, 0x5f5f63695f6c6173745f726567656e65726174657c693a313435343937383731373b636f6469676f5f7573756172696f7c733a313a2236223b6c6f67696e7c733a363a226e656e65746f223b6e6f6d657c733a373a22416e746f6e696f223b736f6272656e6f6d657c733a343a224e65746f223b636f6469676f5f70657266696c7c733a313a2232223b636f6469676f5f7374617475737c733a313a2231223b6172717569766f5f6176617461727c733a31303a226e656e65746f2e6a7067223b6c6f6761646f7c623a313b676572656e636961725f70726f6a65746f2d367c613a313a7b733a31343a22636f6469676f5f70726f6a65746f223b733a313a2236223b7d676572656e636961725f746172656661732d367c613a313a7b733a31343a22636f6469676f5f70726f6a65746f223b733a313a2236223b7d676572656e636961725f70726f6a65746f2d317c613a313a7b733a31343a22636f6469676f5f70726f6a65746f223b733a313a2231223b7d676572656e636961725f746172656661732d317c613a313a7b733a31343a22636f6469676f5f70726f6a65746f223b733a313a2231223b7d676572656e636961725f70726f6a65746f2d347c613a313a7b733a31343a22636f6469676f5f70726f6a65746f223b733a313a2234223b7d676572656e636961725f746172656661732d347c613a313a7b733a31343a22636f6469676f5f70726f6a65746f223b733a313a2234223b7d676572656e636961725f70726f6a65746f2d357c613a313a7b733a31343a22636f6469676f5f70726f6a65746f223b733a313a2235223b7d676572656e636961725f746172656661732d357c613a313a7b733a31343a22636f6469676f5f70726f6a65746f223b733a313a2235223b7d676572656e636961725f70726f6a65746f2d377c613a313a7b733a31343a22636f6469676f5f70726f6a65746f223b733a313a2237223b7d676572656e636961725f746172656661732d377c613a313a7b733a31343a22636f6469676f5f70726f6a65746f223b733a313a2237223b7d),
('b10adac060d4d3de4f9be02e52958ee0f859bf09', '::1', 1454986328, 0x5f5f63695f6c6173745f726567656e65726174657c693a313435343938363135373b636f6469676f5f7573756172696f7c733a313a2236223b6c6f67696e7c733a363a226e656e65746f223b6e6f6d657c733a373a22416e746f6e696f223b736f6272656e6f6d657c733a343a224e65746f223b636f6469676f5f70657266696c7c733a313a2232223b636f6469676f5f7374617475737c733a313a2231223b6172717569766f5f6176617461727c733a31303a226e656e65746f2e6a7067223b6c6f6761646f7c623a313b676572656e636961725f70726f6a65746f2d367c613a313a7b733a31343a22636f6469676f5f70726f6a65746f223b733a313a2236223b7d676572656e636961725f746172656661732d367c613a313a7b733a31343a22636f6469676f5f70726f6a65746f223b733a313a2236223b7d676572656e636961725f70726f6a65746f2d317c613a313a7b733a31343a22636f6469676f5f70726f6a65746f223b733a313a2231223b7d676572656e636961725f746172656661732d317c613a313a7b733a31343a22636f6469676f5f70726f6a65746f223b733a313a2231223b7d676572656e636961725f70726f6a65746f2d347c613a313a7b733a31343a22636f6469676f5f70726f6a65746f223b733a313a2234223b7d676572656e636961725f746172656661732d347c613a313a7b733a31343a22636f6469676f5f70726f6a65746f223b733a313a2234223b7d676572656e636961725f70726f6a65746f2d357c613a313a7b733a31343a22636f6469676f5f70726f6a65746f223b733a313a2235223b7d676572656e636961725f746172656661732d357c613a313a7b733a31343a22636f6469676f5f70726f6a65746f223b733a313a2235223b7d676572656e636961725f70726f6a65746f2d377c613a313a7b733a31343a22636f6469676f5f70726f6a65746f223b733a313a2237223b7d676572656e636961725f746172656661732d377c613a313a7b733a31343a22636f6469676f5f70726f6a65746f223b733a313a2237223b7d),
('be4c67a37905f997759e7e1bc8b0c7403879f897', '::1', 1454974934, 0x5f5f63695f6c6173745f726567656e65726174657c693a313435343937343633363b636f6469676f5f7573756172696f7c733a313a2236223b6c6f67696e7c733a363a226e656e65746f223b6e6f6d657c733a373a22416e746f6e696f223b736f6272656e6f6d657c733a343a224e65746f223b636f6469676f5f70657266696c7c733a313a2232223b636f6469676f5f7374617475737c733a313a2231223b6172717569766f5f6176617461727c733a31303a226e656e65746f2e6a7067223b6c6f6761646f7c623a313b676572656e636961725f70726f6a65746f2d367c613a313a7b733a31343a22636f6469676f5f70726f6a65746f223b733a313a2236223b7d676572656e636961725f746172656661732d367c613a313a7b733a31343a22636f6469676f5f70726f6a65746f223b733a313a2236223b7d676572656e636961725f70726f6a65746f2d317c613a313a7b733a31343a22636f6469676f5f70726f6a65746f223b733a313a2231223b7d676572656e636961725f746172656661732d317c613a313a7b733a31343a22636f6469676f5f70726f6a65746f223b733a313a2231223b7d676572656e636961725f70726f6a65746f2d347c613a313a7b733a31343a22636f6469676f5f70726f6a65746f223b733a313a2234223b7d676572656e636961725f746172656661732d347c613a313a7b733a31343a22636f6469676f5f70726f6a65746f223b733a313a2234223b7d676572656e636961725f70726f6a65746f2d357c613a313a7b733a31343a22636f6469676f5f70726f6a65746f223b733a313a2235223b7d676572656e636961725f746172656661732d357c613a313a7b733a31343a22636f6469676f5f70726f6a65746f223b733a313a2235223b7d676572656e636961725f70726f6a65746f2d377c613a313a7b733a31343a22636f6469676f5f70726f6a65746f223b733a313a2237223b7d676572656e636961725f746172656661732d377c613a313a7b733a31343a22636f6469676f5f70726f6a65746f223b733a313a2237223b7d),
('c2c85bd12bc43ea6948611f489372a6cf961d426', '::1', 1454983173, 0x5f5f63695f6c6173745f726567656e65726174657c693a313435343938333036383b636f6469676f5f7573756172696f7c733a313a2235223b6c6f67696e7c733a333a226d6c70223b6e6f6d657c733a373a224dc3a17263696f223b736f6272656e6f6d657c733a363a22506173736f73223b636f6469676f5f70657266696c7c733a313a2232223b636f6469676f5f7374617475737c733a313a2231223b6172717569766f5f6176617461727c733a31313a22617661746172332e6a7067223b6c6f6761646f7c623a313b676572656e636961725f70726f6a65746f2d327c613a313a7b733a31343a22636f6469676f5f70726f6a65746f223b733a313a2232223b7d676572656e636961725f746172656661732d327c613a313a7b733a31343a22636f6469676f5f70726f6a65746f223b733a313a2232223b7d676572656e636961725f70726f6a65746f2d337c613a313a7b733a31343a22636f6469676f5f70726f6a65746f223b733a313a2233223b7d676572656e636961725f746172656661732d337c613a313a7b733a31343a22636f6469676f5f70726f6a65746f223b733a313a2233223b7d676572656e636961725f70726f6a65746f2d387c613a313a7b733a31343a22636f6469676f5f70726f6a65746f223b733a313a2238223b7d676572656e636961725f746172656661732d387c613a313a7b733a31343a22636f6469676f5f70726f6a65746f223b733a313a2238223b7d),
('c8292198f8faefe44a35fcdbaf86f01de049428b', '::1', 1454987926, 0x5f5f63695f6c6173745f726567656e65726174657c693a313435343938373737303b636f6469676f5f7573756172696f7c733a313a2235223b6c6f67696e7c733a333a226d6c70223b6e6f6d657c733a373a224dc3a17263696f223b736f6272656e6f6d657c733a363a22506173736f73223b636f6469676f5f70657266696c7c733a313a2232223b636f6469676f5f7374617475737c733a313a2231223b6172717569766f5f6176617461727c733a31313a22617661746172332e6a7067223b6c6f6761646f7c623a313b),
('d2f3d98b42b2d8d1d1a59ae4c292ffa7cf458522', '::1', 1454990723, 0x5f5f63695f6c6173745f726567656e65726174657c693a313435343939303432393b636f6469676f5f7573756172696f7c733a313a2236223b6c6f67696e7c733a363a226e656e65746f223b6e6f6d657c733a373a22416e746f6e696f223b736f6272656e6f6d657c733a343a224e65746f223b636f6469676f5f70657266696c7c733a313a2232223b636f6469676f5f7374617475737c733a313a2231223b6172717569766f5f6176617461727c733a31303a226e656e65746f2e6a7067223b6c6f6761646f7c623a313b676572656e636961725f70726f6a65746f2d317c613a313a7b733a31343a22636f6469676f5f70726f6a65746f223b733a313a2231223b7d676572656e636961725f746172656661732d317c613a313a7b733a31343a22636f6469676f5f70726f6a65746f223b733a313a2231223b7d),
('d56ea79d4e208fa76d3028adf9c92de866e95c88', '::1', 1454987158, 0x5f5f63695f6c6173745f726567656e65726174657c693a313435343938363838373b636f6469676f5f7573756172696f7c733a313a2236223b6c6f67696e7c733a363a226e656e65746f223b6e6f6d657c733a373a22416e746f6e696f223b736f6272656e6f6d657c733a343a224e65746f223b636f6469676f5f70657266696c7c733a313a2232223b636f6469676f5f7374617475737c733a313a2231223b6172717569766f5f6176617461727c733a31303a226e656e65746f2e6a7067223b6c6f6761646f7c623a313b676572656e636961725f70726f6a65746f2d367c613a313a7b733a31343a22636f6469676f5f70726f6a65746f223b733a313a2236223b7d676572656e636961725f746172656661732d367c613a313a7b733a31343a22636f6469676f5f70726f6a65746f223b733a313a2236223b7d676572656e636961725f70726f6a65746f2d317c613a313a7b733a31343a22636f6469676f5f70726f6a65746f223b733a313a2231223b7d676572656e636961725f746172656661732d317c613a313a7b733a31343a22636f6469676f5f70726f6a65746f223b733a313a2231223b7d676572656e636961725f70726f6a65746f2d347c613a313a7b733a31343a22636f6469676f5f70726f6a65746f223b733a313a2234223b7d676572656e636961725f746172656661732d347c613a313a7b733a31343a22636f6469676f5f70726f6a65746f223b733a313a2234223b7d676572656e636961725f70726f6a65746f2d357c613a313a7b733a31343a22636f6469676f5f70726f6a65746f223b733a313a2235223b7d676572656e636961725f746172656661732d357c613a313a7b733a31343a22636f6469676f5f70726f6a65746f223b733a313a2235223b7d676572656e636961725f70726f6a65746f2d377c613a313a7b733a31343a22636f6469676f5f70726f6a65746f223b733a313a2237223b7d676572656e636961725f746172656661732d377c613a313a7b733a31343a22636f6469676f5f70726f6a65746f223b733a313a2237223b7d),
('da961bbaa3f2bd9be452fb40b4524fb4ab74e5e2', '::1', 1454984021, 0x5f5f63695f6c6173745f726567656e65726174657c693a313435343938333834363b636f6469676f5f7573756172696f7c733a313a2235223b6c6f67696e7c733a333a226d6c70223b6e6f6d657c733a373a224dc3a17263696f223b736f6272656e6f6d657c733a363a22506173736f73223b636f6469676f5f70657266696c7c733a313a2232223b636f6469676f5f7374617475737c733a313a2231223b6172717569766f5f6176617461727c733a31313a22617661746172332e6a7067223b6c6f6761646f7c623a313b676572656e636961725f70726f6a65746f2d327c613a313a7b733a31343a22636f6469676f5f70726f6a65746f223b733a313a2232223b7d676572656e636961725f746172656661732d327c613a313a7b733a31343a22636f6469676f5f70726f6a65746f223b733a313a2232223b7d676572656e636961725f70726f6a65746f2d337c613a313a7b733a31343a22636f6469676f5f70726f6a65746f223b733a313a2233223b7d676572656e636961725f746172656661732d337c613a313a7b733a31343a22636f6469676f5f70726f6a65746f223b733a313a2233223b7d676572656e636961725f70726f6a65746f2d387c613a313a7b733a31343a22636f6469676f5f70726f6a65746f223b733a313a2238223b7d676572656e636961725f746172656661732d387c613a313a7b733a31343a22636f6469676f5f70726f6a65746f223b733a313a2238223b7d),
('ea7ea9d679fbb4e0a226749ed8f3056b90c007f8', '::1', 1454983744, 0x5f5f63695f6c6173745f726567656e65726174657c693a313435343938333530383b636f6469676f5f7573756172696f7c733a313a2235223b6c6f67696e7c733a333a226d6c70223b6e6f6d657c733a373a224dc3a17263696f223b736f6272656e6f6d657c733a363a22506173736f73223b636f6469676f5f70657266696c7c733a313a2232223b636f6469676f5f7374617475737c733a313a2231223b6172717569766f5f6176617461727c733a31313a22617661746172332e6a7067223b6c6f6761646f7c623a313b676572656e636961725f70726f6a65746f2d327c613a313a7b733a31343a22636f6469676f5f70726f6a65746f223b733a313a2232223b7d676572656e636961725f746172656661732d327c613a313a7b733a31343a22636f6469676f5f70726f6a65746f223b733a313a2232223b7d676572656e636961725f70726f6a65746f2d337c613a313a7b733a31343a22636f6469676f5f70726f6a65746f223b733a313a2233223b7d676572656e636961725f746172656661732d337c613a313a7b733a31343a22636f6469676f5f70726f6a65746f223b733a313a2233223b7d676572656e636961725f70726f6a65746f2d387c613a313a7b733a31343a22636f6469676f5f70726f6a65746f223b733a313a2238223b7d676572656e636961725f746172656661732d387c613a313a7b733a31343a22636f6469676f5f70726f6a65746f223b733a313a2238223b7d),
('fb49c4f54c0d39adaf8c739552632a697e0f281d', '::1', 1454991772, 0x5f5f63695f6c6173745f726567656e65726174657c693a313435343939313530383b636f6469676f5f7573756172696f7c733a313a2236223b6c6f67696e7c733a363a226e656e65746f223b6e6f6d657c733a373a22416e746f6e696f223b736f6272656e6f6d657c733a343a224e65746f223b636f6469676f5f70657266696c7c733a313a2232223b636f6469676f5f7374617475737c733a313a2231223b6172717569766f5f6176617461727c733a31303a226e656e65746f2e6a7067223b6c6f6761646f7c623a313b676572656e636961725f70726f6a65746f2d347c613a313a7b733a31343a22636f6469676f5f70726f6a65746f223b733a313a2234223b7d676572656e636961725f746172656661732d347c613a313a7b733a31343a22636f6469676f5f70726f6a65746f223b733a313a2234223b7d);

-- --------------------------------------------------------

--
-- Estrutura da tabela `observacoes_resposta`
--

CREATE TABLE IF NOT EXISTS `observacoes_resposta` (
  `codigo` int(11) NOT NULL AUTO_INCREMENT,
  `codigo_observacao` int(11) NOT NULL,
  `resposta` varchar(500) NOT NULL,
  `data_resposta` date DEFAULT NULL,
  `inserido_por` int(11) DEFAULT NULL,
  PRIMARY KEY (`codigo`)
) ENGINE=InnoDB DEFAULT CHARSET=latin1 AUTO_INCREMENT=1 ;

-- --------------------------------------------------------

--
-- Estrutura da tabela `observacoes_status`
--

CREATE TABLE IF NOT EXISTS `observacoes_status` (
  `codigo` int(11) NOT NULL AUTO_INCREMENT,
  `nome` varchar(100) NOT NULL,
  PRIMARY KEY (`codigo`)
) ENGINE=InnoDB  DEFAULT CHARSET=latin1 AUTO_INCREMENT=5 ;

--
-- Extraindo dados da tabela `observacoes_status`
--

INSERT INTO `observacoes_status` (`codigo`, `nome`) VALUES
(1, 'Em andamento'),
(2, 'Aceita'),
(3, 'Negada'),
(4, 'Finalização forçada');

-- --------------------------------------------------------

--
-- Estrutura da tabela `observacoes_tipo`
--

CREATE TABLE IF NOT EXISTS `observacoes_tipo` (
  `codigo` int(11) NOT NULL AUTO_INCREMENT,
  `tipo` varchar(100) NOT NULL,
  PRIMARY KEY (`codigo`)
) ENGINE=InnoDB  DEFAULT CHARSET=latin1 AUTO_INCREMENT=4 ;

--
-- Extraindo dados da tabela `observacoes_tipo`
--

INSERT INTO `observacoes_tipo` (`codigo`, `tipo`) VALUES
(1, 'Finalização'),
(2, 'Extensão de Prazo'),
(3, 'Finalização Forçada');

-- --------------------------------------------------------

--
-- Estrutura da tabela `papel`
--

CREATE TABLE IF NOT EXISTS `papel` (
  `codigo` int(11) NOT NULL AUTO_INCREMENT,
  `nome` varchar(30) NOT NULL,
  PRIMARY KEY (`codigo`)
) ENGINE=InnoDB  DEFAULT CHARSET=latin1 AUTO_INCREMENT=4 ;

--
-- Extraindo dados da tabela `papel`
--

INSERT INTO `papel` (`codigo`, `nome`) VALUES
(1, 'Líder'),
(2, 'Participante'),
(3, 'Coordenador');

-- --------------------------------------------------------

--
-- Estrutura da tabela `perfil`
--

CREATE TABLE IF NOT EXISTS `perfil` (
  `codigo` int(11) NOT NULL AUTO_INCREMENT,
  `nome` varchar(30) NOT NULL,
  PRIMARY KEY (`codigo`)
) ENGINE=InnoDB  DEFAULT CHARSET=latin1 AUTO_INCREMENT=3 ;

--
-- Extraindo dados da tabela `perfil`
--

INSERT INTO `perfil` (`codigo`, `nome`) VALUES
(1, 'User'),
(2, 'Admin');

-- --------------------------------------------------------

--
-- Estrutura da tabela `projeto`
--

CREATE TABLE IF NOT EXISTS `projeto` (
  `codigo` int(11) NOT NULL AUTO_INCREMENT,
  `titulo` varchar(100) NOT NULL,
  `descricao` varchar(300) NOT NULL,
  `prioridade` int(11) NOT NULL,
  `data_inicio` date NOT NULL,
  `data_prazo` date NOT NULL,
  `data_fim` date DEFAULT NULL,
  `criado_por` int(11) NOT NULL,
  `codigo_status` int(11) NOT NULL,
  PRIMARY KEY (`codigo`)
) ENGINE=InnoDB  DEFAULT CHARSET=latin1 AUTO_INCREMENT=5 ;

--
-- Extraindo dados da tabela `projeto`
--

INSERT INTO `projeto` (`codigo`, `titulo`, `descricao`, `prioridade`, `data_inicio`, `data_prazo`, `data_fim`, `criado_por`, `codigo_status`) VALUES
(1, 'teste', 'teste desc', 3, '2016-02-09', '2016-02-18', NULL, 0, 1),
(2, 'huhuh', 'huhuuhu', 1, '2016-02-08', '2016-02-23', NULL, 0, 1),
(3, 'ftftft', 'ftftftt', 1, '2016-02-09', '2016-02-15', NULL, 0, 1),
(4, 'last', 'descl', 2, '2016-02-09', '2016-02-26', NULL, 0, 1);

-- --------------------------------------------------------

--
-- Estrutura da tabela `projeto_tarefa`
--

CREATE TABLE IF NOT EXISTS `projeto_tarefa` (
  `codigo` int(11) NOT NULL AUTO_INCREMENT,
  `codigo_projeto` int(11) NOT NULL,
  `codigo_tarefa` int(11) NOT NULL,
  PRIMARY KEY (`codigo`)
) ENGINE=InnoDB DEFAULT CHARSET=latin1 AUTO_INCREMENT=1 ;

-- --------------------------------------------------------

--
-- Estrutura da tabela `status`
--

CREATE TABLE IF NOT EXISTS `status` (
  `codigo` int(11) NOT NULL,
  `nome` varchar(30) NOT NULL,
  PRIMARY KEY (`codigo`)
) ENGINE=InnoDB DEFAULT CHARSET=latin1;

--
-- Extraindo dados da tabela `status`
--

INSERT INTO `status` (`codigo`, `nome`) VALUES
(0, 'Desativado'),
(1, 'Ativado');

-- --------------------------------------------------------

--
-- Estrutura da tabela `tarefa`
--

CREATE TABLE IF NOT EXISTS `tarefa` (
  `codigo` int(11) NOT NULL AUTO_INCREMENT,
  `titulo` varchar(100) NOT NULL,
  `descricao` varchar(300) NOT NULL,
  `prioridade` int(1) NOT NULL,
  `data_inicio` date NOT NULL,
  `data_prazo` date NOT NULL,
  `data_fim` date DEFAULT NULL,
  `encerrada` tinyint(4) DEFAULT NULL,
  `encerrada_por` int(11) DEFAULT NULL,
  `criado_por` int(11) NOT NULL,
  `codigo_projeto` int(11) NOT NULL,
  `codigo_usuario` int(11) NOT NULL,
  `codigo_status` int(11) NOT NULL,
  PRIMARY KEY (`codigo`)
) ENGINE=InnoDB  DEFAULT CHARSET=latin1 AUTO_INCREMENT=3 ;

--
-- Extraindo dados da tabela `tarefa`
--

INSERT INTO `tarefa` (`codigo`, `titulo`, `descricao`, `prioridade`, `data_inicio`, `data_prazo`, `data_fim`, `encerrada`, `encerrada_por`, `criado_por`, `codigo_projeto`, `codigo_usuario`, `codigo_status`) VALUES
(1, 'tarrefa marcui', 'tesdec', 2, '2016-02-10', '2016-02-12', NULL, NULL, NULL, 6, 1, 5, 1),
(2, 'Hhh hhhh', 'hhh', 2, '2016-02-10', '2016-02-13', NULL, NULL, NULL, 0, 4, 5, 1);

-- --------------------------------------------------------

--
-- Estrutura da tabela `tarefa_observacoes`
--

CREATE TABLE IF NOT EXISTS `tarefa_observacoes` (
  `codigo` int(11) NOT NULL AUTO_INCREMENT,
  `observacao` varchar(500) NOT NULL,
  `data_criada` date NOT NULL,
  `codigo_tipo` int(11) NOT NULL,
  `codigo_status_obs` int(11) DEFAULT NULL,
  `codigo_tarefa` int(11) NOT NULL,
  `inserido_por` int(11) NOT NULL,
  PRIMARY KEY (`codigo`)
) ENGINE=InnoDB DEFAULT CHARSET=latin1 AUTO_INCREMENT=1 ;

-- --------------------------------------------------------

--
-- Estrutura da tabela `usuario`
--

CREATE TABLE IF NOT EXISTS `usuario` (
  `codigo` int(11) NOT NULL AUTO_INCREMENT,
  `login` varchar(15) NOT NULL,
  `senha` varchar(100) NOT NULL,
  `email` varchar(100) NOT NULL,
  `nome` varchar(30) NOT NULL,
  `sobrenome` varchar(30) NOT NULL,
  `data_nascimento` date NOT NULL,
  `arquivo_avatar` varchar(200) NOT NULL,
  `data_criado` date NOT NULL,
  `codigo_funcao` int(11) NOT NULL,
  `codigo_perfil` int(11) NOT NULL,
  `codigo_status` int(11) NOT NULL,
  PRIMARY KEY (`codigo`)
) ENGINE=InnoDB  DEFAULT CHARSET=latin1 AUTO_INCREMENT=12 ;

--
-- Extraindo dados da tabela `usuario`
--

INSERT INTO `usuario` (`codigo`, `login`, `senha`, `email`, `nome`, `sobrenome`, `data_nascimento`, `arquivo_avatar`, `data_criado`, `codigo_funcao`, `codigo_perfil`, `codigo_status`) VALUES
(4, 'igor', '7c67e713a4b4139702de1a4fac672344', 'igorcha@secom.pa.gov.br', 'Igor', 'Cha', '2001-01-01', 'igor-avatar.jpg', '2015-12-17', 4, 1, 1),
(5, 'mlp', '7c67e713a4b4139702de1a4fac672344', 'marciopassosbel@gmail.com', 'Márcio', 'Passos', '1981-04-13', 'avatar3.jpg', '2015-12-17', 3, 2, 1),
(6, 'neneto', '7c67e713a4b4139702de1a4fac672344', 'antonioneto@secom.pa.gov.br', 'Antonio', 'Neto', '2001-01-01', 'neneto.jpg', '2015-12-17', 1, 2, 1),
(7, 'joao', '7c67e713a4b4139702de1a4fac672344', 'joaolemos@secom.pa.gov.br', 'João', 'Lemos', '2010-10-10', 'joao.jpg', '2015-12-17', 4, 1, 1),
(8, 'vini', '7c67e713a4b4139702de1a4fac672344', 'viniciusmonteiro@secom.pa.gov.br', 'Vinicius', 'Monteiro', '2002-02-20', 'vinicius.jpg', '2015-12-17', 2, 1, 1),
(9, 'italo', '7c67e713a4b4139702de1a4fac672344', 'italo.torres@secom.pa.gov.br', 'Ítalo', 'Torres', '1990-11-11', 'italo.jpg', '2015-12-17', 2, 1, 1),
(10, 'pet', '7c67e713a4b4139702de1a4fac672344', 'pettersonfariassecom@gmail.com', 'Petterson', 'Farias', '1993-12-12', 'pet.jpg', '2015-12-17', 2, 1, 1),
(11, 'carolina', '7c67e713a4b4139702de1a4fac672344', 'carolinaventurini@icloud.com', 'Carolina', 'Venturini Passos', '2005-09-05', '12113508_10204682176965630_8757563117268102190_o.jpg', '2015-12-23', 2, 2, 1);

-- --------------------------------------------------------

--
-- Estrutura da tabela `usuario_acesso`
--

CREATE TABLE IF NOT EXISTS `usuario_acesso` (
  `codigo` int(11) NOT NULL AUTO_INCREMENT,
  `codigo_usuario` int(11) NOT NULL,
  `data_acesso` timestamp NOT NULL DEFAULT CURRENT_TIMESTAMP,
  PRIMARY KEY (`codigo`)
) ENGINE=InnoDB DEFAULT CHARSET=latin1 AUTO_INCREMENT=1 ;

-- --------------------------------------------------------

--
-- Estrutura da tabela `usuario_funcao`
--

CREATE TABLE IF NOT EXISTS `usuario_funcao` (
  `codigo` int(11) NOT NULL AUTO_INCREMENT,
  `titulo` varchar(100) NOT NULL,
  PRIMARY KEY (`codigo`)
) ENGINE=InnoDB  DEFAULT CHARSET=latin1 AUTO_INCREMENT=6 ;

--
-- Extraindo dados da tabela `usuario_funcao`
--

INSERT INTO `usuario_funcao` (`codigo`, `titulo`) VALUES
(1, 'Diretor'),
(2, 'Assessor de Comunicação'),
(3, 'Analista de Sistemas'),
(4, 'Designer Gráfico'),
(5, 'Estagiário');

-- --------------------------------------------------------

--
-- Estrutura da tabela `usuario_projeto`
--

CREATE TABLE IF NOT EXISTS `usuario_projeto` (
  `codigo` int(11) NOT NULL AUTO_INCREMENT,
  `codigo_usuario` int(11) NOT NULL,
  `codigo_projeto` int(11) NOT NULL,
  `codigo_papel` int(11) NOT NULL,
  PRIMARY KEY (`codigo`)
) ENGINE=InnoDB  DEFAULT CHARSET=latin1 AUTO_INCREMENT=40 ;

--
-- Extraindo dados da tabela `usuario_projeto`
--

INSERT INTO `usuario_projeto` (`codigo`, `codigo_usuario`, `codigo_projeto`, `codigo_papel`) VALUES
(5, 4, 1, 2),
(6, 5, 1, 2),
(11, 4, 2, 2),
(12, 5, 2, 2),
(17, 5, 3, 2),
(35, 4, 4, 2),
(36, 5, 4, 2),
(37, 7, 4, 2),
(38, 8, 4, 2),
(39, 6, 4, 1);

-- --------------------------------------------------------

--
-- Estrutura da tabela `usuario_tarefa`
--

CREATE TABLE IF NOT EXISTS `usuario_tarefa` (
  `codigo` int(11) NOT NULL AUTO_INCREMENT,
  `codigo_usuario` int(11) NOT NULL,
  `codigo_tarefa` int(11) NOT NULL,
  `codigo_papel` int(11) NOT NULL,
  PRIMARY KEY (`codigo`)
) ENGINE=InnoDB DEFAULT CHARSET=latin1 AUTO_INCREMENT=1 ;

/*!40101 SET CHARACTER_SET_CLIENT=@OLD_CHARACTER_SET_CLIENT */;
/*!40101 SET CHARACTER_SET_RESULTS=@OLD_CHARACTER_SET_RESULTS */;
/*!40101 SET COLLATION_CONNECTION=@OLD_COLLATION_CONNECTION */;
