-- phpMyAdmin SQL Dump
-- version 4.4.12
-- http://www.phpmyadmin.net
--
-- Host: localhost
-- Generation Time: 19-Fev-2016 às 18:16
-- Versão do servidor: 5.6.25
-- PHP Version: 5.6.11

SET SQL_MODE = "NO_AUTO_VALUE_ON_ZERO";
SET time_zone = "+00:00";


/*!40101 SET @OLD_CHARACTER_SET_CLIENT=@@CHARACTER_SET_CLIENT */;
/*!40101 SET @OLD_CHARACTER_SET_RESULTS=@@CHARACTER_SET_RESULTS */;
/*!40101 SET @OLD_COLLATION_CONNECTION=@@COLLATION_CONNECTION */;
/*!40101 SET NAMES utf8 */;

--
-- Database: `demandou-prod`
--

-- --------------------------------------------------------

--
-- Estrutura da tabela `ci_sessions`
--

CREATE TABLE IF NOT EXISTS `ci_sessions` (
  `id` varchar(40) NOT NULL,
  `ip_address` varchar(45) NOT NULL,
  `timestamp` int(10) unsigned NOT NULL DEFAULT '0',
  `data` blob NOT NULL
) ENGINE=InnoDB DEFAULT CHARSET=latin1;

--
-- Extraindo dados da tabela `ci_sessions`
--

INSERT INTO `ci_sessions` (`id`, `ip_address`, `timestamp`, `data`) VALUES
('03558d4a174a7c406999972aaa598a4deb628ade', '::1', 1455817910, 0x5f5f63695f6c6173745f726567656e65726174657c693a313435353831373631363b636f6469676f5f7573756172696f7c733a313a2236223b6c6f67696e7c733a363a226e656e65746f223b6e6f6d657c733a373a22416e746f6e696f223b736f6272656e6f6d657c733a343a224e65746f223b636f6469676f5f70657266696c7c733a313a2232223b636f6469676f5f7374617475737c733a313a2231223b6172717569766f5f6176617461727c733a31303a226e656e65746f2e6a7067223b6c6f6761646f7c623a313b676572656e636961725f70726f6a65746f2d317c613a313a7b733a31343a22636f6469676f5f70726f6a65746f223b733a313a2231223b7d676572656e636961725f746172656661732d317c613a313a7b733a31343a22636f6469676f5f70726f6a65746f223b733a313a2231223b7d676572656e636961725f70726f6a65746f2d327c613a313a7b733a31343a22636f6469676f5f70726f6a65746f223b733a313a2232223b7d676572656e636961725f746172656661732d327c613a313a7b733a31343a22636f6469676f5f70726f6a65746f223b733a313a2232223b7d),
('05415b440116d7742ee2585e506eff7c37a0088d', '::1', 1455715743, 0x5f5f63695f6c6173745f726567656e65726174657c693a313435353731353538383b636f6469676f5f7573756172696f7c733a313a2236223b6c6f67696e7c733a363a226e656e65746f223b6e6f6d657c733a373a22416e746f6e696f223b736f6272656e6f6d657c733a343a224e65746f223b636f6469676f5f70657266696c7c733a313a2232223b636f6469676f5f7374617475737c733a313a2231223b6172717569766f5f6176617461727c733a31303a226e656e65746f2e6a7067223b6c6f6761646f7c623a313b676572656e636961725f70726f6a65746f2d317c613a313a7b733a31343a22636f6469676f5f70726f6a65746f223b733a313a2231223b7d676572656e636961725f746172656661732d317c613a313a7b733a31343a22636f6469676f5f70726f6a65746f223b733a313a2231223b7d676572656e636961725f70726f6a65746f2d337c613a313a7b733a31343a22636f6469676f5f70726f6a65746f223b733a313a2233223b7d676572656e636961725f746172656661732d337c613a313a7b733a31343a22636f6469676f5f70726f6a65746f223b733a313a2233223b7d676572656e636961725f70726f6a65746f2d327c613a313a7b733a31343a22636f6469676f5f70726f6a65746f223b733a313a2232223b7d676572656e636961725f746172656661732d327c613a313a7b733a31343a22636f6469676f5f70726f6a65746f223b733a313a2232223b7d),
('060037a01e33a413a7c8f6612d971441582ca95e', '::1', 1455894566, 0x5f5f63695f6c6173745f726567656e65726174657c693a313435353839343436363b636f6469676f5f7573756172696f7c733a323a223135223b6c6f67696e7c733a353a226c75697a61223b6e6f6d657c733a353a224c75697a61223b736f6272656e6f6d657c733a383a22436f7574696e686f223b636f6469676f5f70657266696c7c733a313a2231223b636f6469676f5f7374617475737c733a313a2231223b6172717569766f5f6176617461727c733a31303a226c75697a61322e6a7067223b6c6f6761646f7c623a313b676572656e636961725f70726f6a65746f2d377c613a313a7b733a31343a22636f6469676f5f70726f6a65746f223b733a313a2237223b7d676572656e636961725f746172656661732d377c613a313a7b733a31343a22636f6469676f5f70726f6a65746f223b733a313a2237223b7d),
('094b606fb76360a9435482e4b49c22438ceff137', '::1', 1455821325, 0x5f5f63695f6c6173745f726567656e65726174657c693a313435353832313032363b636f6469676f5f7573756172696f7c733a313a2236223b6c6f67696e7c733a363a226e656e65746f223b6e6f6d657c733a373a22416e746f6e696f223b736f6272656e6f6d657c733a343a224e65746f223b636f6469676f5f70657266696c7c733a313a2232223b636f6469676f5f7374617475737c733a313a2231223b6172717569766f5f6176617461727c733a31303a226e656e65746f2e6a7067223b6c6f6761646f7c623a313b676572656e636961725f70726f6a65746f2d317c613a313a7b733a31343a22636f6469676f5f70726f6a65746f223b733a313a2231223b7d676572656e636961725f746172656661732d317c613a313a7b733a31343a22636f6469676f5f70726f6a65746f223b733a313a2231223b7d676572656e636961725f70726f6a65746f2d327c613a313a7b733a31343a22636f6469676f5f70726f6a65746f223b733a313a2232223b7d676572656e636961725f746172656661732d327c613a313a7b733a31343a22636f6469676f5f70726f6a65746f223b733a313a2232223b7d676572656e636961725f70726f6a65746f2d337c613a313a7b733a31343a22636f6469676f5f70726f6a65746f223b733a313a2233223b7d676572656e636961725f746172656661732d337c613a313a7b733a31343a22636f6469676f5f70726f6a65746f223b733a313a2233223b7d),
('0b50b9ce00b2294fc0526b4fdb6dcce0c1a31b14', '::1', 1455819518, 0x5f5f63695f6c6173745f726567656e65726174657c693a313435353831393239313b636f6469676f5f7573756172696f7c733a313a2236223b6c6f67696e7c733a363a226e656e65746f223b6e6f6d657c733a373a22416e746f6e696f223b736f6272656e6f6d657c733a343a224e65746f223b636f6469676f5f70657266696c7c733a313a2232223b636f6469676f5f7374617475737c733a313a2231223b6172717569766f5f6176617461727c733a31303a226e656e65746f2e6a7067223b6c6f6761646f7c623a313b676572656e636961725f70726f6a65746f2d317c613a313a7b733a31343a22636f6469676f5f70726f6a65746f223b733a313a2231223b7d676572656e636961725f746172656661732d317c613a313a7b733a31343a22636f6469676f5f70726f6a65746f223b733a313a2231223b7d676572656e636961725f70726f6a65746f2d327c613a313a7b733a31343a22636f6469676f5f70726f6a65746f223b733a313a2232223b7d676572656e636961725f746172656661732d327c613a313a7b733a31343a22636f6469676f5f70726f6a65746f223b733a313a2232223b7d676572656e636961725f70726f6a65746f2d337c613a313a7b733a31343a22636f6469676f5f70726f6a65746f223b733a313a2233223b7d676572656e636961725f746172656661732d337c613a313a7b733a31343a22636f6469676f5f70726f6a65746f223b733a313a2233223b7d),
('13dd5b3a962b8ff89749331ddb682cd6dd09db4f', '::1', 1455799770, 0x5f5f63695f6c6173745f726567656e65726174657c693a313435353739393437323b636f6469676f5f7573756172696f7c733a313a2236223b6c6f67696e7c733a363a226e656e65746f223b6e6f6d657c733a373a22416e746f6e696f223b736f6272656e6f6d657c733a343a224e65746f223b636f6469676f5f70657266696c7c733a313a2232223b636f6469676f5f7374617475737c733a313a2231223b6172717569766f5f6176617461727c733a31303a226e656e65746f2e6a7067223b6c6f6761646f7c623a313b676572656e636961725f70726f6a65746f2d317c613a313a7b733a31343a22636f6469676f5f70726f6a65746f223b733a313a2231223b7d676572656e636961725f746172656661732d317c613a313a7b733a31343a22636f6469676f5f70726f6a65746f223b733a313a2231223b7d676572656e636961725f70726f6a65746f2d367c613a313a7b733a31343a22636f6469676f5f70726f6a65746f223b733a313a2236223b7d676572656e636961725f746172656661732d367c613a313a7b733a31343a22636f6469676f5f70726f6a65746f223b733a313a2236223b7d676572656e636961725f70726f6a65746f2d357c613a313a7b733a31343a22636f6469676f5f70726f6a65746f223b733a313a2235223b7d676572656e636961725f746172656661732d357c613a313a7b733a31343a22636f6469676f5f70726f6a65746f223b733a313a2235223b7d676572656e636961725f70726f6a65746f2d387c613a313a7b733a31343a22636f6469676f5f70726f6a65746f223b733a313a2238223b7d676572656e636961725f746172656661732d387c613a313a7b733a31343a22636f6469676f5f70726f6a65746f223b733a313a2238223b7d676572656e636961725f70726f6a65746f2d347c613a313a7b733a31343a22636f6469676f5f70726f6a65746f223b733a313a2234223b7d676572656e636961725f746172656661732d347c613a313a7b733a31343a22636f6469676f5f70726f6a65746f223b733a313a2234223b7d676572656e636961725f70726f6a65746f2d337c613a313a7b733a31343a22636f6469676f5f70726f6a65746f223b733a313a2233223b7d676572656e636961725f746172656661732d337c613a313a7b733a31343a22636f6469676f5f70726f6a65746f223b733a313a2233223b7d676572656e636961725f70726f6a65746f2d397c613a313a7b733a31343a22636f6469676f5f70726f6a65746f223b733a313a2239223b7d676572656e636961725f746172656661732d397c613a313a7b733a31343a22636f6469676f5f70726f6a65746f223b733a313a2239223b7d676572656e636961725f70726f6a65746f2d327c613a313a7b733a31343a22636f6469676f5f70726f6a65746f223b733a313a2232223b7d676572656e636961725f746172656661732d327c613a313a7b733a31343a22636f6469676f5f70726f6a65746f223b733a313a2232223b7d),
('13ebacd70feed309724be2e17a2a6bd34485d230', '::1', 1455817567, 0x5f5f63695f6c6173745f726567656e65726174657c693a313435353831373331333b636f6469676f5f7573756172696f7c733a313a2236223b6c6f67696e7c733a363a226e656e65746f223b6e6f6d657c733a373a22416e746f6e696f223b736f6272656e6f6d657c733a343a224e65746f223b636f6469676f5f70657266696c7c733a313a2232223b636f6469676f5f7374617475737c733a313a2231223b6172717569766f5f6176617461727c733a31303a226e656e65746f2e6a7067223b6c6f6761646f7c623a313b676572656e636961725f70726f6a65746f2d317c613a313a7b733a31343a22636f6469676f5f70726f6a65746f223b733a313a2231223b7d676572656e636961725f746172656661732d317c613a313a7b733a31343a22636f6469676f5f70726f6a65746f223b733a313a2231223b7d676572656e636961725f70726f6a65746f2d327c613a313a7b733a31343a22636f6469676f5f70726f6a65746f223b733a313a2232223b7d676572656e636961725f746172656661732d327c613a313a7b733a31343a22636f6469676f5f70726f6a65746f223b733a313a2232223b7d),
('16aba3e6e34d70d3956ee838bc435ffe22b6ae48', '::1', 1455802801, 0x5f5f63695f6c6173745f726567656e65726174657c693a313435353830323739373b636f6469676f5f7573756172696f7c733a313a2236223b6c6f67696e7c733a363a226e656e65746f223b6e6f6d657c733a373a22416e746f6e696f223b736f6272656e6f6d657c733a343a224e65746f223b636f6469676f5f70657266696c7c733a313a2232223b636f6469676f5f7374617475737c733a313a2231223b6172717569766f5f6176617461727c733a31303a226e656e65746f2e6a7067223b6c6f6761646f7c623a313b676572656e636961725f70726f6a65746f2d317c613a313a7b733a31343a22636f6469676f5f70726f6a65746f223b733a313a2231223b7d676572656e636961725f746172656661732d317c613a313a7b733a31343a22636f6469676f5f70726f6a65746f223b733a313a2231223b7d),
('1932c33781895d312bfb40d34d889e7debfe9b54', '::1', 1455821474, 0x5f5f63695f6c6173745f726567656e65726174657c693a313435353832313334373b636f6469676f5f7573756172696f7c733a313a2236223b6c6f67696e7c733a363a226e656e65746f223b6e6f6d657c733a373a22416e746f6e696f223b736f6272656e6f6d657c733a343a224e65746f223b636f6469676f5f70657266696c7c733a313a2232223b636f6469676f5f7374617475737c733a313a2231223b6172717569766f5f6176617461727c733a31303a226e656e65746f2e6a7067223b6c6f6761646f7c623a313b676572656e636961725f70726f6a65746f2d317c613a313a7b733a31343a22636f6469676f5f70726f6a65746f223b733a313a2231223b7d676572656e636961725f746172656661732d317c613a313a7b733a31343a22636f6469676f5f70726f6a65746f223b733a313a2231223b7d676572656e636961725f70726f6a65746f2d327c613a313a7b733a31343a22636f6469676f5f70726f6a65746f223b733a313a2232223b7d676572656e636961725f746172656661732d327c613a313a7b733a31343a22636f6469676f5f70726f6a65746f223b733a313a2232223b7d676572656e636961725f70726f6a65746f2d337c613a313a7b733a31343a22636f6469676f5f70726f6a65746f223b733a313a2233223b7d676572656e636961725f746172656661732d337c613a313a7b733a31343a22636f6469676f5f70726f6a65746f223b733a313a2233223b7d676572656e636961725f70726f6a65746f2d347c613a313a7b733a31343a22636f6469676f5f70726f6a65746f223b733a313a2234223b7d676572656e636961725f746172656661732d347c613a313a7b733a31343a22636f6469676f5f70726f6a65746f223b733a313a2234223b7d),
('194f21cb09645c9cf5b5e5d1b6425f92d6051211', '::1', 1455645376, 0x5f5f63695f6c6173745f726567656e65726174657c693a313435353634353132383b636f6469676f5f7573756172696f7c733a313a2236223b6c6f67696e7c733a363a226e656e65746f223b6e6f6d657c733a373a22416e746f6e696f223b736f6272656e6f6d657c733a343a224e65746f223b636f6469676f5f70657266696c7c733a313a2232223b636f6469676f5f7374617475737c733a313a2231223b6172717569766f5f6176617461727c733a31303a226e656e65746f2e6a7067223b6c6f6761646f7c623a313b676572656e636961725f70726f6a65746f2d317c613a313a7b733a31343a22636f6469676f5f70726f6a65746f223b733a313a2231223b7d676572656e636961725f746172656661732d317c613a313a7b733a31343a22636f6469676f5f70726f6a65746f223b733a313a2231223b7d676572656e636961725f70726f6a65746f2d337c613a313a7b733a31343a22636f6469676f5f70726f6a65746f223b733a313a2233223b7d676572656e636961725f746172656661732d337c613a313a7b733a31343a22636f6469676f5f70726f6a65746f223b733a313a2233223b7d676572656e636961725f70726f6a65746f2d327c613a313a7b733a31343a22636f6469676f5f70726f6a65746f223b733a313a2232223b7d676572656e636961725f746172656661732d327c613a313a7b733a31343a22636f6469676f5f70726f6a65746f223b733a313a2232223b7d),
('1acc7779cfca0e0093524ab653e0bf6e6d70fba0', '::1', 1455639563, 0x5f5f63695f6c6173745f726567656e65726174657c693a313435353633393431393b636f6469676f5f7573756172696f7c733a313a2236223b6c6f67696e7c733a363a226e656e65746f223b6e6f6d657c733a373a22416e746f6e696f223b736f6272656e6f6d657c733a343a224e65746f223b636f6469676f5f70657266696c7c733a313a2232223b636f6469676f5f7374617475737c733a313a2231223b6172717569766f5f6176617461727c733a31303a226e656e65746f2e6a7067223b6c6f6761646f7c623a313b676572656e636961725f70726f6a65746f2d317c613a313a7b733a31343a22636f6469676f5f70726f6a65746f223b733a313a2231223b7d676572656e636961725f746172656661732d317c613a313a7b733a31343a22636f6469676f5f70726f6a65746f223b733a313a2231223b7d676572656e636961725f70726f6a65746f2d337c613a313a7b733a31343a22636f6469676f5f70726f6a65746f223b733a313a2233223b7d676572656e636961725f746172656661732d337c613a313a7b733a31343a22636f6469676f5f70726f6a65746f223b733a313a2233223b7d676572656e636961725f70726f6a65746f2d327c613a313a7b733a31343a22636f6469676f5f70726f6a65746f223b733a313a2232223b7d676572656e636961725f746172656661732d327c613a313a7b733a31343a22636f6469676f5f70726f6a65746f223b733a313a2232223b7d),
('1fff29f3076d1b644e407132ae3d685c52334844', '::1', 1455800016, 0x5f5f63695f6c6173745f726567656e65726174657c693a313435353739393938383b636f6469676f5f7573756172696f7c733a313a2236223b6c6f67696e7c733a363a226e656e65746f223b6e6f6d657c733a373a22416e746f6e696f223b736f6272656e6f6d657c733a343a224e65746f223b636f6469676f5f70657266696c7c733a313a2232223b636f6469676f5f7374617475737c733a313a2231223b6172717569766f5f6176617461727c733a31303a226e656e65746f2e6a7067223b6c6f6761646f7c623a313b676572656e636961725f70726f6a65746f2d317c613a313a7b733a31343a22636f6469676f5f70726f6a65746f223b733a313a2231223b7d676572656e636961725f746172656661732d317c613a313a7b733a31343a22636f6469676f5f70726f6a65746f223b733a313a2231223b7d),
('2357d49ba9f7f6275b348d584e4f8e8a46f94575', '::1', 1455816769, 0x5f5f63695f6c6173745f726567656e65726174657c693a313435353831363630343b636f6469676f5f7573756172696f7c733a313a2236223b6c6f67696e7c733a363a226e656e65746f223b6e6f6d657c733a373a22416e746f6e696f223b736f6272656e6f6d657c733a343a224e65746f223b636f6469676f5f70657266696c7c733a313a2232223b636f6469676f5f7374617475737c733a313a2231223b6172717569766f5f6176617461727c733a31303a226e656e65746f2e6a7067223b6c6f6761646f7c623a313b676572656e636961725f70726f6a65746f2d317c613a313a7b733a31343a22636f6469676f5f70726f6a65746f223b733a313a2231223b7d676572656e636961725f746172656661732d317c613a313a7b733a31343a22636f6469676f5f70726f6a65746f223b733a313a2231223b7d676572656e636961725f70726f6a65746f2d327c613a313a7b733a31343a22636f6469676f5f70726f6a65746f223b733a313a2232223b7d676572656e636961725f746172656661732d327c613a313a7b733a31343a22636f6469676f5f70726f6a65746f223b733a313a2232223b7d),
('25ca06a421afdc9ac3657dc6f27f0264e72f9fb4', '::1', 1455729700, 0x5f5f63695f6c6173745f726567656e65726174657c693a313435353732393730303b636f6469676f5f7573756172696f7c733a313a2236223b6c6f67696e7c733a363a226e656e65746f223b6e6f6d657c733a373a22416e746f6e696f223b736f6272656e6f6d657c733a343a224e65746f223b636f6469676f5f70657266696c7c733a313a2232223b636f6469676f5f7374617475737c733a313a2231223b6172717569766f5f6176617461727c733a31303a226e656e65746f2e6a7067223b6c6f6761646f7c623a313b),
('2c4ab2d37dbe41712c4c518067bf28673698a015', '::1', 1455815122, 0x5f5f63695f6c6173745f726567656e65726174657c693a313435353831343832353b636f6469676f5f7573756172696f7c733a313a2236223b6c6f67696e7c733a363a226e656e65746f223b6e6f6d657c733a373a22416e746f6e696f223b736f6272656e6f6d657c733a343a224e65746f223b636f6469676f5f70657266696c7c733a313a2232223b636f6469676f5f7374617475737c733a313a2231223b6172717569766f5f6176617461727c733a31303a226e656e65746f2e6a7067223b6c6f6761646f7c623a313b676572656e636961725f70726f6a65746f2d317c613a313a7b733a31343a22636f6469676f5f70726f6a65746f223b733a313a2231223b7d676572656e636961725f746172656661732d317c613a313a7b733a31343a22636f6469676f5f70726f6a65746f223b733a313a2231223b7d61646963696f6e61725f616f5f70726f6a65746f7c613a313a7b733a31343a22636f6469676f5f70726f6a65746f223b733a313a2231223b7d5f5f63695f766172737c613a313a7b733a32303a2261646963696f6e61725f616f5f70726f6a65746f223b733a333a226e6577223b7d),
('2cbce6d32253ca9d4907eb95cedb0b77c117cb15', '::1', 1455817218, 0x5f5f63695f6c6173745f726567656e65726174657c693a313435353831363938373b636f6469676f5f7573756172696f7c733a313a2236223b6c6f67696e7c733a363a226e656e65746f223b6e6f6d657c733a373a22416e746f6e696f223b736f6272656e6f6d657c733a343a224e65746f223b636f6469676f5f70657266696c7c733a313a2232223b636f6469676f5f7374617475737c733a313a2231223b6172717569766f5f6176617461727c733a31303a226e656e65746f2e6a7067223b6c6f6761646f7c623a313b676572656e636961725f70726f6a65746f2d317c613a313a7b733a31343a22636f6469676f5f70726f6a65746f223b733a313a2231223b7d676572656e636961725f746172656661732d317c613a313a7b733a31343a22636f6469676f5f70726f6a65746f223b733a313a2231223b7d676572656e636961725f70726f6a65746f2d327c613a313a7b733a31343a22636f6469676f5f70726f6a65746f223b733a313a2232223b7d676572656e636961725f746172656661732d327c613a313a7b733a31343a22636f6469676f5f70726f6a65746f223b733a313a2232223b7d),
('2f19efbaf53d7a225b5d4d427ccdef2e4124f1f9', '::1', 1455816380, 0x5f5f63695f6c6173745f726567656e65726174657c693a313435353831363236313b636f6469676f5f7573756172696f7c733a313a2236223b6c6f67696e7c733a363a226e656e65746f223b6e6f6d657c733a373a22416e746f6e696f223b736f6272656e6f6d657c733a343a224e65746f223b636f6469676f5f70657266696c7c733a313a2232223b636f6469676f5f7374617475737c733a313a2231223b6172717569766f5f6176617461727c733a31303a226e656e65746f2e6a7067223b6c6f6761646f7c623a313b676572656e636961725f70726f6a65746f2d317c613a313a7b733a31343a22636f6469676f5f70726f6a65746f223b733a313a2231223b7d676572656e636961725f746172656661732d317c613a313a7b733a31343a22636f6469676f5f70726f6a65746f223b733a313a2231223b7d676572656e636961725f70726f6a65746f2d327c613a313a7b733a31343a22636f6469676f5f70726f6a65746f223b733a313a2232223b7d676572656e636961725f746172656661732d327c613a313a7b733a31343a22636f6469676f5f70726f6a65746f223b733a313a2232223b7d),
('315276f7c70aee3a82d8e4217c0461d812dcd7b6', '::1', 1455650299, 0x5f5f63695f6c6173745f726567656e65726174657c693a313435353634393936353b636f6469676f5f7573756172696f7c733a313a2236223b6c6f67696e7c733a363a226e656e65746f223b6e6f6d657c733a373a22416e746f6e696f223b736f6272656e6f6d657c733a343a224e65746f223b636f6469676f5f70657266696c7c733a313a2232223b636f6469676f5f7374617475737c733a313a2231223b6172717569766f5f6176617461727c733a31303a226e656e65746f2e6a7067223b6c6f6761646f7c623a313b676572656e636961725f70726f6a65746f2d317c613a313a7b733a31343a22636f6469676f5f70726f6a65746f223b733a313a2231223b7d676572656e636961725f746172656661732d317c613a313a7b733a31343a22636f6469676f5f70726f6a65746f223b733a313a2231223b7d676572656e636961725f70726f6a65746f2d337c613a313a7b733a31343a22636f6469676f5f70726f6a65746f223b733a313a2233223b7d676572656e636961725f746172656661732d337c613a313a7b733a31343a22636f6469676f5f70726f6a65746f223b733a313a2233223b7d676572656e636961725f70726f6a65746f2d327c613a313a7b733a31343a22636f6469676f5f70726f6a65746f223b733a313a2232223b7d676572656e636961725f746172656661732d327c613a313a7b733a31343a22636f6469676f5f70726f6a65746f223b733a313a2232223b7d),
('43c315f0e921ef3f0909b86f185384564dfbc9c3', '::1', 1455713783, 0x5f5f63695f6c6173745f726567656e65726174657c693a313435353731333738303b636f6469676f5f7573756172696f7c733a313a2236223b6c6f67696e7c733a363a226e656e65746f223b6e6f6d657c733a373a22416e746f6e696f223b736f6272656e6f6d657c733a343a224e65746f223b636f6469676f5f70657266696c7c733a313a2232223b636f6469676f5f7374617475737c733a313a2231223b6172717569766f5f6176617461727c733a31303a226e656e65746f2e6a7067223b6c6f6761646f7c623a313b676572656e636961725f70726f6a65746f2d317c613a313a7b733a31343a22636f6469676f5f70726f6a65746f223b733a313a2231223b7d676572656e636961725f746172656661732d317c613a313a7b733a31343a22636f6469676f5f70726f6a65746f223b733a313a2231223b7d676572656e636961725f70726f6a65746f2d337c613a313a7b733a31343a22636f6469676f5f70726f6a65746f223b733a313a2233223b7d676572656e636961725f746172656661732d337c613a313a7b733a31343a22636f6469676f5f70726f6a65746f223b733a313a2233223b7d676572656e636961725f70726f6a65746f2d327c613a313a7b733a31343a22636f6469676f5f70726f6a65746f223b733a313a2232223b7d676572656e636961725f746172656661732d327c613a313a7b733a31343a22636f6469676f5f70726f6a65746f223b733a313a2232223b7d),
('484048164e5ae386f3f7be7ecfebba907f8fa6ba', '::1', 1455818707, 0x5f5f63695f6c6173745f726567656e65726174657c693a313435353831383538393b636f6469676f5f7573756172696f7c733a313a2236223b6c6f67696e7c733a363a226e656e65746f223b6e6f6d657c733a373a22416e746f6e696f223b736f6272656e6f6d657c733a343a224e65746f223b636f6469676f5f70657266696c7c733a313a2232223b636f6469676f5f7374617475737c733a313a2231223b6172717569766f5f6176617461727c733a31303a226e656e65746f2e6a7067223b6c6f6761646f7c623a313b676572656e636961725f70726f6a65746f2d317c613a313a7b733a31343a22636f6469676f5f70726f6a65746f223b733a313a2231223b7d676572656e636961725f746172656661732d317c613a313a7b733a31343a22636f6469676f5f70726f6a65746f223b733a313a2231223b7d676572656e636961725f70726f6a65746f2d327c613a313a7b733a31343a22636f6469676f5f70726f6a65746f223b733a313a2232223b7d676572656e636961725f746172656661732d327c613a313a7b733a31343a22636f6469676f5f70726f6a65746f223b733a313a2232223b7d676572656e636961725f70726f6a65746f2d337c613a313a7b733a31343a22636f6469676f5f70726f6a65746f223b733a313a2233223b7d676572656e636961725f746172656661732d337c613a313a7b733a31343a22636f6469676f5f70726f6a65746f223b733a313a2233223b7d),
('488779f2dd0e4a15600eaf1a693054d7c42edd4e', '::1', 1455716247, 0x5f5f63695f6c6173745f726567656e65726174657c693a313435353731363232373b636f6469676f5f7573756172696f7c733a313a2236223b6c6f67696e7c733a363a226e656e65746f223b6e6f6d657c733a373a22416e746f6e696f223b736f6272656e6f6d657c733a343a224e65746f223b636f6469676f5f70657266696c7c733a313a2232223b636f6469676f5f7374617475737c733a313a2231223b6172717569766f5f6176617461727c733a31303a226e656e65746f2e6a7067223b6c6f6761646f7c623a313b676572656e636961725f70726f6a65746f2d317c613a313a7b733a31343a22636f6469676f5f70726f6a65746f223b733a313a2231223b7d676572656e636961725f746172656661732d317c613a313a7b733a31343a22636f6469676f5f70726f6a65746f223b733a313a2231223b7d676572656e636961725f70726f6a65746f2d337c613a313a7b733a31343a22636f6469676f5f70726f6a65746f223b733a313a2233223b7d676572656e636961725f746172656661732d337c613a313a7b733a31343a22636f6469676f5f70726f6a65746f223b733a313a2233223b7d676572656e636961725f70726f6a65746f2d327c613a313a7b733a31343a22636f6469676f5f70726f6a65746f223b733a313a2232223b7d676572656e636961725f746172656661732d327c613a313a7b733a31343a22636f6469676f5f70726f6a65746f223b733a313a2232223b7d),
('4d772d859370cdb365dbf55c8859880473f2fe78', '::1', 1455734248, 0x5f5f63695f6c6173745f726567656e65726174657c693a313435353733333631393b636f6469676f5f7573756172696f7c733a313a2236223b6c6f67696e7c733a363a226e656e65746f223b6e6f6d657c733a373a22416e746f6e696f223b736f6272656e6f6d657c733a343a224e65746f223b636f6469676f5f70657266696c7c733a313a2232223b636f6469676f5f7374617475737c733a313a2231223b6172717569766f5f6176617461727c733a31303a226e656e65746f2e6a7067223b6c6f6761646f7c623a313b676572656e636961725f70726f6a65746f2d317c613a313a7b733a31343a22636f6469676f5f70726f6a65746f223b733a313a2231223b7d676572656e636961725f746172656661732d317c613a313a7b733a31343a22636f6469676f5f70726f6a65746f223b733a313a2231223b7d676572656e636961725f70726f6a65746f2d337c613a313a7b733a31343a22636f6469676f5f70726f6a65746f223b733a313a2233223b7d676572656e636961725f746172656661732d337c613a313a7b733a31343a22636f6469676f5f70726f6a65746f223b733a313a2233223b7d676572656e636961725f70726f6a65746f2d327c613a313a7b733a31343a22636f6469676f5f70726f6a65746f223b733a313a2232223b7d676572656e636961725f746172656661732d327c613a313a7b733a31343a22636f6469676f5f70726f6a65746f223b733a313a2232223b7d),
('50801233d5941282552bffaf8d8b36c0a9c4851e', '::1', 1455823525, 0x5f5f63695f6c6173745f726567656e65726174657c693a313435353832333237343b636f6469676f5f7573756172696f7c733a313a2235223b6c6f67696e7c733a333a226d6c70223b6e6f6d657c733a373a224dc3a17263696f223b736f6272656e6f6d657c733a363a22506173736f73223b636f6469676f5f70657266696c7c733a313a2232223b636f6469676f5f7374617475737c733a313a2231223b6172717569766f5f6176617461727c733a31313a22617661746172332e6a7067223b6c6f6761646f7c623a313b),
('52c634b8034bd8224ca10ad4a4e0c7258e1865ad', '10.108.2.1', 1455888977, 0x5f5f63695f6c6173745f726567656e65726174657c693a313435353838383937373b636f6469676f5f7573756172696f7c733a313a2236223b6c6f67696e7c733a363a226e656e65746f223b6e6f6d657c733a373a22416e746f6e696f223b736f6272656e6f6d657c733a343a224e65746f223b636f6469676f5f70657266696c7c733a313a2232223b636f6469676f5f7374617475737c733a313a2231223b6172717569766f5f6176617461727c733a31303a226e656e65746f2e6a7067223b6c6f6761646f7c623a313b676572656e636961725f70726f6a65746f2d317c613a313a7b733a31343a22636f6469676f5f70726f6a65746f223b733a313a2231223b7d676572656e636961725f746172656661732d317c613a313a7b733a31343a22636f6469676f5f70726f6a65746f223b733a313a2231223b7d676572656e636961725f70726f6a65746f2d377c613a313a7b733a31343a22636f6469676f5f70726f6a65746f223b733a313a2237223b7d676572656e636961725f746172656661732d377c613a313a7b733a31343a22636f6469676f5f70726f6a65746f223b733a313a2237223b7d676572656e636961725f70726f6a65746f2d327c613a313a7b733a31343a22636f6469676f5f70726f6a65746f223b733a313a2232223b7d676572656e636961725f746172656661732d327c613a313a7b733a31343a22636f6469676f5f70726f6a65746f223b733a313a2232223b7d676572656e636961725f70726f6a65746f2d367c613a313a7b733a31343a22636f6469676f5f70726f6a65746f223b733a313a2236223b7d676572656e636961725f746172656661732d367c613a313a7b733a31343a22636f6469676f5f70726f6a65746f223b733a313a2236223b7d676572656e636961725f70726f6a65746f2d357c613a313a7b733a31343a22636f6469676f5f70726f6a65746f223b733a313a2235223b7d676572656e636961725f746172656661732d357c613a313a7b733a31343a22636f6469676f5f70726f6a65746f223b733a313a2235223b7d),
('554a8cbcacfc5ca6838e4e9c85e8c62e93a63082', '::1', 1455822453, 0x5f5f63695f6c6173745f726567656e65726174657c693a313435353832323132323b636f6469676f5f7573756172696f7c733a313a2236223b6c6f67696e7c733a363a226e656e65746f223b6e6f6d657c733a373a22416e746f6e696f223b736f6272656e6f6d657c733a343a224e65746f223b636f6469676f5f70657266696c7c733a313a2232223b636f6469676f5f7374617475737c733a313a2231223b6172717569766f5f6176617461727c733a31303a226e656e65746f2e6a7067223b6c6f6761646f7c623a313b676572656e636961725f70726f6a65746f2d317c613a313a7b733a31343a22636f6469676f5f70726f6a65746f223b733a313a2231223b7d676572656e636961725f746172656661732d317c613a313a7b733a31343a22636f6469676f5f70726f6a65746f223b733a313a2231223b7d676572656e636961725f70726f6a65746f2d327c613a313a7b733a31343a22636f6469676f5f70726f6a65746f223b733a313a2232223b7d676572656e636961725f746172656661732d327c613a313a7b733a31343a22636f6469676f5f70726f6a65746f223b733a313a2232223b7d676572656e636961725f70726f6a65746f2d337c613a313a7b733a31343a22636f6469676f5f70726f6a65746f223b733a313a2233223b7d676572656e636961725f746172656661732d337c613a313a7b733a31343a22636f6469676f5f70726f6a65746f223b733a313a2233223b7d676572656e636961725f70726f6a65746f2d347c613a313a7b733a31343a22636f6469676f5f70726f6a65746f223b733a313a2234223b7d676572656e636961725f746172656661732d347c613a313a7b733a31343a22636f6469676f5f70726f6a65746f223b733a313a2234223b7d),
('56e9e5f9f36735afadb278d6025c88aae21d0fa7', '::1', 1455879390, 0x5f5f63695f6c6173745f726567656e65726174657c693a313435353837393334303b636f6469676f5f7573756172696f7c733a313a2236223b6c6f67696e7c733a363a226e656e65746f223b6e6f6d657c733a373a22416e746f6e696f223b736f6272656e6f6d657c733a343a224e65746f223b636f6469676f5f70657266696c7c733a313a2232223b636f6469676f5f7374617475737c733a313a2231223b6172717569766f5f6176617461727c733a31303a226e656e65746f2e6a7067223b6c6f6761646f7c623a313b676572656e636961725f70726f6a65746f2d317c613a313a7b733a31343a22636f6469676f5f70726f6a65746f223b733a313a2231223b7d676572656e636961725f746172656661732d317c613a313a7b733a31343a22636f6469676f5f70726f6a65746f223b733a313a2231223b7d676572656e636961725f70726f6a65746f2d327c613a313a7b733a31343a22636f6469676f5f70726f6a65746f223b733a313a2232223b7d676572656e636961725f746172656661732d327c613a313a7b733a31343a22636f6469676f5f70726f6a65746f223b733a313a2232223b7d676572656e636961725f70726f6a65746f2d367c613a313a7b733a31343a22636f6469676f5f70726f6a65746f223b733a313a2236223b7d676572656e636961725f746172656661732d367c613a313a7b733a31343a22636f6469676f5f70726f6a65746f223b733a313a2236223b7d676572656e636961725f70726f6a65746f2d357c613a313a7b733a31343a22636f6469676f5f70726f6a65746f223b733a313a2235223b7d676572656e636961725f746172656661732d357c613a313a7b733a31343a22636f6469676f5f70726f6a65746f223b733a313a2235223b7d),
('5832b7c9eb4f41d90b15a257e2033482769eb3eb', '::1', 1455647282, 0x5f5f63695f6c6173745f726567656e65726174657c693a313435353634353437383b636f6469676f5f7573756172696f7c733a313a2236223b6c6f67696e7c733a363a226e656e65746f223b6e6f6d657c733a373a22416e746f6e696f223b736f6272656e6f6d657c733a343a224e65746f223b636f6469676f5f70657266696c7c733a313a2232223b636f6469676f5f7374617475737c733a313a2231223b6172717569766f5f6176617461727c733a31303a226e656e65746f2e6a7067223b6c6f6761646f7c623a313b676572656e636961725f70726f6a65746f2d317c613a313a7b733a31343a22636f6469676f5f70726f6a65746f223b733a313a2231223b7d676572656e636961725f746172656661732d317c613a313a7b733a31343a22636f6469676f5f70726f6a65746f223b733a313a2231223b7d676572656e636961725f70726f6a65746f2d337c613a313a7b733a31343a22636f6469676f5f70726f6a65746f223b733a313a2233223b7d676572656e636961725f746172656661732d337c613a313a7b733a31343a22636f6469676f5f70726f6a65746f223b733a313a2233223b7d676572656e636961725f70726f6a65746f2d327c613a313a7b733a31343a22636f6469676f5f70726f6a65746f223b733a313a2232223b7d676572656e636961725f746172656661732d327c613a313a7b733a31343a22636f6469676f5f70726f6a65746f223b733a313a2232223b7d),
('59b3978b10d8fd408909ac5d0e3e9be267e1ace8', '::1', 1455712699, 0x5f5f63695f6c6173745f726567656e65726174657c693a313435353731323430393b636f6469676f5f7573756172696f7c733a313a2236223b6c6f67696e7c733a363a226e656e65746f223b6e6f6d657c733a373a22416e746f6e696f223b736f6272656e6f6d657c733a343a224e65746f223b636f6469676f5f70657266696c7c733a313a2232223b636f6469676f5f7374617475737c733a313a2231223b6172717569766f5f6176617461727c733a31303a226e656e65746f2e6a7067223b6c6f6761646f7c623a313b676572656e636961725f70726f6a65746f2d317c613a313a7b733a31343a22636f6469676f5f70726f6a65746f223b733a313a2231223b7d676572656e636961725f746172656661732d317c613a313a7b733a31343a22636f6469676f5f70726f6a65746f223b733a313a2231223b7d676572656e636961725f70726f6a65746f2d337c613a313a7b733a31343a22636f6469676f5f70726f6a65746f223b733a313a2233223b7d676572656e636961725f746172656661732d337c613a313a7b733a31343a22636f6469676f5f70726f6a65746f223b733a313a2233223b7d676572656e636961725f70726f6a65746f2d327c613a313a7b733a31343a22636f6469676f5f70726f6a65746f223b733a313a2232223b7d676572656e636961725f746172656661732d327c613a313a7b733a31343a22636f6469676f5f70726f6a65746f223b733a313a2232223b7d),
('5c29a8a17cfd21bbe412a39cc72de0c8702eb4e4', '::1', 1455651827, 0x5f5f63695f6c6173745f726567656e65726174657c693a313435353635313832373b),
('5e0d0837662889296c0f5246ae0675f1df024af9', '::1', 1455628119, 0x5f5f63695f6c6173745f726567656e65726174657c693a313435353632383131323b636f6469676f5f7573756172696f7c733a313a2236223b6c6f67696e7c733a363a226e656e65746f223b6e6f6d657c733a373a22416e746f6e696f223b736f6272656e6f6d657c733a343a224e65746f223b636f6469676f5f70657266696c7c733a313a2232223b636f6469676f5f7374617475737c733a313a2231223b6172717569766f5f6176617461727c733a31303a226e656e65746f2e6a7067223b6c6f6761646f7c623a313b676572656e636961725f70726f6a65746f2d317c613a313a7b733a31343a22636f6469676f5f70726f6a65746f223b733a313a2231223b7d676572656e636961725f746172656661732d317c613a313a7b733a31343a22636f6469676f5f70726f6a65746f223b733a313a2231223b7d676572656e636961725f70726f6a65746f2d337c613a313a7b733a31343a22636f6469676f5f70726f6a65746f223b733a313a2233223b7d676572656e636961725f746172656661732d337c613a313a7b733a31343a22636f6469676f5f70726f6a65746f223b733a313a2233223b7d676572656e636961725f70726f6a65746f2d327c613a313a7b733a31343a22636f6469676f5f70726f6a65746f223b733a313a2232223b7d676572656e636961725f746172656661732d327c613a313a7b733a31343a22636f6469676f5f70726f6a65746f223b733a313a2232223b7d),
('60958fa226813a2bc2b94cb967b2952db482f3e6', '10.108.2.39', 1455885801, 0x5f5f63695f6c6173745f726567656e65726174657c693a313435353838353830313b),
('6450fcb6fabae6e9e5efc6d7b4272817b07108ba', '::1', 1455818482, 0x5f5f63695f6c6173745f726567656e65726174657c693a313435353831383237313b636f6469676f5f7573756172696f7c733a313a2236223b6c6f67696e7c733a363a226e656e65746f223b6e6f6d657c733a373a22416e746f6e696f223b736f6272656e6f6d657c733a343a224e65746f223b636f6469676f5f70657266696c7c733a313a2232223b636f6469676f5f7374617475737c733a313a2231223b6172717569766f5f6176617461727c733a31303a226e656e65746f2e6a7067223b6c6f6761646f7c623a313b676572656e636961725f70726f6a65746f2d317c613a313a7b733a31343a22636f6469676f5f70726f6a65746f223b733a313a2231223b7d676572656e636961725f746172656661732d317c613a313a7b733a31343a22636f6469676f5f70726f6a65746f223b733a313a2231223b7d676572656e636961725f70726f6a65746f2d327c613a313a7b733a31343a22636f6469676f5f70726f6a65746f223b733a313a2232223b7d676572656e636961725f746172656661732d327c613a313a7b733a31343a22636f6469676f5f70726f6a65746f223b733a313a2232223b7d676572656e636961725f70726f6a65746f2d337c613a313a7b733a31343a22636f6469676f5f70726f6a65746f223b733a313a2233223b7d676572656e636961725f746172656661732d337c613a313a7b733a31343a22636f6469676f5f70726f6a65746f223b733a313a2233223b7d),
('6a1ee609040349203a42fa80fb1219e04599f5e5', '::1', 1455717325, 0x5f5f63695f6c6173745f726567656e65726174657c693a313435353731363533343b636f6469676f5f7573756172696f7c733a313a2236223b6c6f67696e7c733a363a226e656e65746f223b6e6f6d657c733a373a22416e746f6e696f223b736f6272656e6f6d657c733a343a224e65746f223b636f6469676f5f70657266696c7c733a313a2232223b636f6469676f5f7374617475737c733a313a2231223b6172717569766f5f6176617461727c733a31303a226e656e65746f2e6a7067223b6c6f6761646f7c623a313b676572656e636961725f70726f6a65746f2d317c613a313a7b733a31343a22636f6469676f5f70726f6a65746f223b733a313a2231223b7d676572656e636961725f746172656661732d317c613a313a7b733a31343a22636f6469676f5f70726f6a65746f223b733a313a2231223b7d676572656e636961725f70726f6a65746f2d337c613a313a7b733a31343a22636f6469676f5f70726f6a65746f223b733a313a2233223b7d676572656e636961725f746172656661732d337c613a313a7b733a31343a22636f6469676f5f70726f6a65746f223b733a313a2233223b7d676572656e636961725f70726f6a65746f2d327c613a313a7b733a31343a22636f6469676f5f70726f6a65746f223b733a313a2232223b7d676572656e636961725f746172656661732d327c613a313a7b733a31343a22636f6469676f5f70726f6a65746f223b733a313a2232223b7d),
('6db630091764a3bfd4d43afe57fdd5ed0c08654e', '::1', 1455647341, 0x5f5f63695f6c6173745f726567656e65726174657c693a313435353634373238343b636f6469676f5f7573756172696f7c733a313a2236223b6c6f67696e7c733a363a226e656e65746f223b6e6f6d657c733a373a22416e746f6e696f223b736f6272656e6f6d657c733a343a224e65746f223b636f6469676f5f70657266696c7c733a313a2232223b636f6469676f5f7374617475737c733a313a2231223b6172717569766f5f6176617461727c733a31303a226e656e65746f2e6a7067223b6c6f6761646f7c623a313b676572656e636961725f70726f6a65746f2d317c613a313a7b733a31343a22636f6469676f5f70726f6a65746f223b733a313a2231223b7d676572656e636961725f746172656661732d317c613a313a7b733a31343a22636f6469676f5f70726f6a65746f223b733a313a2231223b7d676572656e636961725f70726f6a65746f2d337c613a313a7b733a31343a22636f6469676f5f70726f6a65746f223b733a313a2233223b7d676572656e636961725f746172656661732d337c613a313a7b733a31343a22636f6469676f5f70726f6a65746f223b733a313a2233223b7d676572656e636961725f70726f6a65746f2d327c613a313a7b733a31343a22636f6469676f5f70726f6a65746f223b733a313a2232223b7d676572656e636961725f746172656661732d327c613a313a7b733a31343a22636f6469676f5f70726f6a65746f223b733a313a2232223b7d),
('72216943f1e6acf7be0ae69ca24998845ee5814f', '::1', 1455738233, 0x5f5f63695f6c6173745f726567656e65726174657c693a313435353733383033323b636f6469676f5f7573756172696f7c733a313a2236223b6c6f67696e7c733a363a226e656e65746f223b6e6f6d657c733a373a22416e746f6e696f223b736f6272656e6f6d657c733a343a224e65746f223b636f6469676f5f70657266696c7c733a313a2232223b636f6469676f5f7374617475737c733a313a2231223b6172717569766f5f6176617461727c733a31303a226e656e65746f2e6a7067223b6c6f6761646f7c623a313b676572656e636961725f70726f6a65746f2d317c613a313a7b733a31343a22636f6469676f5f70726f6a65746f223b733a313a2231223b7d676572656e636961725f746172656661732d317c613a313a7b733a31343a22636f6469676f5f70726f6a65746f223b733a313a2231223b7d676572656e636961725f70726f6a65746f2d337c613a313a7b733a31343a22636f6469676f5f70726f6a65746f223b733a313a2233223b7d676572656e636961725f746172656661732d337c613a313a7b733a31343a22636f6469676f5f70726f6a65746f223b733a313a2233223b7d),
('7ac73753f35f9a744747eebb976806fa51e8d833', '::1', 1455796880, 0x5f5f63695f6c6173745f726567656e65726174657c693a313435353739363637393b636f6469676f5f7573756172696f7c733a313a2234223b6c6f67696e7c733a343a2269676f72223b6e6f6d657c733a343a2249676f72223b736f6272656e6f6d657c733a333a22436861223b636f6469676f5f70657266696c7c733a313a2231223b636f6469676f5f7374617475737c733a313a2231223b6172717569766f5f6176617461727c733a31353a2269676f722d6176617461722e6a7067223b6c6f6761646f7c623a313b),
('7dac6fd96eb611eee92b676f07d17bd897c2e3c9', '::1', 1455645098, 0x5f5f63695f6c6173745f726567656e65726174657c693a313435353634343832353b636f6469676f5f7573756172696f7c733a313a2236223b6c6f67696e7c733a363a226e656e65746f223b6e6f6d657c733a373a22416e746f6e696f223b736f6272656e6f6d657c733a343a224e65746f223b636f6469676f5f70657266696c7c733a313a2232223b636f6469676f5f7374617475737c733a313a2231223b6172717569766f5f6176617461727c733a31303a226e656e65746f2e6a7067223b6c6f6761646f7c623a313b676572656e636961725f70726f6a65746f2d317c613a313a7b733a31343a22636f6469676f5f70726f6a65746f223b733a313a2231223b7d676572656e636961725f746172656661732d317c613a313a7b733a31343a22636f6469676f5f70726f6a65746f223b733a313a2231223b7d676572656e636961725f70726f6a65746f2d337c613a313a7b733a31343a22636f6469676f5f70726f6a65746f223b733a313a2233223b7d676572656e636961725f746172656661732d337c613a313a7b733a31343a22636f6469676f5f70726f6a65746f223b733a313a2233223b7d676572656e636961725f70726f6a65746f2d327c613a313a7b733a31343a22636f6469676f5f70726f6a65746f223b733a313a2232223b7d676572656e636961725f746172656661732d327c613a313a7b733a31343a22636f6469676f5f70726f6a65746f223b733a313a2232223b7d),
('7f7565cdddb954038eed506bdc5e4508286f0ce7', '::1', 1455822719, 0x5f5f63695f6c6173745f726567656e65726174657c693a313435353832323533313b636f6469676f5f7573756172696f7c733a313a2236223b6c6f67696e7c733a363a226e656e65746f223b6e6f6d657c733a373a22416e746f6e696f223b736f6272656e6f6d657c733a343a224e65746f223b636f6469676f5f70657266696c7c733a313a2232223b636f6469676f5f7374617475737c733a313a2231223b6172717569766f5f6176617461727c733a31303a226e656e65746f2e6a7067223b6c6f6761646f7c623a313b676572656e636961725f70726f6a65746f2d317c613a313a7b733a31343a22636f6469676f5f70726f6a65746f223b733a313a2231223b7d676572656e636961725f746172656661732d317c613a313a7b733a31343a22636f6469676f5f70726f6a65746f223b733a313a2231223b7d676572656e636961725f70726f6a65746f2d327c613a313a7b733a31343a22636f6469676f5f70726f6a65746f223b733a313a2232223b7d676572656e636961725f746172656661732d327c613a313a7b733a31343a22636f6469676f5f70726f6a65746f223b733a313a2232223b7d676572656e636961725f70726f6a65746f2d337c613a313a7b733a31343a22636f6469676f5f70726f6a65746f223b733a313a2233223b7d676572656e636961725f746172656661732d337c613a313a7b733a31343a22636f6469676f5f70726f6a65746f223b733a313a2233223b7d676572656e636961725f70726f6a65746f2d347c613a313a7b733a31343a22636f6469676f5f70726f6a65746f223b733a313a2234223b7d676572656e636961725f746172656661732d347c613a313a7b733a31343a22636f6469676f5f70726f6a65746f223b733a313a2234223b7d61646963696f6e61725f616f5f70726f6a65746f7c613a313a7b733a31343a22636f6469676f5f70726f6a65746f223b733a313a2234223b7d5f5f63695f766172737c613a313a7b733a32303a2261646963696f6e61725f616f5f70726f6a65746f223b733a333a226f6c64223b7d),
('7fd72836110c1aca7f3bec69c4060b98c9a035da', '::1', 1455729699, 0x5f5f63695f6c6173745f726567656e65726174657c693a313435353732373239303b636f6469676f5f7573756172696f7c733a313a2236223b6c6f67696e7c733a363a226e656e65746f223b6e6f6d657c733a373a22416e746f6e696f223b736f6272656e6f6d657c733a343a224e65746f223b636f6469676f5f70657266696c7c733a313a2232223b636f6469676f5f7374617475737c733a313a2231223b6172717569766f5f6176617461727c733a31303a226e656e65746f2e6a7067223b6c6f6761646f7c623a313b),
('8325ae0396a251a1c34a61cc7c4d08dfe2c4d79f', '::1', 1455644823, 0x5f5f63695f6c6173745f726567656e65726174657c693a313435353634303039393b636f6469676f5f7573756172696f7c733a313a2236223b6c6f67696e7c733a363a226e656e65746f223b6e6f6d657c733a373a22416e746f6e696f223b736f6272656e6f6d657c733a343a224e65746f223b636f6469676f5f70657266696c7c733a313a2232223b636f6469676f5f7374617475737c733a313a2231223b6172717569766f5f6176617461727c733a31303a226e656e65746f2e6a7067223b6c6f6761646f7c623a313b676572656e636961725f70726f6a65746f2d317c613a313a7b733a31343a22636f6469676f5f70726f6a65746f223b733a313a2231223b7d676572656e636961725f746172656661732d317c613a313a7b733a31343a22636f6469676f5f70726f6a65746f223b733a313a2231223b7d676572656e636961725f70726f6a65746f2d337c613a313a7b733a31343a22636f6469676f5f70726f6a65746f223b733a313a2233223b7d676572656e636961725f746172656661732d337c613a313a7b733a31343a22636f6469676f5f70726f6a65746f223b733a313a2233223b7d676572656e636961725f70726f6a65746f2d327c613a313a7b733a31343a22636f6469676f5f70726f6a65746f223b733a313a2232223b7d676572656e636961725f746172656661732d327c613a313a7b733a31343a22636f6469676f5f70726f6a65746f223b733a313a2232223b7d),
('86a4c3acd3d79751b86f785d2eb3249624a5150e', '::1', 1455899705, 0x5f5f63695f6c6173745f726567656e65726174657c693a313435353839383433343b636f6469676f5f7573756172696f7c733a313a2236223b6c6f67696e7c733a363a226e656e65746f223b6e6f6d657c733a373a22416e746f6e696f223b736f6272656e6f6d657c733a343a224e65746f223b636f6469676f5f70657266696c7c733a313a2232223b636f6469676f5f7374617475737c733a313a2231223b6172717569766f5f6176617461727c733a31303a226e656e65746f2e6a7067223b6c6f6761646f7c623a313b676572656e636961725f70726f6a65746f2d317c613a313a7b733a31343a22636f6469676f5f70726f6a65746f223b733a313a2231223b7d676572656e636961725f746172656661732d317c613a313a7b733a31343a22636f6469676f5f70726f6a65746f223b733a313a2231223b7d676572656e636961725f70726f6a65746f2d377c613a313a7b733a31343a22636f6469676f5f70726f6a65746f223b733a313a2237223b7d676572656e636961725f746172656661732d377c613a313a7b733a31343a22636f6469676f5f70726f6a65746f223b733a313a2237223b7d676572656e636961725f70726f6a65746f2d327c613a313a7b733a31343a22636f6469676f5f70726f6a65746f223b733a313a2232223b7d676572656e636961725f746172656661732d327c613a313a7b733a31343a22636f6469676f5f70726f6a65746f223b733a313a2232223b7d676572656e636961725f70726f6a65746f2d367c613a313a7b733a31343a22636f6469676f5f70726f6a65746f223b733a313a2236223b7d676572656e636961725f746172656661732d367c613a313a7b733a31343a22636f6469676f5f70726f6a65746f223b733a313a2236223b7d676572656e636961725f70726f6a65746f2d357c613a313a7b733a31343a22636f6469676f5f70726f6a65746f223b733a313a2235223b7d676572656e636961725f746172656661732d357c613a313a7b733a31343a22636f6469676f5f70726f6a65746f223b733a313a2235223b7d),
('86d141f54457a0e4b0dad42ee38eb6980b426546', '::1', 1455820310, 0x5f5f63695f6c6173745f726567656e65726174657c693a313435353832303232383b636f6469676f5f7573756172696f7c733a313a2236223b6c6f67696e7c733a363a226e656e65746f223b6e6f6d657c733a373a22416e746f6e696f223b736f6272656e6f6d657c733a343a224e65746f223b636f6469676f5f70657266696c7c733a313a2232223b636f6469676f5f7374617475737c733a313a2231223b6172717569766f5f6176617461727c733a31303a226e656e65746f2e6a7067223b6c6f6761646f7c623a313b676572656e636961725f70726f6a65746f2d317c613a313a7b733a31343a22636f6469676f5f70726f6a65746f223b733a313a2231223b7d676572656e636961725f746172656661732d317c613a313a7b733a31343a22636f6469676f5f70726f6a65746f223b733a313a2231223b7d676572656e636961725f70726f6a65746f2d327c613a313a7b733a31343a22636f6469676f5f70726f6a65746f223b733a313a2232223b7d676572656e636961725f746172656661732d327c613a313a7b733a31343a22636f6469676f5f70726f6a65746f223b733a313a2232223b7d676572656e636961725f70726f6a65746f2d337c613a313a7b733a31343a22636f6469676f5f70726f6a65746f223b733a313a2233223b7d676572656e636961725f746172656661732d337c613a313a7b733a31343a22636f6469676f5f70726f6a65746f223b733a313a2233223b7d),
('8a3b96a8260c631e4a1910fb53cda08705caa575', '10.108.2.1', 1455887629, 0x5f5f63695f6c6173745f726567656e65726174657c693a313435353838373333333b636f6469676f5f7573756172696f7c733a313a2236223b6c6f67696e7c733a363a226e656e65746f223b6e6f6d657c733a373a22416e746f6e696f223b736f6272656e6f6d657c733a343a224e65746f223b636f6469676f5f70657266696c7c733a313a2232223b636f6469676f5f7374617475737c733a313a2231223b6172717569766f5f6176617461727c733a31303a226e656e65746f2e6a7067223b6c6f6761646f7c623a313b676572656e636961725f70726f6a65746f2d317c613a313a7b733a31343a22636f6469676f5f70726f6a65746f223b733a313a2231223b7d676572656e636961725f746172656661732d317c613a313a7b733a31343a22636f6469676f5f70726f6a65746f223b733a313a2231223b7d676572656e636961725f70726f6a65746f2d327c613a313a7b733a31343a22636f6469676f5f70726f6a65746f223b733a313a2232223b7d676572656e636961725f746172656661732d327c613a313a7b733a31343a22636f6469676f5f70726f6a65746f223b733a313a2232223b7d676572656e636961725f70726f6a65746f2d367c613a313a7b733a31343a22636f6469676f5f70726f6a65746f223b733a313a2236223b7d676572656e636961725f746172656661732d367c613a313a7b733a31343a22636f6469676f5f70726f6a65746f223b733a313a2236223b7d676572656e636961725f70726f6a65746f2d357c613a313a7b733a31343a22636f6469676f5f70726f6a65746f223b733a313a2235223b7d676572656e636961725f746172656661732d357c613a313a7b733a31343a22636f6469676f5f70726f6a65746f223b733a313a2235223b7d676572656e636961725f70726f6a65746f2d377c613a313a7b733a31343a22636f6469676f5f70726f6a65746f223b733a313a2237223b7d676572656e636961725f746172656661732d377c613a313a7b733a31343a22636f6469676f5f70726f6a65746f223b733a313a2237223b7d),
('8b5478b8783eb9f40bbb53e9c6812d152f45242a', '::1', 1455795846, 0x5f5f63695f6c6173745f726567656e65726174657c693a313435353739353730303b636f6469676f5f7573756172696f7c733a313a2236223b6c6f67696e7c733a363a226e656e65746f223b6e6f6d657c733a373a22416e746f6e696f223b736f6272656e6f6d657c733a343a224e65746f223b636f6469676f5f70657266696c7c733a313a2232223b636f6469676f5f7374617475737c733a313a2231223b6172717569766f5f6176617461727c733a31303a226e656e65746f2e6a7067223b6c6f6761646f7c623a313b676572656e636961725f70726f6a65746f2d317c613a313a7b733a31343a22636f6469676f5f70726f6a65746f223b733a313a2231223b7d676572656e636961725f746172656661732d317c613a313a7b733a31343a22636f6469676f5f70726f6a65746f223b733a313a2231223b7d676572656e636961725f70726f6a65746f2d337c613a313a7b733a31343a22636f6469676f5f70726f6a65746f223b733a313a2233223b7d676572656e636961725f746172656661732d337c613a313a7b733a31343a22636f6469676f5f70726f6a65746f223b733a313a2233223b7d676572656e636961725f70726f6a65746f2d347c613a313a7b733a31343a22636f6469676f5f70726f6a65746f223b733a313a2234223b7d676572656e636961725f746172656661732d347c613a313a7b733a31343a22636f6469676f5f70726f6a65746f223b733a313a2234223b7d),
('8dc794f7db188ac404479403a2baedb4352d13c7', '::1', 1455819797, 0x5f5f63695f6c6173745f726567656e65726174657c693a313435353831393735343b636f6469676f5f7573756172696f7c733a313a2236223b6c6f67696e7c733a363a226e656e65746f223b6e6f6d657c733a373a22416e746f6e696f223b736f6272656e6f6d657c733a343a224e65746f223b636f6469676f5f70657266696c7c733a313a2232223b636f6469676f5f7374617475737c733a313a2231223b6172717569766f5f6176617461727c733a31303a226e656e65746f2e6a7067223b6c6f6761646f7c623a313b676572656e636961725f70726f6a65746f2d317c613a313a7b733a31343a22636f6469676f5f70726f6a65746f223b733a313a2231223b7d676572656e636961725f746172656661732d317c613a313a7b733a31343a22636f6469676f5f70726f6a65746f223b733a313a2231223b7d676572656e636961725f70726f6a65746f2d327c613a313a7b733a31343a22636f6469676f5f70726f6a65746f223b733a313a2232223b7d676572656e636961725f746172656661732d327c613a313a7b733a31343a22636f6469676f5f70726f6a65746f223b733a313a2232223b7d676572656e636961725f70726f6a65746f2d337c613a313a7b733a31343a22636f6469676f5f70726f6a65746f223b733a313a2233223b7d676572656e636961725f746172656661732d337c613a313a7b733a31343a22636f6469676f5f70726f6a65746f223b733a313a2233223b7d),
('8e43e5eead29154c4b53ed0554f8d0c67d8020d4', '::1', 1455714593, 0x5f5f63695f6c6173745f726567656e65726174657c693a313435353731343434393b636f6469676f5f7573756172696f7c733a313a2236223b6c6f67696e7c733a363a226e656e65746f223b6e6f6d657c733a373a22416e746f6e696f223b736f6272656e6f6d657c733a343a224e65746f223b636f6469676f5f70657266696c7c733a313a2232223b636f6469676f5f7374617475737c733a313a2231223b6172717569766f5f6176617461727c733a31303a226e656e65746f2e6a7067223b6c6f6761646f7c623a313b676572656e636961725f70726f6a65746f2d317c613a313a7b733a31343a22636f6469676f5f70726f6a65746f223b733a313a2231223b7d676572656e636961725f746172656661732d317c613a313a7b733a31343a22636f6469676f5f70726f6a65746f223b733a313a2231223b7d676572656e636961725f70726f6a65746f2d337c613a313a7b733a31343a22636f6469676f5f70726f6a65746f223b733a313a2233223b7d676572656e636961725f746172656661732d337c613a313a7b733a31343a22636f6469676f5f70726f6a65746f223b733a313a2233223b7d676572656e636961725f70726f6a65746f2d327c613a313a7b733a31343a22636f6469676f5f70726f6a65746f223b733a313a2232223b7d676572656e636961725f746172656661732d327c613a313a7b733a31343a22636f6469676f5f70726f6a65746f223b733a313a2232223b7d);
INSERT INTO `ci_sessions` (`id`, `ip_address`, `timestamp`, `data`) VALUES
('9262321f77bfe97e3c98db6fb6b95dbcb2582fd7', '10.108.2.1', 1455887225, 0x5f5f63695f6c6173745f726567656e65726174657c693a313435353838363934343b636f6469676f5f7573756172696f7c733a313a2236223b6c6f67696e7c733a363a226e656e65746f223b6e6f6d657c733a373a22416e746f6e696f223b736f6272656e6f6d657c733a343a224e65746f223b636f6469676f5f70657266696c7c733a313a2232223b636f6469676f5f7374617475737c733a313a2231223b6172717569766f5f6176617461727c733a31303a226e656e65746f2e6a7067223b6c6f6761646f7c623a313b676572656e636961725f70726f6a65746f2d317c613a313a7b733a31343a22636f6469676f5f70726f6a65746f223b733a313a2231223b7d676572656e636961725f746172656661732d317c613a313a7b733a31343a22636f6469676f5f70726f6a65746f223b733a313a2231223b7d676572656e636961725f70726f6a65746f2d327c613a313a7b733a31343a22636f6469676f5f70726f6a65746f223b733a313a2232223b7d676572656e636961725f746172656661732d327c613a313a7b733a31343a22636f6469676f5f70726f6a65746f223b733a313a2232223b7d676572656e636961725f70726f6a65746f2d367c613a313a7b733a31343a22636f6469676f5f70726f6a65746f223b733a313a2236223b7d676572656e636961725f746172656661732d367c613a313a7b733a31343a22636f6469676f5f70726f6a65746f223b733a313a2236223b7d676572656e636961725f70726f6a65746f2d357c613a313a7b733a31343a22636f6469676f5f70726f6a65746f223b733a313a2235223b7d676572656e636961725f746172656661732d357c613a313a7b733a31343a22636f6469676f5f70726f6a65746f223b733a313a2235223b7d676572656e636961725f70726f6a65746f2d377c613a313a7b733a31343a22636f6469676f5f70726f6a65746f223b733a313a2237223b7d676572656e636961725f746172656661732d377c613a313a7b733a31343a22636f6469676f5f70726f6a65746f223b733a313a2237223b7d),
('9a40affbada1db76129dc25fdbe8d4a282bf95ed', '::1', 1455799022, 0x5f5f63695f6c6173745f726567656e65726174657c693a313435353739383733343b636f6469676f5f7573756172696f7c733a313a2236223b6c6f67696e7c733a363a226e656e65746f223b6e6f6d657c733a373a22416e746f6e696f223b736f6272656e6f6d657c733a343a224e65746f223b636f6469676f5f70657266696c7c733a313a2232223b636f6469676f5f7374617475737c733a313a2231223b6172717569766f5f6176617461727c733a31303a226e656e65746f2e6a7067223b6c6f6761646f7c623a313b676572656e636961725f70726f6a65746f2d317c613a313a7b733a31343a22636f6469676f5f70726f6a65746f223b733a313a2231223b7d676572656e636961725f746172656661732d317c613a313a7b733a31343a22636f6469676f5f70726f6a65746f223b733a313a2231223b7d676572656e636961725f70726f6a65746f2d367c613a313a7b733a31343a22636f6469676f5f70726f6a65746f223b733a313a2236223b7d676572656e636961725f746172656661732d367c613a313a7b733a31343a22636f6469676f5f70726f6a65746f223b733a313a2236223b7d676572656e636961725f70726f6a65746f2d357c613a313a7b733a31343a22636f6469676f5f70726f6a65746f223b733a313a2235223b7d676572656e636961725f746172656661732d357c613a313a7b733a31343a22636f6469676f5f70726f6a65746f223b733a313a2235223b7d676572656e636961725f70726f6a65746f2d387c613a313a7b733a31343a22636f6469676f5f70726f6a65746f223b733a313a2238223b7d676572656e636961725f746172656661732d387c613a313a7b733a31343a22636f6469676f5f70726f6a65746f223b733a313a2238223b7d676572656e636961725f70726f6a65746f2d347c613a313a7b733a31343a22636f6469676f5f70726f6a65746f223b733a313a2234223b7d676572656e636961725f746172656661732d347c613a313a7b733a31343a22636f6469676f5f70726f6a65746f223b733a313a2234223b7d676572656e636961725f70726f6a65746f2d337c613a313a7b733a31343a22636f6469676f5f70726f6a65746f223b733a313a2233223b7d676572656e636961725f746172656661732d337c613a313a7b733a31343a22636f6469676f5f70726f6a65746f223b733a313a2233223b7d676572656e636961725f70726f6a65746f2d397c613a313a7b733a31343a22636f6469676f5f70726f6a65746f223b733a313a2239223b7d676572656e636961725f746172656661732d397c613a313a7b733a31343a22636f6469676f5f70726f6a65746f223b733a313a2239223b7d),
('9bcf44acf6eb685bb1eebcfd512c0f4c9794f9e5', '::1', 1455823924, 0x5f5f63695f6c6173745f726567656e65726174657c693a313435353832333737393b636f6469676f5f7573756172696f7c733a313a2236223b6c6f67696e7c733a363a226e656e65746f223b6e6f6d657c733a373a22416e746f6e696f223b736f6272656e6f6d657c733a343a224e65746f223b636f6469676f5f70657266696c7c733a313a2232223b636f6469676f5f7374617475737c733a313a2231223b6172717569766f5f6176617461727c733a31303a226e656e65746f2e6a7067223b6c6f6761646f7c623a313b676572656e636961725f70726f6a65746f2d317c613a313a7b733a31343a22636f6469676f5f70726f6a65746f223b733a313a2231223b7d676572656e636961725f746172656661732d317c613a313a7b733a31343a22636f6469676f5f70726f6a65746f223b733a313a2231223b7d676572656e636961725f70726f6a65746f2d347c613a313a7b733a31343a22636f6469676f5f70726f6a65746f223b733a313a2234223b7d676572656e636961725f746172656661732d347c613a313a7b733a31343a22636f6469676f5f70726f6a65746f223b733a313a2234223b7d676572656e636961725f70726f6a65746f2d327c613a313a7b733a31343a22636f6469676f5f70726f6a65746f223b733a313a2232223b7d676572656e636961725f746172656661732d327c613a313a7b733a31343a22636f6469676f5f70726f6a65746f223b733a313a2232223b7d676572656e636961725f70726f6a65746f2d367c613a313a7b733a31343a22636f6469676f5f70726f6a65746f223b733a313a2236223b7d676572656e636961725f746172656661732d367c613a313a7b733a31343a22636f6469676f5f70726f6a65746f223b733a313a2236223b7d676572656e636961725f70726f6a65746f2d357c613a313a7b733a31343a22636f6469676f5f70726f6a65746f223b733a313a2235223b7d676572656e636961725f746172656661732d357c613a313a7b733a31343a22636f6469676f5f70726f6a65746f223b733a313a2235223b7d),
('9c7a9c195f8b2c79914e348e667a3b53d71db0fe', '::1', 1455715390, 0x5f5f63695f6c6173745f726567656e65726174657c693a313435353731353233323b636f6469676f5f7573756172696f7c733a313a2236223b6c6f67696e7c733a363a226e656e65746f223b6e6f6d657c733a373a22416e746f6e696f223b736f6272656e6f6d657c733a343a224e65746f223b636f6469676f5f70657266696c7c733a313a2232223b636f6469676f5f7374617475737c733a313a2231223b6172717569766f5f6176617461727c733a31303a226e656e65746f2e6a7067223b6c6f6761646f7c623a313b676572656e636961725f70726f6a65746f2d317c613a313a7b733a31343a22636f6469676f5f70726f6a65746f223b733a313a2231223b7d676572656e636961725f746172656661732d317c613a313a7b733a31343a22636f6469676f5f70726f6a65746f223b733a313a2231223b7d676572656e636961725f70726f6a65746f2d337c613a313a7b733a31343a22636f6469676f5f70726f6a65746f223b733a313a2233223b7d676572656e636961725f746172656661732d337c613a313a7b733a31343a22636f6469676f5f70726f6a65746f223b733a313a2233223b7d676572656e636961725f70726f6a65746f2d327c613a313a7b733a31343a22636f6469676f5f70726f6a65746f223b733a313a2232223b7d676572656e636961725f746172656661732d327c613a313a7b733a31343a22636f6469676f5f70726f6a65746f223b733a313a2232223b7d),
('9fd74b4fb91949ed725eb731269c275d6ed95fdf', '::1', 1455825636, 0x5f5f63695f6c6173745f726567656e65726174657c693a313435353832353336353b636f6469676f5f7573756172696f7c733a313a2236223b6c6f67696e7c733a363a226e656e65746f223b6e6f6d657c733a373a22416e746f6e696f223b736f6272656e6f6d657c733a343a224e65746f223b636f6469676f5f70657266696c7c733a313a2232223b636f6469676f5f7374617475737c733a313a2231223b6172717569766f5f6176617461727c733a31303a226e656e65746f2e6a7067223b6c6f6761646f7c623a313b676572656e636961725f70726f6a65746f2d317c613a313a7b733a31343a22636f6469676f5f70726f6a65746f223b733a313a2231223b7d676572656e636961725f746172656661732d317c613a313a7b733a31343a22636f6469676f5f70726f6a65746f223b733a313a2231223b7d676572656e636961725f70726f6a65746f2d347c613a313a7b733a31343a22636f6469676f5f70726f6a65746f223b733a313a2234223b7d676572656e636961725f746172656661732d347c613a313a7b733a31343a22636f6469676f5f70726f6a65746f223b733a313a2234223b7d676572656e636961725f70726f6a65746f2d327c613a313a7b733a31343a22636f6469676f5f70726f6a65746f223b733a313a2232223b7d676572656e636961725f746172656661732d327c613a313a7b733a31343a22636f6469676f5f70726f6a65746f223b733a313a2232223b7d676572656e636961725f70726f6a65746f2d367c613a313a7b733a31343a22636f6469676f5f70726f6a65746f223b733a313a2236223b7d676572656e636961725f746172656661732d367c613a313a7b733a31343a22636f6469676f5f70726f6a65746f223b733a313a2236223b7d676572656e636961725f70726f6a65746f2d357c613a313a7b733a31343a22636f6469676f5f70726f6a65746f223b733a313a2235223b7d676572656e636961725f746172656661732d357c613a313a7b733a31343a22636f6469676f5f70726f6a65746f223b733a313a2235223b7d),
('a03192abaaeeac012201c77924355f11e4120088', '::1', 1455734683, 0x5f5f63695f6c6173745f726567656e65726174657c693a313435353733343432343b636f6469676f5f7573756172696f7c733a313a2236223b6c6f67696e7c733a363a226e656e65746f223b6e6f6d657c733a373a22416e746f6e696f223b736f6272656e6f6d657c733a343a224e65746f223b636f6469676f5f70657266696c7c733a313a2232223b636f6469676f5f7374617475737c733a313a2231223b6172717569766f5f6176617461727c733a31303a226e656e65746f2e6a7067223b6c6f6761646f7c623a313b676572656e636961725f70726f6a65746f2d317c613a313a7b733a31343a22636f6469676f5f70726f6a65746f223b733a313a2231223b7d676572656e636961725f746172656661732d317c613a313a7b733a31343a22636f6469676f5f70726f6a65746f223b733a313a2231223b7d676572656e636961725f70726f6a65746f2d337c613a313a7b733a31343a22636f6469676f5f70726f6a65746f223b733a313a2233223b7d676572656e636961725f746172656661732d337c613a313a7b733a31343a22636f6469676f5f70726f6a65746f223b733a313a2233223b7d),
('a33106cf87757e4d4c8777c6c6bd76adc8906fc8', '10.108.2.1', 1455886499, 0x5f5f63695f6c6173745f726567656e65726174657c693a313435353838363237373b636f6469676f5f7573756172696f7c733a313a2236223b6c6f67696e7c733a363a226e656e65746f223b6e6f6d657c733a373a22416e746f6e696f223b736f6272656e6f6d657c733a343a224e65746f223b636f6469676f5f70657266696c7c733a313a2232223b636f6469676f5f7374617475737c733a313a2231223b6172717569766f5f6176617461727c733a31303a226e656e65746f2e6a7067223b6c6f6761646f7c623a313b676572656e636961725f70726f6a65746f2d317c613a313a7b733a31343a22636f6469676f5f70726f6a65746f223b733a313a2231223b7d676572656e636961725f746172656661732d317c613a313a7b733a31343a22636f6469676f5f70726f6a65746f223b733a313a2231223b7d676572656e636961725f70726f6a65746f2d327c613a313a7b733a31343a22636f6469676f5f70726f6a65746f223b733a313a2232223b7d676572656e636961725f746172656661732d327c613a313a7b733a31343a22636f6469676f5f70726f6a65746f223b733a313a2232223b7d676572656e636961725f70726f6a65746f2d367c613a313a7b733a31343a22636f6469676f5f70726f6a65746f223b733a313a2236223b7d676572656e636961725f746172656661732d367c613a313a7b733a31343a22636f6469676f5f70726f6a65746f223b733a313a2236223b7d676572656e636961725f70726f6a65746f2d357c613a313a7b733a31343a22636f6469676f5f70726f6a65746f223b733a313a2235223b7d676572656e636961725f746172656661732d357c613a313a7b733a31343a22636f6469676f5f70726f6a65746f223b733a313a2235223b7d),
('a556183edfef4942302300859b63170b6bfd16a2', '::1', 1455815849, 0x5f5f63695f6c6173745f726567656e65726174657c693a313435353831353537373b636f6469676f5f7573756172696f7c733a313a2236223b6c6f67696e7c733a363a226e656e65746f223b6e6f6d657c733a373a22416e746f6e696f223b736f6272656e6f6d657c733a343a224e65746f223b636f6469676f5f70657266696c7c733a313a2232223b636f6469676f5f7374617475737c733a313a2231223b6172717569766f5f6176617461727c733a31303a226e656e65746f2e6a7067223b6c6f6761646f7c623a313b676572656e636961725f70726f6a65746f2d317c613a313a7b733a31343a22636f6469676f5f70726f6a65746f223b733a313a2231223b7d676572656e636961725f746172656661732d317c613a313a7b733a31343a22636f6469676f5f70726f6a65746f223b733a313a2231223b7d676572656e636961725f70726f6a65746f2d327c613a313a7b733a31343a22636f6469676f5f70726f6a65746f223b733a313a2232223b7d676572656e636961725f746172656661732d327c613a313a7b733a31343a22636f6469676f5f70726f6a65746f223b733a313a2232223b7d),
('a76cc0428487a8364cf5ea51ef03258236c44d16', '::1', 1455801016, 0x5f5f63695f6c6173745f726567656e65726174657c693a313435353830303839343b636f6469676f5f7573756172696f7c733a313a2236223b6c6f67696e7c733a363a226e656e65746f223b6e6f6d657c733a373a22416e746f6e696f223b736f6272656e6f6d657c733a343a224e65746f223b636f6469676f5f70657266696c7c733a313a2232223b636f6469676f5f7374617475737c733a313a2231223b6172717569766f5f6176617461727c733a31303a226e656e65746f2e6a7067223b6c6f6761646f7c623a313b676572656e636961725f70726f6a65746f2d317c613a313a7b733a31343a22636f6469676f5f70726f6a65746f223b733a313a2231223b7d676572656e636961725f746172656661732d317c613a313a7b733a31343a22636f6469676f5f70726f6a65746f223b733a313a2231223b7d),
('a898e0c065c2d69392bda2fac1a6c2e5b0f5116e', '::1', 1455795428, 0x5f5f63695f6c6173745f726567656e65726174657c693a313435353739343938363b636f6469676f5f7573756172696f7c733a313a2236223b6c6f67696e7c733a363a226e656e65746f223b6e6f6d657c733a373a22416e746f6e696f223b736f6272656e6f6d657c733a343a224e65746f223b636f6469676f5f70657266696c7c733a313a2232223b636f6469676f5f7374617475737c733a313a2231223b6172717569766f5f6176617461727c733a31303a226e656e65746f2e6a7067223b6c6f6761646f7c623a313b),
('ae29ec8b5d9affbe3a9b416c294c46315701dc26', '::1', 1455819241, 0x5f5f63695f6c6173745f726567656e65726174657c693a313435353831383935373b636f6469676f5f7573756172696f7c733a313a2236223b6c6f67696e7c733a363a226e656e65746f223b6e6f6d657c733a373a22416e746f6e696f223b736f6272656e6f6d657c733a343a224e65746f223b636f6469676f5f70657266696c7c733a313a2232223b636f6469676f5f7374617475737c733a313a2231223b6172717569766f5f6176617461727c733a31303a226e656e65746f2e6a7067223b6c6f6761646f7c623a313b676572656e636961725f70726f6a65746f2d317c613a313a7b733a31343a22636f6469676f5f70726f6a65746f223b733a313a2231223b7d676572656e636961725f746172656661732d317c613a313a7b733a31343a22636f6469676f5f70726f6a65746f223b733a313a2231223b7d676572656e636961725f70726f6a65746f2d327c613a313a7b733a31343a22636f6469676f5f70726f6a65746f223b733a313a2232223b7d676572656e636961725f746172656661732d327c613a313a7b733a31343a22636f6469676f5f70726f6a65746f223b733a313a2232223b7d676572656e636961725f70726f6a65746f2d337c613a313a7b733a31343a22636f6469676f5f70726f6a65746f223b733a313a2233223b7d676572656e636961725f746172656661732d337c613a313a7b733a31343a22636f6469676f5f70726f6a65746f223b733a313a2233223b7d),
('af7b2200315e54be129a34528cf58cca7c307e80', '::1', 1455824250, 0x5f5f63695f6c6173745f726567656e65726174657c693a313435353832343136363b636f6469676f5f7573756172696f7c733a313a2236223b6c6f67696e7c733a363a226e656e65746f223b6e6f6d657c733a373a22416e746f6e696f223b736f6272656e6f6d657c733a343a224e65746f223b636f6469676f5f70657266696c7c733a313a2232223b636f6469676f5f7374617475737c733a313a2231223b6172717569766f5f6176617461727c733a31303a226e656e65746f2e6a7067223b6c6f6761646f7c623a313b676572656e636961725f70726f6a65746f2d317c613a313a7b733a31343a22636f6469676f5f70726f6a65746f223b733a313a2231223b7d676572656e636961725f746172656661732d317c613a313a7b733a31343a22636f6469676f5f70726f6a65746f223b733a313a2231223b7d676572656e636961725f70726f6a65746f2d347c613a313a7b733a31343a22636f6469676f5f70726f6a65746f223b733a313a2234223b7d676572656e636961725f746172656661732d347c613a313a7b733a31343a22636f6469676f5f70726f6a65746f223b733a313a2234223b7d676572656e636961725f70726f6a65746f2d327c613a313a7b733a31343a22636f6469676f5f70726f6a65746f223b733a313a2232223b7d676572656e636961725f746172656661732d327c613a313a7b733a31343a22636f6469676f5f70726f6a65746f223b733a313a2232223b7d676572656e636961725f70726f6a65746f2d367c613a313a7b733a31343a22636f6469676f5f70726f6a65746f223b733a313a2236223b7d676572656e636961725f746172656661732d367c613a313a7b733a31343a22636f6469676f5f70726f6a65746f223b733a313a2236223b7d676572656e636961725f70726f6a65746f2d357c613a313a7b733a31343a22636f6469676f5f70726f6a65746f223b733a313a2235223b7d676572656e636961725f746172656661732d357c613a313a7b733a31343a22636f6469676f5f70726f6a65746f223b733a313a2235223b7d),
('b0dabd8365c2c33652fad874acb3bed5350c580a', '::1', 1455799456, 0x5f5f63695f6c6173745f726567656e65726174657c693a313435353739393136313b636f6469676f5f7573756172696f7c733a313a2236223b6c6f67696e7c733a363a226e656e65746f223b6e6f6d657c733a373a22416e746f6e696f223b736f6272656e6f6d657c733a343a224e65746f223b636f6469676f5f70657266696c7c733a313a2232223b636f6469676f5f7374617475737c733a313a2231223b6172717569766f5f6176617461727c733a31303a226e656e65746f2e6a7067223b6c6f6761646f7c623a313b676572656e636961725f70726f6a65746f2d317c613a313a7b733a31343a22636f6469676f5f70726f6a65746f223b733a313a2231223b7d676572656e636961725f746172656661732d317c613a313a7b733a31343a22636f6469676f5f70726f6a65746f223b733a313a2231223b7d676572656e636961725f70726f6a65746f2d367c613a313a7b733a31343a22636f6469676f5f70726f6a65746f223b733a313a2236223b7d676572656e636961725f746172656661732d367c613a313a7b733a31343a22636f6469676f5f70726f6a65746f223b733a313a2236223b7d676572656e636961725f70726f6a65746f2d357c613a313a7b733a31343a22636f6469676f5f70726f6a65746f223b733a313a2235223b7d676572656e636961725f746172656661732d357c613a313a7b733a31343a22636f6469676f5f70726f6a65746f223b733a313a2235223b7d676572656e636961725f70726f6a65746f2d387c613a313a7b733a31343a22636f6469676f5f70726f6a65746f223b733a313a2238223b7d676572656e636961725f746172656661732d387c613a313a7b733a31343a22636f6469676f5f70726f6a65746f223b733a313a2238223b7d676572656e636961725f70726f6a65746f2d347c613a313a7b733a31343a22636f6469676f5f70726f6a65746f223b733a313a2234223b7d676572656e636961725f746172656661732d347c613a313a7b733a31343a22636f6469676f5f70726f6a65746f223b733a313a2234223b7d676572656e636961725f70726f6a65746f2d337c613a313a7b733a31343a22636f6469676f5f70726f6a65746f223b733a313a2233223b7d676572656e636961725f746172656661732d337c613a313a7b733a31343a22636f6469676f5f70726f6a65746f223b733a313a2233223b7d676572656e636961725f70726f6a65746f2d397c613a313a7b733a31343a22636f6469676f5f70726f6a65746f223b733a313a2239223b7d676572656e636961725f746172656661732d397c613a313a7b733a31343a22636f6469676f5f70726f6a65746f223b733a313a2239223b7d676572656e636961725f70726f6a65746f2d327c613a313a7b733a31343a22636f6469676f5f70726f6a65746f223b733a313a2232223b7d676572656e636961725f746172656661732d327c613a313a7b733a31343a22636f6469676f5f70726f6a65746f223b733a313a2232223b7d),
('b2de66144e6761230eaad3e24ca9319aa835edf9', '::1', 1455730422, 0x5f5f63695f6c6173745f726567656e65726174657c693a313435353733303431383b636f6469676f5f7573756172696f7c733a313a2236223b6c6f67696e7c733a363a226e656e65746f223b6e6f6d657c733a373a22416e746f6e696f223b736f6272656e6f6d657c733a343a224e65746f223b636f6469676f5f70657266696c7c733a313a2232223b636f6469676f5f7374617475737c733a313a2231223b6172717569766f5f6176617461727c733a31303a226e656e65746f2e6a7067223b6c6f6761646f7c623a313b676572656e636961725f70726f6a65746f2d317c613a313a7b733a31343a22636f6469676f5f70726f6a65746f223b733a313a2231223b7d676572656e636961725f746172656661732d317c613a313a7b733a31343a22636f6469676f5f70726f6a65746f223b733a313a2231223b7d676572656e636961725f70726f6a65746f2d337c613a313a7b733a31343a22636f6469676f5f70726f6a65746f223b733a313a2233223b7d676572656e636961725f746172656661732d337c613a313a7b733a31343a22636f6469676f5f70726f6a65746f223b733a313a2233223b7d676572656e636961725f70726f6a65746f2d327c613a313a7b733a31343a22636f6469676f5f70726f6a65746f223b733a313a2232223b7d676572656e636961725f746172656661732d327c613a313a7b733a31343a22636f6469676f5f70726f6a65746f223b733a313a2232223b7d),
('b3a1c21925e14a3ce1688f31a065f22f001a9447', '::1', 1455732001, 0x5f5f63695f6c6173745f726567656e65726174657c693a313435353733313830393b636f6469676f5f7573756172696f7c733a313a2236223b6c6f67696e7c733a363a226e656e65746f223b6e6f6d657c733a373a22416e746f6e696f223b736f6272656e6f6d657c733a343a224e65746f223b636f6469676f5f70657266696c7c733a313a2232223b636f6469676f5f7374617475737c733a313a2231223b6172717569766f5f6176617461727c733a31303a226e656e65746f2e6a7067223b6c6f6761646f7c623a313b676572656e636961725f70726f6a65746f2d317c613a313a7b733a31343a22636f6469676f5f70726f6a65746f223b733a313a2231223b7d676572656e636961725f746172656661732d317c613a313a7b733a31343a22636f6469676f5f70726f6a65746f223b733a313a2231223b7d676572656e636961725f70726f6a65746f2d337c613a313a7b733a31343a22636f6469676f5f70726f6a65746f223b733a313a2233223b7d676572656e636961725f746172656661732d337c613a313a7b733a31343a22636f6469676f5f70726f6a65746f223b733a313a2233223b7d676572656e636961725f70726f6a65746f2d327c613a313a7b733a31343a22636f6469676f5f70726f6a65746f223b733a313a2232223b7d676572656e636961725f746172656661732d327c613a313a7b733a31343a22636f6469676f5f70726f6a65746f223b733a313a2232223b7d61646963696f6e61725f616f5f70726f6a65746f7c613a313a7b733a31343a22636f6469676f5f70726f6a65746f223b733a313a2233223b7d5f5f63695f766172737c613a313a7b733a32303a2261646963696f6e61725f616f5f70726f6a65746f223b733a333a226e6577223b7d),
('b5202fcfb53a96afe05a250fd2013813ef4a5cd1', '::1', 1455897650, 0x5f5f63695f6c6173745f726567656e65726174657c693a313435353839373630373b636f6469676f5f7573756172696f7c733a313a2236223b6c6f67696e7c733a363a226e656e65746f223b6e6f6d657c733a373a22416e746f6e696f223b736f6272656e6f6d657c733a343a224e65746f223b636f6469676f5f70657266696c7c733a313a2232223b636f6469676f5f7374617475737c733a313a2231223b6172717569766f5f6176617461727c733a31303a226e656e65746f2e6a7067223b6c6f6761646f7c623a313b676572656e636961725f70726f6a65746f2d317c613a313a7b733a31343a22636f6469676f5f70726f6a65746f223b733a313a2231223b7d676572656e636961725f746172656661732d317c613a313a7b733a31343a22636f6469676f5f70726f6a65746f223b733a313a2231223b7d676572656e636961725f70726f6a65746f2d377c613a313a7b733a31343a22636f6469676f5f70726f6a65746f223b733a313a2237223b7d676572656e636961725f746172656661732d377c613a313a7b733a31343a22636f6469676f5f70726f6a65746f223b733a313a2237223b7d676572656e636961725f70726f6a65746f2d327c613a313a7b733a31343a22636f6469676f5f70726f6a65746f223b733a313a2232223b7d676572656e636961725f746172656661732d327c613a313a7b733a31343a22636f6469676f5f70726f6a65746f223b733a313a2232223b7d676572656e636961725f70726f6a65746f2d367c613a313a7b733a31343a22636f6469676f5f70726f6a65746f223b733a313a2236223b7d676572656e636961725f746172656661732d367c613a313a7b733a31343a22636f6469676f5f70726f6a65746f223b733a313a2236223b7d676572656e636961725f70726f6a65746f2d357c613a313a7b733a31343a22636f6469676f5f70726f6a65746f223b733a313a2235223b7d676572656e636961725f746172656661732d357c613a313a7b733a31343a22636f6469676f5f70726f6a65746f223b733a313a2235223b7d),
('b672bd6344323ec789f2bec379d1d649db7b1f37', '::1', 1455899729, 0x5f5f63695f6c6173745f726567656e65726174657c693a313435353839393732393b),
('b7a6d3131db843c6b705c1c8b13df4f01248b58b', '::1', 1455717524, 0x5f5f63695f6c6173745f726567656e65726174657c693a313435353731373332383b636f6469676f5f7573756172696f7c733a313a2236223b6c6f67696e7c733a363a226e656e65746f223b6e6f6d657c733a373a22416e746f6e696f223b736f6272656e6f6d657c733a343a224e65746f223b636f6469676f5f70657266696c7c733a313a2232223b636f6469676f5f7374617475737c733a313a2231223b6172717569766f5f6176617461727c733a31303a226e656e65746f2e6a7067223b6c6f6761646f7c623a313b676572656e636961725f70726f6a65746f2d317c613a313a7b733a31343a22636f6469676f5f70726f6a65746f223b733a313a2231223b7d676572656e636961725f746172656661732d317c613a313a7b733a31343a22636f6469676f5f70726f6a65746f223b733a313a2231223b7d676572656e636961725f70726f6a65746f2d337c613a313a7b733a31343a22636f6469676f5f70726f6a65746f223b733a313a2233223b7d676572656e636961725f746172656661732d337c613a313a7b733a31343a22636f6469676f5f70726f6a65746f223b733a313a2233223b7d676572656e636961725f70726f6a65746f2d327c613a313a7b733a31343a22636f6469676f5f70726f6a65746f223b733a313a2232223b7d676572656e636961725f746172656661732d327c613a313a7b733a31343a22636f6469676f5f70726f6a65746f223b733a313a2232223b7d),
('c17c73604438a26cb9377f50c87a3a44ea1e32b9', '::1', 1455651719, 0x5f5f63695f6c6173745f726567656e65726174657c693a313435353635313438313b636f6469676f5f7573756172696f7c733a313a2236223b6c6f67696e7c733a363a226e656e65746f223b6e6f6d657c733a373a22416e746f6e696f223b736f6272656e6f6d657c733a343a224e65746f223b636f6469676f5f70657266696c7c733a313a2232223b636f6469676f5f7374617475737c733a313a2231223b6172717569766f5f6176617461727c733a31303a226e656e65746f2e6a7067223b6c6f6761646f7c623a313b676572656e636961725f70726f6a65746f2d317c613a313a7b733a31343a22636f6469676f5f70726f6a65746f223b733a313a2231223b7d676572656e636961725f746172656661732d317c613a313a7b733a31343a22636f6469676f5f70726f6a65746f223b733a313a2231223b7d676572656e636961725f70726f6a65746f2d337c613a313a7b733a31343a22636f6469676f5f70726f6a65746f223b733a313a2233223b7d676572656e636961725f746172656661732d337c613a313a7b733a31343a22636f6469676f5f70726f6a65746f223b733a313a2233223b7d676572656e636961725f70726f6a65746f2d327c613a313a7b733a31343a22636f6469676f5f70726f6a65746f223b733a313a2232223b7d676572656e636961725f746172656661732d327c613a313a7b733a31343a22636f6469676f5f70726f6a65746f223b733a313a2232223b7d),
('cc806bc73d31a6afdb1daae44cd835de3411d520', '::1', 1455650750, 0x5f5f63695f6c6173745f726567656e65726174657c693a313435353635303432303b636f6469676f5f7573756172696f7c733a313a2236223b6c6f67696e7c733a363a226e656e65746f223b6e6f6d657c733a373a22416e746f6e696f223b736f6272656e6f6d657c733a343a224e65746f223b636f6469676f5f70657266696c7c733a313a2232223b636f6469676f5f7374617475737c733a313a2231223b6172717569766f5f6176617461727c733a31303a226e656e65746f2e6a7067223b6c6f6761646f7c623a313b676572656e636961725f70726f6a65746f2d317c613a313a7b733a31343a22636f6469676f5f70726f6a65746f223b733a313a2231223b7d676572656e636961725f746172656661732d317c613a313a7b733a31343a22636f6469676f5f70726f6a65746f223b733a313a2231223b7d676572656e636961725f70726f6a65746f2d337c613a313a7b733a31343a22636f6469676f5f70726f6a65746f223b733a313a2233223b7d676572656e636961725f746172656661732d337c613a313a7b733a31343a22636f6469676f5f70726f6a65746f223b733a313a2233223b7d676572656e636961725f70726f6a65746f2d327c613a313a7b733a31343a22636f6469676f5f70726f6a65746f223b733a313a2232223b7d676572656e636961725f746172656661732d327c613a313a7b733a31343a22636f6469676f5f70726f6a65746f223b733a313a2232223b7d),
('d4809384402972772c160fdb451e97a542617b25', '::1', 1455713027, 0x5f5f63695f6c6173745f726567656e65726174657c693a313435353731323732393b636f6469676f5f7573756172696f7c733a313a2236223b6c6f67696e7c733a363a226e656e65746f223b6e6f6d657c733a373a22416e746f6e696f223b736f6272656e6f6d657c733a343a224e65746f223b636f6469676f5f70657266696c7c733a313a2232223b636f6469676f5f7374617475737c733a313a2231223b6172717569766f5f6176617461727c733a31303a226e656e65746f2e6a7067223b6c6f6761646f7c623a313b676572656e636961725f70726f6a65746f2d317c613a313a7b733a31343a22636f6469676f5f70726f6a65746f223b733a313a2231223b7d676572656e636961725f746172656661732d317c613a313a7b733a31343a22636f6469676f5f70726f6a65746f223b733a313a2231223b7d676572656e636961725f70726f6a65746f2d337c613a313a7b733a31343a22636f6469676f5f70726f6a65746f223b733a313a2233223b7d676572656e636961725f746172656661732d337c613a313a7b733a31343a22636f6469676f5f70726f6a65746f223b733a313a2233223b7d676572656e636961725f70726f6a65746f2d327c613a313a7b733a31343a22636f6469676f5f70726f6a65746f223b733a313a2232223b7d676572656e636961725f746172656661732d327c613a313a7b733a31343a22636f6469676f5f70726f6a65746f223b733a313a2232223b7d),
('d5d4a4d4325004201fc06f273f8284da8d1bbdae', '::1', 1455651479, 0x5f5f63695f6c6173745f726567656e65726174657c693a313435353635313131333b636f6469676f5f7573756172696f7c733a313a2236223b6c6f67696e7c733a363a226e656e65746f223b6e6f6d657c733a373a22416e746f6e696f223b736f6272656e6f6d657c733a343a224e65746f223b636f6469676f5f70657266696c7c733a313a2232223b636f6469676f5f7374617475737c733a313a2231223b6172717569766f5f6176617461727c733a31303a226e656e65746f2e6a7067223b6c6f6761646f7c623a313b676572656e636961725f70726f6a65746f2d317c613a313a7b733a31343a22636f6469676f5f70726f6a65746f223b733a313a2231223b7d676572656e636961725f746172656661732d317c613a313a7b733a31343a22636f6469676f5f70726f6a65746f223b733a313a2231223b7d676572656e636961725f70726f6a65746f2d337c613a313a7b733a31343a22636f6469676f5f70726f6a65746f223b733a313a2233223b7d676572656e636961725f746172656661732d337c613a313a7b733a31343a22636f6469676f5f70726f6a65746f223b733a313a2233223b7d676572656e636961725f70726f6a65746f2d327c613a313a7b733a31343a22636f6469676f5f70726f6a65746f223b733a313a2232223b7d676572656e636961725f746172656661732d327c613a313a7b733a31343a22636f6469676f5f70726f6a65746f223b733a313a2232223b7d),
('d811c79b7bb4c8d5a114c199d96c262818e7081b', '::1', 1455816089, 0x5f5f63695f6c6173745f726567656e65726174657c693a313435353831353931323b636f6469676f5f7573756172696f7c733a313a2236223b6c6f67696e7c733a363a226e656e65746f223b6e6f6d657c733a373a22416e746f6e696f223b736f6272656e6f6d657c733a343a224e65746f223b636f6469676f5f70657266696c7c733a313a2232223b636f6469676f5f7374617475737c733a313a2231223b6172717569766f5f6176617461727c733a31303a226e656e65746f2e6a7067223b6c6f6761646f7c623a313b676572656e636961725f70726f6a65746f2d317c613a313a7b733a31343a22636f6469676f5f70726f6a65746f223b733a313a2231223b7d676572656e636961725f746172656661732d317c613a313a7b733a31343a22636f6469676f5f70726f6a65746f223b733a313a2231223b7d676572656e636961725f70726f6a65746f2d327c613a313a7b733a31343a22636f6469676f5f70726f6a65746f223b733a313a2232223b7d676572656e636961725f746172656661732d327c613a313a7b733a31343a22636f6469676f5f70726f6a65746f223b733a313a2232223b7d),
('de323230fd8f080ce5e6acc586aaf60fffdb01d3', '::1', 1455639914, 0x5f5f63695f6c6173745f726567656e65726174657c693a313435353633393735373b636f6469676f5f7573756172696f7c733a313a2236223b6c6f67696e7c733a363a226e656e65746f223b6e6f6d657c733a373a22416e746f6e696f223b736f6272656e6f6d657c733a343a224e65746f223b636f6469676f5f70657266696c7c733a313a2232223b636f6469676f5f7374617475737c733a313a2231223b6172717569766f5f6176617461727c733a31303a226e656e65746f2e6a7067223b6c6f6761646f7c623a313b676572656e636961725f70726f6a65746f2d317c613a313a7b733a31343a22636f6469676f5f70726f6a65746f223b733a313a2231223b7d676572656e636961725f746172656661732d317c613a313a7b733a31343a22636f6469676f5f70726f6a65746f223b733a313a2231223b7d676572656e636961725f70726f6a65746f2d337c613a313a7b733a31343a22636f6469676f5f70726f6a65746f223b733a313a2233223b7d676572656e636961725f746172656661732d337c613a313a7b733a31343a22636f6469676f5f70726f6a65746f223b733a313a2233223b7d676572656e636961725f70726f6a65746f2d327c613a313a7b733a31343a22636f6469676f5f70726f6a65746f223b733a313a2232223b7d676572656e636961725f746172656661732d327c613a313a7b733a31343a22636f6469676f5f70726f6a65746f223b733a313a2232223b7d),
('e283e5aa299706890e564c72417097d6716f31d7', '::1', 1455713215, 0x5f5f63695f6c6173745f726567656e65726174657c693a313435353731333033313b636f6469676f5f7573756172696f7c733a313a2236223b6c6f67696e7c733a363a226e656e65746f223b6e6f6d657c733a373a22416e746f6e696f223b736f6272656e6f6d657c733a343a224e65746f223b636f6469676f5f70657266696c7c733a313a2232223b636f6469676f5f7374617475737c733a313a2231223b6172717569766f5f6176617461727c733a31303a226e656e65746f2e6a7067223b6c6f6761646f7c623a313b676572656e636961725f70726f6a65746f2d317c613a313a7b733a31343a22636f6469676f5f70726f6a65746f223b733a313a2231223b7d676572656e636961725f746172656661732d317c613a313a7b733a31343a22636f6469676f5f70726f6a65746f223b733a313a2231223b7d676572656e636961725f70726f6a65746f2d337c613a313a7b733a31343a22636f6469676f5f70726f6a65746f223b733a313a2233223b7d676572656e636961725f746172656661732d337c613a313a7b733a31343a22636f6469676f5f70726f6a65746f223b733a313a2233223b7d676572656e636961725f70726f6a65746f2d327c613a313a7b733a31343a22636f6469676f5f70726f6a65746f223b733a313a2232223b7d676572656e636961725f746172656661732d327c613a313a7b733a31343a22636f6469676f5f70726f6a65746f223b733a313a2232223b7d),
('e3afaadecde707e626ea01229f211f01304a899f', '::1', 1455737811, 0x5f5f63695f6c6173745f726567656e65726174657c693a313435353733373531373b636f6469676f5f7573756172696f7c733a313a2236223b6c6f67696e7c733a363a226e656e65746f223b6e6f6d657c733a373a22416e746f6e696f223b736f6272656e6f6d657c733a343a224e65746f223b636f6469676f5f70657266696c7c733a313a2232223b636f6469676f5f7374617475737c733a313a2231223b6172717569766f5f6176617461727c733a31303a226e656e65746f2e6a7067223b6c6f6761646f7c623a313b676572656e636961725f70726f6a65746f2d317c613a313a7b733a31343a22636f6469676f5f70726f6a65746f223b733a313a2231223b7d676572656e636961725f746172656661732d317c613a313a7b733a31343a22636f6469676f5f70726f6a65746f223b733a313a2231223b7d676572656e636961725f70726f6a65746f2d337c613a313a7b733a31343a22636f6469676f5f70726f6a65746f223b733a313a2233223b7d676572656e636961725f746172656661732d337c613a313a7b733a31343a22636f6469676f5f70726f6a65746f223b733a313a2233223b7d),
('e80f210cd3a29a1a25ec31f241c0b99ca411a619', '10.108.2.1', 1455888353, 0x5f5f63695f6c6173745f726567656e65726174657c693a313435353838373736323b636f6469676f5f7573756172696f7c733a313a2236223b6c6f67696e7c733a363a226e656e65746f223b6e6f6d657c733a373a22416e746f6e696f223b736f6272656e6f6d657c733a343a224e65746f223b636f6469676f5f70657266696c7c733a313a2232223b636f6469676f5f7374617475737c733a313a2231223b6172717569766f5f6176617461727c733a31303a226e656e65746f2e6a7067223b6c6f6761646f7c623a313b676572656e636961725f70726f6a65746f2d317c613a313a7b733a31343a22636f6469676f5f70726f6a65746f223b733a313a2231223b7d676572656e636961725f746172656661732d317c613a313a7b733a31343a22636f6469676f5f70726f6a65746f223b733a313a2231223b7d676572656e636961725f70726f6a65746f2d327c613a313a7b733a31343a22636f6469676f5f70726f6a65746f223b733a313a2232223b7d676572656e636961725f746172656661732d327c613a313a7b733a31343a22636f6469676f5f70726f6a65746f223b733a313a2232223b7d676572656e636961725f70726f6a65746f2d367c613a313a7b733a31343a22636f6469676f5f70726f6a65746f223b733a313a2236223b7d676572656e636961725f746172656661732d367c613a313a7b733a31343a22636f6469676f5f70726f6a65746f223b733a313a2236223b7d676572656e636961725f70726f6a65746f2d357c613a313a7b733a31343a22636f6469676f5f70726f6a65746f223b733a313a2235223b7d676572656e636961725f746172656661732d357c613a313a7b733a31343a22636f6469676f5f70726f6a65746f223b733a313a2235223b7d676572656e636961725f70726f6a65746f2d377c613a313a7b733a31343a22636f6469676f5f70726f6a65746f223b733a313a2237223b7d676572656e636961725f746172656661732d377c613a313a7b733a31343a22636f6469676f5f70726f6a65746f223b733a313a2237223b7d),
('ee51c2c061de19b65ba69bd80f304a19242d99e8', '10.108.2.1', 1455888974, 0x5f5f63695f6c6173745f726567656e65726174657c693a313435353838383539393b636f6469676f5f7573756172696f7c733a313a2236223b6c6f67696e7c733a363a226e656e65746f223b6e6f6d657c733a373a22416e746f6e696f223b736f6272656e6f6d657c733a343a224e65746f223b636f6469676f5f70657266696c7c733a313a2232223b636f6469676f5f7374617475737c733a313a2231223b6172717569766f5f6176617461727c733a31303a226e656e65746f2e6a7067223b6c6f6761646f7c623a313b676572656e636961725f70726f6a65746f2d317c613a313a7b733a31343a22636f6469676f5f70726f6a65746f223b733a313a2231223b7d676572656e636961725f746172656661732d317c613a313a7b733a31343a22636f6469676f5f70726f6a65746f223b733a313a2231223b7d676572656e636961725f70726f6a65746f2d377c613a313a7b733a31343a22636f6469676f5f70726f6a65746f223b733a313a2237223b7d676572656e636961725f746172656661732d377c613a313a7b733a31343a22636f6469676f5f70726f6a65746f223b733a313a2237223b7d676572656e636961725f70726f6a65746f2d327c613a313a7b733a31343a22636f6469676f5f70726f6a65746f223b733a313a2232223b7d676572656e636961725f746172656661732d327c613a313a7b733a31343a22636f6469676f5f70726f6a65746f223b733a313a2232223b7d676572656e636961725f70726f6a65746f2d367c613a313a7b733a31343a22636f6469676f5f70726f6a65746f223b733a313a2236223b7d676572656e636961725f746172656661732d367c613a313a7b733a31343a22636f6469676f5f70726f6a65746f223b733a313a2236223b7d676572656e636961725f70726f6a65746f2d357c613a313a7b733a31343a22636f6469676f5f70726f6a65746f223b733a313a2235223b7d676572656e636961725f746172656661732d357c613a313a7b733a31343a22636f6469676f5f70726f6a65746f223b733a313a2235223b7d),
('f31fd399468505fec71eb9cc527fdbaf235d13ea', '::1', 1455650764, 0x5f5f63695f6c6173745f726567656e65726174657c693a313435353635303735313b636f6469676f5f7573756172696f7c733a313a2236223b6c6f67696e7c733a363a226e656e65746f223b6e6f6d657c733a373a22416e746f6e696f223b736f6272656e6f6d657c733a343a224e65746f223b636f6469676f5f70657266696c7c733a313a2232223b636f6469676f5f7374617475737c733a313a2231223b6172717569766f5f6176617461727c733a31303a226e656e65746f2e6a7067223b6c6f6761646f7c623a313b676572656e636961725f70726f6a65746f2d317c613a313a7b733a31343a22636f6469676f5f70726f6a65746f223b733a313a2231223b7d676572656e636961725f746172656661732d317c613a313a7b733a31343a22636f6469676f5f70726f6a65746f223b733a313a2231223b7d676572656e636961725f70726f6a65746f2d337c613a313a7b733a31343a22636f6469676f5f70726f6a65746f223b733a313a2233223b7d676572656e636961725f746172656661732d337c613a313a7b733a31343a22636f6469676f5f70726f6a65746f223b733a313a2233223b7d676572656e636961725f70726f6a65746f2d327c613a313a7b733a31343a22636f6469676f5f70726f6a65746f223b733a313a2232223b7d676572656e636961725f746172656661732d327c613a313a7b733a31343a22636f6469676f5f70726f6a65746f223b733a313a2232223b7d),
('f507e761292da5d70cfb33fcd4c037d97583790d', '::1', 1455738458, 0x5f5f63695f6c6173745f726567656e65726174657c693a313435353733383435383b636f6469676f5f7573756172696f7c733a313a2236223b6c6f67696e7c733a363a226e656e65746f223b6e6f6d657c733a373a22416e746f6e696f223b736f6272656e6f6d657c733a343a224e65746f223b636f6469676f5f70657266696c7c733a313a2232223b636f6469676f5f7374617475737c733a313a2231223b6172717569766f5f6176617461727c733a31303a226e656e65746f2e6a7067223b6c6f6761646f7c623a313b676572656e636961725f70726f6a65746f2d317c613a313a7b733a31343a22636f6469676f5f70726f6a65746f223b733a313a2231223b7d676572656e636961725f746172656661732d317c613a313a7b733a31343a22636f6469676f5f70726f6a65746f223b733a313a2231223b7d676572656e636961725f70726f6a65746f2d337c613a313a7b733a31343a22636f6469676f5f70726f6a65746f223b733a313a2233223b7d676572656e636961725f746172656661732d337c613a313a7b733a31343a22636f6469676f5f70726f6a65746f223b733a313a2233223b7d),
('f7ac68bb66e1b9a9ba9d0efb86c40177256f4b1f', '::1', 1455626698, 0x5f5f63695f6c6173745f726567656e65726174657c693a313435353632363534383b636f6469676f5f7573756172696f7c733a313a2236223b6c6f67696e7c733a363a226e656e65746f223b6e6f6d657c733a373a22416e746f6e696f223b736f6272656e6f6d657c733a343a224e65746f223b636f6469676f5f70657266696c7c733a313a2232223b636f6469676f5f7374617475737c733a313a2231223b6172717569766f5f6176617461727c733a31303a226e656e65746f2e6a7067223b6c6f6761646f7c623a313b676572656e636961725f70726f6a65746f2d317c613a313a7b733a31343a22636f6469676f5f70726f6a65746f223b733a313a2231223b7d676572656e636961725f746172656661732d317c613a313a7b733a31343a22636f6469676f5f70726f6a65746f223b733a313a2231223b7d676572656e636961725f70726f6a65746f2d337c613a313a7b733a31343a22636f6469676f5f70726f6a65746f223b733a313a2233223b7d676572656e636961725f746172656661732d337c613a313a7b733a31343a22636f6469676f5f70726f6a65746f223b733a313a2233223b7d676572656e636961725f70726f6a65746f2d327c613a313a7b733a31343a22636f6469676f5f70726f6a65746f223b733a313a2232223b7d676572656e636961725f746172656661732d327c613a313a7b733a31343a22636f6469676f5f70726f6a65746f223b733a313a2232223b7d),
('fa6e78d1d4b4d0047a5f22b212fdaf7ecb11ca66', '::1', 1455823144, 0x5f5f63695f6c6173745f726567656e65726174657c693a313435353832323839393b636f6469676f5f7573756172696f7c733a313a2236223b6c6f67696e7c733a363a226e656e65746f223b6e6f6d657c733a373a22416e746f6e696f223b736f6272656e6f6d657c733a343a224e65746f223b636f6469676f5f70657266696c7c733a313a2232223b636f6469676f5f7374617475737c733a313a2231223b6172717569766f5f6176617461727c733a31303a226e656e65746f2e6a7067223b6c6f6761646f7c623a313b676572656e636961725f70726f6a65746f2d317c613a313a7b733a31343a22636f6469676f5f70726f6a65746f223b733a313a2231223b7d676572656e636961725f746172656661732d317c613a313a7b733a31343a22636f6469676f5f70726f6a65746f223b733a313a2231223b7d676572656e636961725f70726f6a65746f2d327c613a313a7b733a31343a22636f6469676f5f70726f6a65746f223b733a313a2232223b7d676572656e636961725f746172656661732d327c613a313a7b733a31343a22636f6469676f5f70726f6a65746f223b733a313a2232223b7d676572656e636961725f70726f6a65746f2d337c613a313a7b733a31343a22636f6469676f5f70726f6a65746f223b733a313a2233223b7d676572656e636961725f746172656661732d337c613a313a7b733a31343a22636f6469676f5f70726f6a65746f223b733a313a2233223b7d676572656e636961725f70726f6a65746f2d347c613a313a7b733a31343a22636f6469676f5f70726f6a65746f223b733a313a2234223b7d676572656e636961725f746172656661732d347c613a313a7b733a31343a22636f6469676f5f70726f6a65746f223b733a313a2234223b7d676572656e636961725f70726f6a65746f2d357c613a313a7b733a31343a22636f6469676f5f70726f6a65746f223b733a313a2235223b7d676572656e636961725f746172656661732d357c613a313a7b733a31343a22636f6469676f5f70726f6a65746f223b733a313a2235223b7d61646963696f6e61725f616f5f70726f6a65746f7c613a313a7b733a31343a22636f6469676f5f70726f6a65746f223b693a363b7d5f5f63695f766172737c613a313a7b733a32303a2261646963696f6e61725f616f5f70726f6a65746f223b733a333a226f6c64223b7d676572656e636961725f70726f6a65746f2d367c613a313a7b733a31343a22636f6469676f5f70726f6a65746f223b733a313a2236223b7d676572656e636961725f746172656661732d367c613a313a7b733a31343a22636f6469676f5f70726f6a65746f223b733a313a2236223b7d),
('fc42f48722a1af497f30bc724a8aebc9ba6cdf9c', '::1', 1455825888, 0x5f5f63695f6c6173745f726567656e65726174657c693a313435353832353838383b),
('fc5d27256b970e875c1239e86873742b3cca3beb', '::1', 1455815576, 0x5f5f63695f6c6173745f726567656e65726174657c693a313435353831353237363b636f6469676f5f7573756172696f7c733a313a2236223b6c6f67696e7c733a363a226e656e65746f223b6e6f6d657c733a373a22416e746f6e696f223b736f6272656e6f6d657c733a343a224e65746f223b636f6469676f5f70657266696c7c733a313a2232223b636f6469676f5f7374617475737c733a313a2231223b6172717569766f5f6176617461727c733a31303a226e656e65746f2e6a7067223b6c6f6761646f7c623a313b676572656e636961725f70726f6a65746f2d317c613a313a7b733a31343a22636f6469676f5f70726f6a65746f223b733a313a2231223b7d676572656e636961725f746172656661732d317c613a313a7b733a31343a22636f6469676f5f70726f6a65746f223b733a313a2231223b7d676572656e636961725f70726f6a65746f2d327c613a313a7b733a31343a22636f6469676f5f70726f6a65746f223b733a313a2232223b7d676572656e636961725f746172656661732d327c613a313a7b733a31343a22636f6469676f5f70726f6a65746f223b733a313a2232223b7d);

-- --------------------------------------------------------

--
-- Estrutura da tabela `observacoes_resposta`
--

CREATE TABLE IF NOT EXISTS `observacoes_resposta` (
  `codigo` int(11) NOT NULL,
  `codigo_observacao` int(11) NOT NULL,
  `resposta` varchar(500) NOT NULL,
  `data_resposta` date DEFAULT NULL,
  `inserido_por` int(11) DEFAULT NULL
) ENGINE=InnoDB AUTO_INCREMENT=7 DEFAULT CHARSET=latin1;

--
-- Extraindo dados da tabela `observacoes_resposta`
--

INSERT INTO `observacoes_resposta` (`codigo`, `codigo_observacao`, `resposta`, `data_resposta`, `inserido_por`) VALUES
(1, 1, 'Márcio, verifiquei e está tudo ok.', '2016-02-18', 6),
(2, 2, 'ok', '2016-02-18', 6),
(3, 3, 'Aceito', '2016-02-18', 6),
(4, 4, 'Valeu vini', '2016-02-19', 6),
(5, 8, 'Sim, valeu!', '2016-02-19', 15),
(6, 10, 'valeu by luiza', '2016-02-19', 15);

-- --------------------------------------------------------

--
-- Estrutura da tabela `observacoes_status`
--

CREATE TABLE IF NOT EXISTS `observacoes_status` (
  `codigo` int(11) NOT NULL,
  `nome` varchar(100) NOT NULL
) ENGINE=InnoDB AUTO_INCREMENT=5 DEFAULT CHARSET=latin1;

--
-- Extraindo dados da tabela `observacoes_status`
--

INSERT INTO `observacoes_status` (`codigo`, `nome`) VALUES
(1, 'Em andamento'),
(2, 'Aceita'),
(3, 'Negada'),
(4, 'Finalização forçada');

-- --------------------------------------------------------

--
-- Estrutura da tabela `observacoes_tipo`
--

CREATE TABLE IF NOT EXISTS `observacoes_tipo` (
  `codigo` int(11) NOT NULL,
  `tipo` varchar(100) NOT NULL
) ENGINE=InnoDB AUTO_INCREMENT=4 DEFAULT CHARSET=latin1;

--
-- Extraindo dados da tabela `observacoes_tipo`
--

INSERT INTO `observacoes_tipo` (`codigo`, `tipo`) VALUES
(1, 'Finalização'),
(2, 'Extensão de Prazo'),
(3, 'Finalização Forçada');

-- --------------------------------------------------------

--
-- Estrutura da tabela `papel`
--

CREATE TABLE IF NOT EXISTS `papel` (
  `codigo` int(11) NOT NULL,
  `nome` varchar(30) NOT NULL
) ENGINE=InnoDB AUTO_INCREMENT=4 DEFAULT CHARSET=latin1;

--
-- Extraindo dados da tabela `papel`
--

INSERT INTO `papel` (`codigo`, `nome`) VALUES
(1, 'Líder'),
(2, 'Participante'),
(3, 'Coordenador');

-- --------------------------------------------------------

--
-- Estrutura da tabela `perfil`
--

CREATE TABLE IF NOT EXISTS `perfil` (
  `codigo` int(11) NOT NULL,
  `nome` varchar(30) NOT NULL
) ENGINE=InnoDB AUTO_INCREMENT=3 DEFAULT CHARSET=latin1;

--
-- Extraindo dados da tabela `perfil`
--

INSERT INTO `perfil` (`codigo`, `nome`) VALUES
(1, 'User'),
(2, 'Admin');

-- --------------------------------------------------------

--
-- Estrutura da tabela `projeto`
--

CREATE TABLE IF NOT EXISTS `projeto` (
  `codigo` int(11) NOT NULL,
  `titulo` varchar(100) NOT NULL,
  `descricao` varchar(300) NOT NULL,
  `prioridade` int(11) NOT NULL,
  `data_inicio` date NOT NULL,
  `data_prazo` date NOT NULL,
  `data_fim` date DEFAULT NULL,
  `criado_por` int(11) NOT NULL,
  `codigo_status` int(11) NOT NULL
) ENGINE=InnoDB AUTO_INCREMENT=8 DEFAULT CHARSET=latin1;

--
-- Extraindo dados da tabela `projeto`
--

INSERT INTO `projeto` (`codigo`, `titulo`, `descricao`, `prioridade`, `data_inicio`, `data_prazo`, `data_fim`, `criado_por`, `codigo_status`) VALUES
(1, 'Projeto Básico - Sistema de Monitoramento', 'Este projeto traduz novos requisitos de serviços mapeados pela Secretaria de Comunicação e busca implantar uma dina?mica de gesta?o de dados, informac?o?es, noti?cias e conteu?dos de imprensa e mi?dias sociais sobre o Governo do Estado do Pará que auxiliara?o a tomada de deciso?es estrate?gicas, at', 1, '2016-02-18', '2016-02-19', NULL, 0, 1),
(2, 'Demandas de Fevereiro', 'Neste projeto devem ser colocadas as demandas rápidas do mês.', 2, '2016-02-01', '2016-02-29', NULL, 0, 1),
(4, 'Teste Encerramento Singular', 'Teste para quando usuário tem apenas uma tarefa.', 2, '2016-02-18', '2016-02-19', NULL, 0, 1),
(5, 'Feira do Livro', 'Este projeto deve englobar as atividades relacionadas a Feira do Livro 2016', 3, '2016-02-18', '2016-04-30', NULL, 6, 1),
(6, 'Dia Mundial da Água', 'Criar campanha do dia Mundial da Água', 2, '2016-02-18', '2016-03-10', NULL, 0, 1),
(7, 'Aplicativo Agência ', 'Definir metas aplicativo', 3, '2016-02-19', '2016-02-29', NULL, 0, 1);

-- --------------------------------------------------------

--
-- Estrutura da tabela `projeto_tarefa`
--

CREATE TABLE IF NOT EXISTS `projeto_tarefa` (
  `codigo` int(11) NOT NULL,
  `codigo_projeto` int(11) NOT NULL,
  `codigo_tarefa` int(11) NOT NULL
) ENGINE=InnoDB DEFAULT CHARSET=latin1;

-- --------------------------------------------------------

--
-- Estrutura da tabela `status`
--

CREATE TABLE IF NOT EXISTS `status` (
  `codigo` int(11) NOT NULL,
  `nome` varchar(30) NOT NULL
) ENGINE=InnoDB DEFAULT CHARSET=latin1;

--
-- Extraindo dados da tabela `status`
--

INSERT INTO `status` (`codigo`, `nome`) VALUES
(0, 'Desativado'),
(1, 'Ativado');

-- --------------------------------------------------------

--
-- Estrutura da tabela `tarefa`
--

CREATE TABLE IF NOT EXISTS `tarefa` (
  `codigo` int(11) NOT NULL,
  `titulo` varchar(100) NOT NULL,
  `descricao` varchar(300) NOT NULL,
  `prioridade` int(1) NOT NULL,
  `data_inicio` date NOT NULL,
  `data_prazo` date NOT NULL,
  `data_fim` date DEFAULT NULL,
  `encerrada` tinyint(4) DEFAULT NULL,
  `encerrada_por` int(11) DEFAULT NULL,
  `criado_por` int(11) NOT NULL,
  `codigo_projeto` int(11) NOT NULL,
  `codigo_usuario` int(11) NOT NULL,
  `codigo_status` int(11) NOT NULL
) ENGINE=InnoDB AUTO_INCREMENT=14 DEFAULT CHARSET=latin1;

--
-- Extraindo dados da tabela `tarefa`
--

INSERT INTO `tarefa` (`codigo`, `titulo`, `descricao`, `prioridade`, `data_inicio`, `data_prazo`, `data_fim`, `encerrada`, `encerrada_por`, `criado_por`, `codigo_projeto`, `codigo_usuario`, `codigo_status`) VALUES
(1, 'Inserir Projeto no site da SECOM', 'Criar uma notícia e disponibilizar um link para download do Projeto em PDF.', 1, '2016-02-18', '2016-02-19', NULL, 1, 6, 6, 1, 5, 0),
(2, 'Manual de Identidade do Governo Para? Offline', 'Disponibilizar no site da SECOM, dentro da aba ', 1, '2016-02-18', '2016-02-19', '2016-02-19', 1, 6, 0, 2, 8, 1),
(4, 'demanda zek', 'do zek', 2, '2016-02-19', '2016-02-20', NULL, NULL, NULL, 0, 2, 14, 1),
(5, 'Teste', 'teste', 3, '2016-02-19', '2016-02-20', NULL, 1, 15, 15, 7, 15, 0),
(6, 'zek', 'zek', 2, '2016-02-19', '2016-02-20', NULL, 1, 6, 15, 7, 14, 0),
(7, 'igor', 'igor', 3, '2016-02-19', '2016-02-20', '2016-02-19', 1, 15, 6, 7, 4, 1),
(8, 'Teste Joao', 'Joao', 2, '2016-02-19', '2016-02-20', '2016-02-19', 1, 15, 15, 7, 7, 1),
(9, 'Luiza', 'Luiza', 3, '2016-02-19', '2016-02-20', NULL, 1, 6, 15, 7, 15, 0),
(10, 'luiza2', 'luiza', 2, '2016-02-19', '2016-02-22', NULL, 1, 15, 15, 7, 15, 0),
(11, 'luiza31', 'fechada por neto', 3, '2016-02-19', '2016-02-23', NULL, 1, 6, 15, 7, 15, 0),
(12, 'luiza por luiza', 'luiza por luiza', 2, '2016-02-19', '2016-02-20', NULL, 1, 6, 6, 7, 15, 0),
(13, 'luiza por lu', 'po', 2, '2016-02-19', '2016-02-20', NULL, 1, 15, 15, 7, 15, 0);

-- --------------------------------------------------------

--
-- Estrutura da tabela `tarefa_observacoes`
--

CREATE TABLE IF NOT EXISTS `tarefa_observacoes` (
  `codigo` int(11) NOT NULL,
  `observacao` varchar(500) NOT NULL,
  `data_criada` date NOT NULL,
  `codigo_tipo` int(11) NOT NULL,
  `codigo_status_obs` int(11) DEFAULT NULL,
  `codigo_tarefa` int(11) NOT NULL,
  `inserido_por` int(11) NOT NULL
) ENGINE=InnoDB AUTO_INCREMENT=15 DEFAULT CHARSET=latin1;

--
-- Extraindo dados da tabela `tarefa_observacoes`
--

INSERT INTO `tarefa_observacoes` (`codigo`, `observacao`, `data_criada`, `codigo_tipo`, `codigo_status_obs`, `codigo_tarefa`, `inserido_por`) VALUES
(1, 'Terminei, valeu', '2016-02-18', 1, 2, 3, 5),
(2, 'E ai?', '2016-02-18', 1, 2, 4, 5),
(3, 'TERMINEI, VALEU?', '2016-02-18', 1, 2, 5, 7),
(4, 'Terminei valeu?', '2016-02-19', 1, 2, 2, 8),
(5, 'Cancelo', '2016-02-19', 3, 4, 1, 6),
(6, 'teste', '2016-02-19', 3, 4, 5, 15),
(7, 'finalizei', '2016-02-19', 3, 4, 6, 6),
(8, 'terminei, valeu?', '2016-02-19', 1, 2, 7, 4),
(9, 'teste', '2016-02-19', 3, 4, 9, 6),
(10, 'terminei, joao?', '2016-02-19', 1, 2, 8, 7),
(11, 'teste por luiza força', '2016-02-19', 3, 4, 10, 15),
(12, 'teste fechou neto', '2016-02-19', 3, 4, 11, 6),
(13, 'eu by luiza', '2016-02-19', 3, 4, 12, 6),
(14, 'luiza fecha', '2016-02-19', 3, 4, 13, 15);

-- --------------------------------------------------------

--
-- Estrutura da tabela `usuario`
--

CREATE TABLE IF NOT EXISTS `usuario` (
  `codigo` int(11) NOT NULL,
  `login` varchar(15) NOT NULL,
  `senha` varchar(100) NOT NULL,
  `email` varchar(100) NOT NULL,
  `nome` varchar(30) NOT NULL,
  `sobrenome` varchar(30) NOT NULL,
  `data_nascimento` date NOT NULL,
  `arquivo_avatar` varchar(200) NOT NULL,
  `data_criado` date NOT NULL,
  `codigo_funcao` int(11) NOT NULL,
  `codigo_perfil` int(11) NOT NULL,
  `codigo_status` int(11) NOT NULL
) ENGINE=InnoDB AUTO_INCREMENT=16 DEFAULT CHARSET=latin1;

--
-- Extraindo dados da tabela `usuario`
--

INSERT INTO `usuario` (`codigo`, `login`, `senha`, `email`, `nome`, `sobrenome`, `data_nascimento`, `arquivo_avatar`, `data_criado`, `codigo_funcao`, `codigo_perfil`, `codigo_status`) VALUES
(4, 'igor', '7c67e713a4b4139702de1a4fac672344', 'igorcha@secom.pa.gov.br', 'Igor', 'Cha', '1975-06-18', 'igor-avatar.jpg', '2015-12-17', 4, 1, 1),
(5, 'mlp', '7c67e713a4b4139702de1a4fac672344', 'marciopassosbel@gmail.com', 'Márcio', 'Passos', '1981-04-13', 'avatar3.jpg', '2015-12-17', 3, 2, 1),
(6, 'neneto', '7c67e713a4b4139702de1a4fac672344', 'antonioneto@secom.pa.gov.br', 'Antonio', 'Neto', '2001-01-01', 'neneto.jpg', '2015-12-17', 1, 2, 1),
(7, 'joao', '7c67e713a4b4139702de1a4fac672344', 'joaolemos@secom.pa.gov.br', 'João', 'Lemos', '1988-10-04', 'joao.jpg', '2015-12-17', 4, 1, 1),
(8, 'vini', '7c67e713a4b4139702de1a4fac672344', 'viniciusmonteiro@secom.pa.gov.br', 'Vinicius', 'Monteiro', '1987-10-18', 'vinicius.jpg', '2015-12-17', 2, 1, 1),
(9, 'italo', '7c67e713a4b4139702de1a4fac672344', 'italo.torres@secom.pa.gov.br', 'Ítalo', 'Torres', '1988-04-22', 'italo.jpg', '2015-12-17', 2, 1, 1),
(10, 'pet', '7c67e713a4b4139702de1a4fac672344', 'pettersonfariassecom@gmail.com', 'Petterson', 'Farias', '1993-12-12', 'pet.jpg', '2015-12-17', 2, 1, 1),
(13, 'nagano', '7c67e713a4b4139702de1a4fac672344', 'marcionagano@secom.pa.gov.br', 'Marcio', 'Ryuichi Nagano', '1991-06-13', 'nagano.jpg', '2016-02-18', 2, 1, 1),
(14, 'zek', '7c67e713a4b4139702de1a4fac672344', 'zeknascimento@secom.pa.gov.br', 'Ezequias', 'Nascimento', '1989-12-04', 'zek2.jpg', '2016-02-18', 3, 1, 1),
(15, 'luiza', '7c67e713a4b4139702de1a4fac672344', 'luizacoutinhosecom@gmail.com', 'Luiza', 'Coutinho', '1991-03-25', 'luiza2.jpg', '2016-02-18', 2, 1, 1);

-- --------------------------------------------------------

--
-- Estrutura da tabela `usuario_acesso`
--

CREATE TABLE IF NOT EXISTS `usuario_acesso` (
  `codigo` int(11) NOT NULL,
  `codigo_usuario` int(11) NOT NULL,
  `data_acesso` timestamp NOT NULL DEFAULT CURRENT_TIMESTAMP
) ENGINE=InnoDB DEFAULT CHARSET=latin1;

-- --------------------------------------------------------

--
-- Estrutura da tabela `usuario_funcao`
--

CREATE TABLE IF NOT EXISTS `usuario_funcao` (
  `codigo` int(11) NOT NULL,
  `titulo` varchar(100) NOT NULL
) ENGINE=InnoDB AUTO_INCREMENT=6 DEFAULT CHARSET=latin1;

--
-- Extraindo dados da tabela `usuario_funcao`
--

INSERT INTO `usuario_funcao` (`codigo`, `titulo`) VALUES
(1, 'Diretor'),
(2, 'Assessor de Comunicação'),
(3, 'Analista de Sistemas'),
(4, 'Designer Gráfico'),
(5, 'Estagiário');

-- --------------------------------------------------------

--
-- Estrutura da tabela `usuario_projeto`
--

CREATE TABLE IF NOT EXISTS `usuario_projeto` (
  `codigo` int(11) NOT NULL,
  `codigo_usuario` int(11) NOT NULL,
  `codigo_projeto` int(11) NOT NULL,
  `codigo_papel` int(11) NOT NULL
) ENGINE=InnoDB AUTO_INCREMENT=48 DEFAULT CHARSET=latin1;

--
-- Extraindo dados da tabela `usuario_projeto`
--

INSERT INTO `usuario_projeto` (`codigo`, `codigo_usuario`, `codigo_projeto`, `codigo_papel`) VALUES
(1, 6, 1, 1),
(2, 5, 1, 2),
(3, 6, 2, 1),
(4, 4, 2, 2),
(13, 5, 2, 2),
(19, 15, 1, 2),
(20, 7, 2, 2),
(21, 8, 2, 2),
(22, 9, 2, 2),
(23, 10, 2, 2),
(24, 13, 2, 2),
(25, 14, 2, 2),
(26, 15, 2, 2),
(29, 6, 5, 1),
(30, 5, 5, 2),
(31, 9, 5, 2),
(32, 14, 5, 2),
(33, 6, 6, 1),
(34, 10, 6, 2),
(35, 8, 6, 2),
(37, 6, 7, 1),
(38, 4, 7, 2),
(39, 5, 7, 2),
(40, 7, 7, 2),
(41, 8, 7, 2),
(42, 9, 7, 2),
(43, 10, 7, 2),
(44, 13, 7, 2),
(45, 14, 7, 2),
(47, 15, 7, 1);

-- --------------------------------------------------------

--
-- Estrutura da tabela `usuario_tarefa`
--

CREATE TABLE IF NOT EXISTS `usuario_tarefa` (
  `codigo` int(11) NOT NULL,
  `codigo_usuario` int(11) NOT NULL,
  `codigo_tarefa` int(11) NOT NULL,
  `codigo_papel` int(11) NOT NULL
) ENGINE=InnoDB DEFAULT CHARSET=latin1;

--
-- Indexes for dumped tables
--

--
-- Indexes for table `ci_sessions`
--
ALTER TABLE `ci_sessions`
  ADD PRIMARY KEY (`id`),
  ADD KEY `ci_sessions_timestamp` (`timestamp`);

--
-- Indexes for table `observacoes_resposta`
--
ALTER TABLE `observacoes_resposta`
  ADD PRIMARY KEY (`codigo`);

--
-- Indexes for table `observacoes_status`
--
ALTER TABLE `observacoes_status`
  ADD PRIMARY KEY (`codigo`);

--
-- Indexes for table `observacoes_tipo`
--
ALTER TABLE `observacoes_tipo`
  ADD PRIMARY KEY (`codigo`);

--
-- Indexes for table `papel`
--
ALTER TABLE `papel`
  ADD PRIMARY KEY (`codigo`);

--
-- Indexes for table `perfil`
--
ALTER TABLE `perfil`
  ADD PRIMARY KEY (`codigo`);

--
-- Indexes for table `projeto`
--
ALTER TABLE `projeto`
  ADD PRIMARY KEY (`codigo`);

--
-- Indexes for table `projeto_tarefa`
--
ALTER TABLE `projeto_tarefa`
  ADD PRIMARY KEY (`codigo`);

--
-- Indexes for table `status`
--
ALTER TABLE `status`
  ADD PRIMARY KEY (`codigo`);

--
-- Indexes for table `tarefa`
--
ALTER TABLE `tarefa`
  ADD PRIMARY KEY (`codigo`);

--
-- Indexes for table `tarefa_observacoes`
--
ALTER TABLE `tarefa_observacoes`
  ADD PRIMARY KEY (`codigo`);

--
-- Indexes for table `usuario`
--
ALTER TABLE `usuario`
  ADD PRIMARY KEY (`codigo`);

--
-- Indexes for table `usuario_acesso`
--
ALTER TABLE `usuario_acesso`
  ADD PRIMARY KEY (`codigo`);

--
-- Indexes for table `usuario_funcao`
--
ALTER TABLE `usuario_funcao`
  ADD PRIMARY KEY (`codigo`);

--
-- Indexes for table `usuario_projeto`
--
ALTER TABLE `usuario_projeto`
  ADD PRIMARY KEY (`codigo`);

--
-- Indexes for table `usuario_tarefa`
--
ALTER TABLE `usuario_tarefa`
  ADD PRIMARY KEY (`codigo`);

--
-- AUTO_INCREMENT for dumped tables
--

--
-- AUTO_INCREMENT for table `observacoes_resposta`
--
ALTER TABLE `observacoes_resposta`
  MODIFY `codigo` int(11) NOT NULL AUTO_INCREMENT,AUTO_INCREMENT=7;
--
-- AUTO_INCREMENT for table `observacoes_status`
--
ALTER TABLE `observacoes_status`
  MODIFY `codigo` int(11) NOT NULL AUTO_INCREMENT,AUTO_INCREMENT=5;
--
-- AUTO_INCREMENT for table `observacoes_tipo`
--
ALTER TABLE `observacoes_tipo`
  MODIFY `codigo` int(11) NOT NULL AUTO_INCREMENT,AUTO_INCREMENT=4;
--
-- AUTO_INCREMENT for table `papel`
--
ALTER TABLE `papel`
  MODIFY `codigo` int(11) NOT NULL AUTO_INCREMENT,AUTO_INCREMENT=4;
--
-- AUTO_INCREMENT for table `perfil`
--
ALTER TABLE `perfil`
  MODIFY `codigo` int(11) NOT NULL AUTO_INCREMENT,AUTO_INCREMENT=3;
--
-- AUTO_INCREMENT for table `projeto`
--
ALTER TABLE `projeto`
  MODIFY `codigo` int(11) NOT NULL AUTO_INCREMENT,AUTO_INCREMENT=8;
--
-- AUTO_INCREMENT for table `projeto_tarefa`
--
ALTER TABLE `projeto_tarefa`
  MODIFY `codigo` int(11) NOT NULL AUTO_INCREMENT;
--
-- AUTO_INCREMENT for table `tarefa`
--
ALTER TABLE `tarefa`
  MODIFY `codigo` int(11) NOT NULL AUTO_INCREMENT,AUTO_INCREMENT=14;
--
-- AUTO_INCREMENT for table `tarefa_observacoes`
--
ALTER TABLE `tarefa_observacoes`
  MODIFY `codigo` int(11) NOT NULL AUTO_INCREMENT,AUTO_INCREMENT=15;
--
-- AUTO_INCREMENT for table `usuario`
--
ALTER TABLE `usuario`
  MODIFY `codigo` int(11) NOT NULL AUTO_INCREMENT,AUTO_INCREMENT=16;
--
-- AUTO_INCREMENT for table `usuario_acesso`
--
ALTER TABLE `usuario_acesso`
  MODIFY `codigo` int(11) NOT NULL AUTO_INCREMENT;
--
-- AUTO_INCREMENT for table `usuario_funcao`
--
ALTER TABLE `usuario_funcao`
  MODIFY `codigo` int(11) NOT NULL AUTO_INCREMENT,AUTO_INCREMENT=6;
--
-- AUTO_INCREMENT for table `usuario_projeto`
--
ALTER TABLE `usuario_projeto`
  MODIFY `codigo` int(11) NOT NULL AUTO_INCREMENT,AUTO_INCREMENT=48;
--
-- AUTO_INCREMENT for table `usuario_tarefa`
--
ALTER TABLE `usuario_tarefa`
  MODIFY `codigo` int(11) NOT NULL AUTO_INCREMENT;
/*!40101 SET CHARACTER_SET_CLIENT=@OLD_CHARACTER_SET_CLIENT */;
/*!40101 SET CHARACTER_SET_RESULTS=@OLD_CHARACTER_SET_RESULTS */;
/*!40101 SET COLLATION_CONNECTION=@OLD_COLLATION_CONNECTION */;
